(Marhashi)	OK	31 features	2026-08-21T15:24:16
Abhiras	OK	1 features	2026-08-21T15:24:16
Abilianikhi	OK	2 features	2026-08-21T15:24:16
Abisara	OK	1 features	2026-08-21T15:24:16
Aboriginal Peoples	OK	29 features	2026-08-21T15:24:16
Acarnania	OK	3 features	2026-08-21T15:24:16
Achaea	OK	55 features	2026-08-21T15:24:16
Achaean League	OK	4 features	2026-08-21T15:24:16
Achaeans	OK	4 features	2026-08-21T15:24:16
Adena Culture	OK	1 features	2026-08-21T15:24:16
Aegina	OK	10 features	2026-08-21T15:24:16
Aeniania	OK	3 features	2026-08-21T15:24:16
Aeolian League	OK	8 features	2026-08-21T15:24:16
Aeolians	OK	29 features	2026-08-21T15:24:16
Aequi	OK	40 features	2026-08-21T15:24:16
Aetolia	OK	3 features	2026-08-21T15:25:34
Aetolian League	OK	19 features	2026-08-21T15:25:34
Agathoclid Ally	OK	11 features	2026-08-21T15:25:34
Ahhiya	OK	38 features	2026-08-21T15:25:34
Ainu	OK	1 features	2026-08-21T15:25:34
Aitna	OK	1 features	2026-08-21T15:25:34
Akkadian Empire	OK	216 features	2026-08-21T15:25:34
Akkadian Tributary	OK	47 features	2026-08-21T15:25:34
Akraephia	OK	1 features	2026-08-21T15:25:34
Akragas	OK	24 features	2026-08-21T15:25:34
Alasiya	OK	5 features	2026-08-21T15:25:34
Alavi	OK	1 features	2026-08-21T15:25:34
Albanians	OK	1 features	2026-08-21T15:25:34
Aleuts	OK	1 features	2026-08-21T15:25:34
Alfaterni	OK	3 features	2026-08-21T15:25:34
Allabria	OK	3 features	2026-08-21T15:25:34
Allakappa	OK	1 features	2026-08-21T15:25:34
Allied armies of the Eastern Satraps	OK	1 features	2026-08-21T15:25:34
Alshe	OK	2 features	2026-08-21T15:25:34
Alzi	OK	2 features	2026-08-21T15:25:34
Amazonian Peoples	OK	1 features	2026-08-21T15:25:34
Ambashthas	OK	1 features	2026-08-21T15:25:34
Ambracia	OK	3 features	2026-08-21T15:25:34
Ammonites	OK	6 features	2026-08-21T15:25:34
Amorite Ebla	OK	1 features	2026-08-21T15:25:34
Amorite Mari	OK	20 features	2026-08-21T15:25:34
Amorite Tuttul	OK	1 features	2026-08-21T15:25:34
Amorites	OK	169 features	2026-08-21T15:25:34
Amurru	OK	22 features	2026-08-21T15:25:34
Anarta	OK	1 features	2026-08-21T15:25:34
Andean Peoples	OK	7 features	2026-08-21T15:25:34
Andhra	OK	1 features	2026-08-21T15:25:34
Anga	OK	4 features	2026-08-21T15:25:34
Anshan	OK	11 features	2026-08-21T15:25:34
Antandros	OK	2 features	2026-08-21T15:25:34
Anti Macedon Alliance	OK	62 features	2026-08-21T15:25:34
Anti Roman Alliance	OK	23 features	2026-08-21T15:25:34
Anti Spartan Alliance	OK	123 features	2026-08-21T15:25:34
Antigonid Ally	OK	207 features	2026-08-21T15:25:34
Antigonid Kingdom	OK	214 features	2026-08-21T15:25:34
Antipatrid Ally	OK	9 features	2026-08-21T15:25:34
Anupa	OK	1 features	2026-08-21T15:25:34
Anuradhapura	OK	1 features	2026-08-21T15:25:34
Aparytae	OK	1 features	2026-08-21T15:25:34
Apollonia	OK	4 features	2026-08-21T15:25:34
Arabs	OK	10 features	2026-08-21T15:25:34
Aram Damascus	OK	46 features	2026-08-21T15:25:34
Aram-Naharim	OK	2 features	2026-08-21T15:25:34
Aram-Zobah	OK	5 features	2026-08-21T15:25:34
Aramaeans	OK	10 features	2026-08-21T15:25:34
Arcadia	OK	3 features	2026-08-21T15:25:34
Arcadian League	OK	8 features	2026-08-21T15:25:34
Arctic Marine Mammal Hunters	OK	1 features	2026-08-21T15:25:34
Arctic Peoples	OK	1 features	2026-08-21T15:25:34
Ardiaei	OK	3 features	2026-08-21T15:25:34
Argaric Culture	OK	1 features	2026-08-21T15:25:34
Argos	OK	11 features	2026-08-21T15:25:34
Aryan People	OK	34 features	2026-08-21T15:25:34
Arzawa	OK	89 features	2026-08-21T15:25:34
Asinia	OK	1 features	2026-08-21T15:25:34
Assaka	OK	2 features	2026-08-21T15:26:28
Assakenoi	OK	1 features	2026-08-21T15:26:28
Assyrian Kingdoms	OK	15 features	2026-08-21T15:26:28
Assyrian revolt	OK	5 features	2026-08-21T15:26:28
Asvaka	OK	1 features	2026-08-21T15:26:28
Athamania	OK	3 features	2026-08-21T15:26:28
Athenian ally	OK	2 features	2026-08-21T15:26:28
Athens	OK	76 features	2026-08-21T15:26:28
Atropatene	OK	1 features	2026-08-21T15:26:28
Atuna	OK	2 features	2026-08-21T15:26:28
Audumbaras	OK	2 features	2026-08-21T15:26:28
Aurunci	OK	5 features	2026-08-21T15:26:28
Austro-Asiatic Peoples	OK	2 features	2026-08-21T15:26:28
Austronesians	OK	30 features	2026-08-21T15:26:28
Avanti	OK	9 features	2026-08-21T15:26:28
Azzi-Hayasa	OK	6 features	2026-08-21T15:26:28
Ba	OK	16 features	2026-08-21T15:26:28
Babylonia	OK	17 features	2026-08-21T15:26:28
Babylonia (Chaldaeans)	OK	34 features	2026-08-21T15:26:28
Babylonia (Isin Dynasty)	OK	20 features	2026-08-21T15:26:28
Babylonian Tributary	OK	24 features	2026-08-21T15:26:28
Babylonian revolt	OK	13 features	2026-08-21T15:26:28
Bactrians	OK	2 features	2026-08-21T15:26:28
Baipu	OK	1 features	2026-08-21T15:26:28
Balts	OK	2 features	2026-08-21T15:26:28
Bantu Peoples	OK	37 features	2026-08-21T15:26:28
Bao	OK	1 features	2026-08-21T15:26:28
Bao clan	OK	1 features	2026-08-21T15:26:28
Bedouins	OK	12 features	2026-08-21T15:26:28
Bell Beaker Peoples	OK	1 features	2026-08-21T15:26:28
Berbers	OK	5 features	2026-08-21T15:26:28
Bessaei	OK	1 features	2026-08-21T15:26:28
Bhagga	OK	1 features	2026-08-21T15:26:28
Bhojas	OK	1 features	2026-08-21T15:26:28
Bit Agusi	OK	12 features	2026-08-21T15:26:28
Bit-Adini	OK	4 features	2026-08-21T15:26:28
Bit-Bahiani	OK	1 features	2026-08-21T15:26:28
Bit-Halupe	OK	1 features	2026-08-21T15:26:28
Bit-Zamani	OK	2 features	2026-08-21T15:26:28
Bithynia	OK	6 features	2026-08-21T15:26:28
Biyang	OK	1 features	2026-08-21T15:26:28
Bo	OK	1 features	2026-08-21T15:26:28
Boeotia	OK	15 features	2026-08-21T15:26:28
Bosporan Kingdom	OK	16 features	2026-08-21T15:26:28
Bottiaeans	OK	6 features	2026-08-21T15:26:28
Brahmana	OK	1 features	2026-08-21T15:26:28
Bruttian League	OK	9 features	2026-08-21T15:26:28
Bruttians	OK	2 features	2026-08-21T15:26:28
Bruttii	OK	1 features	2026-08-21T15:26:28
Bu geng	OK	1 features	2026-08-21T15:26:28
Byzantium	OK	10 features	2026-08-21T15:26:28
Cai	OK	10 features	2026-08-21T15:26:28
California Peoples	OK	1 features	2026-08-21T15:26:28
Callatis	OK	1 features	2026-08-21T15:26:28
Campania	OK	5 features	2026-08-21T15:26:28
Canaanites	OK	13 features	2026-08-21T15:26:28
Cao	OK	7 features	2026-08-21T15:26:28
Carduchii	OK	1 features	2026-08-21T15:26:28
Carians	OK	3 features	2026-08-21T15:26:28
Caribbean Peoples	OK	1 features	2026-08-21T15:26:28
Carthage	OK	242 features	2026-08-21T15:27:59
Carthaginian Ally	OK	23 features	2026-08-21T15:27:59
Carthaginian Tributary	OK	13 features	2026-08-21T15:27:59
Carystus	OK	2 features	2026-08-21T15:27:59
Catane	OK	4 features	2026-08-21T15:27:59
Cedi	OK	2 features	2026-08-21T15:27:59
Celtic Mercenaries	OK	3 features	2026-08-21T15:27:59
Celto-Ligurians	OK	23 features	2026-08-21T15:27:59
Celts	OK	104 features	2026-08-21T15:27:59
Central African Peoples	OK	39 features	2026-08-21T15:27:59
Chadian People	OK	1 features	2026-08-21T15:27:59
Chalcidian League	OK	11 features	2026-08-21T15:27:59
Chalcis	OK	5 features	2026-08-21T15:27:59
Chaldaea	OK	1 features	2026-08-21T15:27:59
Changdi	OK	1 features	2026-08-21T15:27:59
Chao	OK	4 features	2026-08-21T15:27:59
Chaonia	OK	5 features	2026-08-21T15:27:59
Chaonians	OK	1 features	2026-08-21T15:27:59
Chavin Culture	OK	1 features	2026-08-21T15:27:59
Chen	OK	10 features	2026-08-21T15:27:59
Cheng	OK	2 features	2026-08-21T15:27:59
Chera	OK	1 features	2026-08-21T15:27:59
Chinchorro Culture	OK	1 features	2026-08-21T15:27:59
Chios	OK	5 features	2026-08-21T15:27:59
Chola	OK	1 features	2026-08-21T15:27:59
Chorrera Culture	OK	1 features	2026-08-21T15:27:59
Chu	OK	185 features	2026-08-21T15:27:59
Cilicia	OK	3 features	2026-08-21T15:27:59
Cimmerian Kingdom	OK	6 features	2026-08-21T15:27:59
Cimmerians	OK	14 features	2026-08-21T15:27:59
Cities	OK	2585 features	2026-08-21T15:27:59
Civil war	OK	1 features	2026-08-21T15:27:59
Colchis	OK	5 features	2026-08-21T15:27:59
Cong	OK	1 features	2026-08-21T15:27:59
Corcyra	OK	36 features	2026-08-21T15:27:59
Corinthia	OK	69 features	2026-08-21T15:27:59
Coronea	OK	1 features	2026-08-21T15:27:59
Cossaeans	OK	1 features	2026-08-21T15:27:59
Cretan City States	OK	146 features	2026-08-21T15:27:59
Croton	OK	14 features	2026-08-21T15:27:59
Cushitic People	OK	1 features	2026-08-21T15:27:59
Cypriot Kingdoms	OK	64 features	2026-08-21T15:27:59
Cyzicus	OK	1 features	2026-08-21T15:27:59
D'mt	OK	1 features	2026-08-21T15:27:59
Dai	OK	1 features	2026-08-21T15:27:59
Dai(2)	OK	1 features	2026-08-21T15:27:59
Dali	OK	1 features	2026-08-21T15:27:59
Dan	OK	1 features	2026-08-21T15:27:59
Dao	OK	1 features	2026-08-21T15:27:59
Daoi	OK	1 features	2026-08-21T15:27:59
Dapeng	OK	1 features	2026-08-21T15:27:59
Daradas	OK	1 features	2026-08-21T15:27:59
Dasarnas	OK	1 features	2026-08-21T15:27:59
Dassaretis	OK	3 features	2026-08-21T15:27:59
Daunians	OK	1 features	2026-08-21T15:27:59
Dayenu	OK	1 features	2026-08-21T15:27:59
Delian League	OK	492 features	2026-08-21T15:27:59
Deng	OK	3 features	2026-08-21T15:27:59
Desert Cultures	OK	1 features	2026-08-21T15:27:59
Di	OK	21 features	2026-08-21T15:27:59
Di(2)	OK	1 features	2026-08-21T15:29:33
Diauekhi	OK	4 features	2026-08-21T15:29:33
Dilmun	OK	1 features	2026-08-21T15:29:33
Dolopia	OK	2 features	2026-08-21T15:29:33
Domain of Amphimakhos	OK	1 features	2026-08-21T15:29:33
Domain of Antigenes	OK	1 features	2026-08-21T15:29:33
Domain of Antigonus	OK	134 features	2026-08-21T15:29:33
Domain of Asandros	OK	23 features	2026-08-21T15:29:33
Domain of Cassander	OK	226 features	2026-08-21T15:29:33
Domain of Eudemus	OK	1 features	2026-08-21T15:29:33
Domain of Eumenes	OK	6 features	2026-08-21T15:29:33
Domain of Lysimakhos	OK	8 features	2026-08-21T15:29:33
Domain of Mithridates	OK	3 features	2026-08-21T15:29:33
Domain of Oxyartes	OK	1 features	2026-08-21T15:29:33
Domain of Peithon	OK	6 features	2026-08-21T15:29:33
Domain of Peithon (son of Agenor)	OK	1 features	2026-08-21T15:29:33
Domain of Peukestas	OK	2 features	2026-08-21T15:29:33
Domain of Philip	OK	1 features	2026-08-21T15:29:33
Domain of Philoxenos	OK	2 features	2026-08-21T15:29:33
Domain of Polyperchon	OK	40 features	2026-08-21T15:29:33
Domain of Ptolemy	OK	141 features	2026-08-21T15:29:33
Domain of Seleucus	OK	20 features	2026-08-21T15:29:33
Domain of Sibyrtios	OK	2 features	2026-08-21T15:29:33
Domain of Stasandros	OK	2 features	2026-08-21T15:29:33
Domain of Stasanor	OK	2 features	2026-08-21T15:29:33
Domain of Tlepolemos	OK	2 features	2026-08-21T15:29:33
Donghu	OK	1 features	2026-08-21T15:29:33
Dongyi Peoples	OK	2 features	2026-08-21T15:29:33
Dorians	OK	155 features	2026-08-21T15:29:33
Doris	OK	2 features	2026-08-21T15:29:33
Dravidians	OK	30 features	2026-08-21T15:29:33
Du	OK	1 features	2026-08-21T15:29:33
Duan	OK	2 features	2026-08-21T15:29:33
Duchy of Jin	OK	93 features	2026-08-21T15:29:33
Dun	OK	1 features	2026-08-21T15:29:33
Dvaraka	OK	1 features	2026-08-21T15:29:33
E	OK	6 features	2026-08-21T15:29:33
East African Peoples	OK	3 features	2026-08-21T15:29:33
Eastern Guo	OK	3 features	2026-08-21T15:29:33
Eastern Woodland Peoples	OK	3 features	2026-08-21T15:29:33
Edomites	OK	13 features	2026-08-21T15:29:33
Egypt: (Herakleopolis)	OK	9 features	2026-08-21T15:29:33
Egypt: (Hermopolis)	OK	2 features	2026-08-21T15:29:33
Egypt: Areas of Unrest	OK	103 features	2026-08-21T15:29:33
Egypt: Heracleopolitans	OK	71 features	2026-08-21T15:29:33
Egypt: Hyksos	OK	88 features	2026-08-21T15:29:33
Egypt: Middle Kingdom	OK	249 features	2026-08-21T15:29:33
Egypt: New Kingdom	OK	271 features	2026-08-21T15:29:33
Egypt: Old Kdm	OK	83 features	2026-08-21T15:29:33
Egypt: Rebellion of Pedubast	OK	13 features	2026-08-21T15:29:33
Egypt: Revolt of Amasis	OK	1 features	2026-08-21T15:29:33
Egypt: Tanites	OK	19 features	2026-08-21T15:29:33
Egypt: Thebans	OK	161 features	2026-08-21T15:29:33
Egypt: Thirtieth Dynasty	OK	51 features	2026-08-21T15:29:33
Egypt: Twenty Eighth Dynasty	OK	47 features	2026-08-21T15:29:33
Egypt: Twenty Fourth Dynasty	OK	42 features	2026-08-21T15:29:33
Egypt: Twenty Ninth Dynasty	OK	44 features	2026-08-21T15:29:33
Egypt: Twenty Second Dynasty	OK	73 features	2026-08-21T15:29:33
Egypt: Twenty Sixth Dynasty	OK	107 features	2026-08-21T15:29:33
Egypt: Twenty Sixth Dynasty Tributary	OK	2 features	2026-08-21T15:29:33
Egypt: Twenty Third Dynasty	OK	61 features	2026-08-21T15:30:31
El Paraiso Culture	OK	2 features	2026-08-21T15:30:31
Elam	OK	164 features	2026-08-21T15:30:31
Elamite Tributary	OK	34 features	2026-08-21T15:30:31
Elimiotis	OK	2 features	2026-08-21T15:30:31
Elis	OK	38 features	2026-08-21T15:30:31
Ellipi	OK	8 features	2026-08-21T15:30:31
Elymians	OK	3 features	2026-08-21T15:30:31
Enchele	OK	1 features	2026-08-21T15:30:31
Enzite	OK	1 features	2026-08-21T15:30:31
Eordaia	OK	1 features	2026-08-21T15:30:31
Epicnemidian Locris	OK	7 features	2026-08-21T15:30:31
Epidauria	OK	1 features	2026-08-21T15:30:31
Epirote Ally	OK	37 features	2026-08-21T15:30:31
Er	OK	1 features	2026-08-21T15:30:31
Eretria	OK	9 features	2026-08-21T15:30:31
Eriakhi	OK	3 features	2026-08-21T15:30:31
Erikuakhi	OK	3 features	2026-08-21T15:30:31
Erligang Culture	OK	1 features	2026-08-21T15:30:31
Erlitou Culture	OK	2 features	2026-08-21T15:30:31
Etiukhi	OK	3 features	2026-08-21T15:30:31
Etiuni	OK	5 features	2026-08-21T15:30:31
Etruria	OK	151 features	2026-08-21T15:30:31
Etruscans	OK	14 features	2026-08-21T15:30:31
Euboea	OK	9 features	2026-08-21T15:30:31
Fan	OK	1 features	2026-08-21T15:30:31
Fan clan	OK	2 features	2026-08-21T15:30:31
Fan(2)	OK	1 features	2026-08-21T15:30:31
Fang	OK	1 features	2026-08-21T15:30:31
Fei	OK	1 features	2026-08-21T15:30:31
Feng	OK	1 features	2026-08-21T15:30:31
Finns	OK	4 features	2026-08-21T15:30:31
Gandhara	OK	8 features	2026-08-21T15:30:31
Gao	OK	2 features	2026-08-21T15:30:31
Gaoluo	OK	1 features	2026-08-21T15:30:31
Garamantes	OK	1 features	2026-08-21T15:30:31
Ge	OK	1 features	2026-08-21T15:30:31
Gedrosia	OK	1 features	2026-08-21T15:30:31
Gela	OK	20 features	2026-08-21T15:30:31
Geng	OK	1 features	2026-08-21T15:30:31
Genmou	OK	1 features	2026-08-21T15:30:31
Geshur	OK	1 features	2026-08-21T15:30:31
Getae	OK	7 features	2026-08-21T15:30:31
Gilead	OK	2 features	2026-08-21T15:30:31
Gilzanu	OK	3 features	2026-08-21T15:30:31
Gojoseon	OK	1 features	2026-08-21T15:30:31
Gong	OK	2 features	2026-08-21T15:30:31
Gong(2)	OK	1 features	2026-08-21T15:30:31
Great Chiefs of the Meshwesh	OK	12 features	2026-08-21T15:30:31
Greco-Bactrian Kingdom	OK	1 features	2026-08-21T15:30:31
Greek Alliance	OK	101 features	2026-08-21T15:30:31
Greek mercenaries	OK	6 features	2026-08-21T15:30:31
Greeks	OK	20 features	2026-08-21T15:30:31
Gu	OK	1 features	2026-08-21T15:30:31
Gu(2)	OK	1 features	2026-08-21T15:30:31
Guang	OK	1 features	2026-08-21T15:30:31
Gui	OK	1 features	2026-08-21T15:30:31
Guifang	OK	7 features	2026-08-21T15:30:31
Guo	OK	1 features	2026-08-21T15:30:31
Gurgum	OK	5 features	2026-08-21T15:30:31
Guti	OK	55 features	2026-08-21T15:31:33
Guti Tributary	OK	29 features	2026-08-21T15:31:33
Guzanu	OK	2 features	2026-08-21T15:31:33
Guzhu	OK	1 features	2026-08-21T15:31:33
Haihayas	OK	1 features	2026-08-21T15:31:33
Haliartos	OK	1 features	2026-08-21T15:31:33
Hamaranu	OK	1 features	2026-08-21T15:31:33
Han	OK	1 features	2026-08-21T15:31:33
Han(2)	OK	1 features	2026-08-21T15:31:33
Hann	OK	28 features	2026-08-21T15:31:33
Hann clan	OK	5 features	2026-08-21T15:31:33
Hapalla	OK	1 features	2026-08-21T15:31:33
Harhar	OK	3 features	2026-08-21T15:31:33
Harshi	OK	2 features	2026-08-21T15:31:33
Hattians	OK	5 features	2026-08-21T15:31:33
Hellenic League	OK	54 features	2026-08-21T15:31:33
Helmand and Jiroft Cultures	OK	25 features	2026-08-21T15:31:33
Helot Revolt	OK	1 features	2026-08-21T15:31:33
Heraklea Pontica	OK	2 features	2026-08-21T15:31:33
Hermionis	OK	7 features	2026-08-21T15:31:33
Hernici	OK	5 features	2026-08-21T15:31:33
Hilakku	OK	3 features	2026-08-21T15:31:33
Himera	OK	4 features	2026-08-21T15:31:33
Hindanu	OK	5 features	2026-08-21T15:31:33
Hittites	OK	6 features	2026-08-21T15:31:33
Hu	OK	1 features	2026-08-21T15:31:33
Hu(2)	OK	1 features	2026-08-21T15:31:33
Hu(3)	OK	1 features	2026-08-21T15:31:33
Hua	OK	1 features	2026-08-21T15:31:33
Huaiyi	OK	2 features	2026-08-21T15:31:33
Huaiyi Peoples	OK	6 features	2026-08-21T15:31:33
Huang	OK	2 features	2026-08-21T15:31:33
Hubushkia	OK	6 features	2026-08-21T15:31:33
Huo	OK	1 features	2026-08-21T15:31:33
Hupis(h)na	OK	1 features	2026-08-21T15:31:33
Hurrian Kingdom	OK	6 features	2026-08-21T15:31:33
Hurrian Kingdoms	OK	4 features	2026-08-21T15:31:33
Hurrians	OK	16 features	2026-08-21T15:31:33
Iapygii	OK	1 features	2026-08-21T15:31:33
Iberians	OK	5 features	2026-08-21T15:31:33
Idamaraz	OK	6 features	2026-08-21T15:31:33
Ikshvakus	OK	1 features	2026-08-21T15:31:33
Illyrian Kingdom	OK	5 features	2026-08-21T15:31:33
Illyrian Tributary	OK	5 features	2026-08-21T15:31:33
Illyrians	OK	6 features	2026-08-21T15:31:33
Illyrioi	OK	1 features	2026-08-21T15:31:33
Imbros	OK	1 features	2026-08-21T15:31:33
Indo-Aryans	OK	34 features	2026-08-21T15:31:33
Indus Valley Civilization	OK	1 features	2026-08-21T15:31:33
Indus Valley Peoples	OK	14 features	2026-08-21T15:31:33
Ionian League	OK	79 features	2026-08-21T15:31:33
Ionians	OK	491 features	2026-08-21T15:31:33
Iranians	OK	56 features	2026-08-21T15:31:33
Ishtu(a)nda	OK	3 features	2026-08-21T15:31:33
Israel/Samaria	OK	32 features	2026-08-21T15:31:33
Israelites	OK	24 features	2026-08-21T15:31:33
Istros	OK	2 features	2026-08-21T15:31:33
Isuwa	OK	2 features	2026-08-21T15:31:33
Itabalhum	OK	3 features	2026-08-21T15:31:33
Italics	OK	7 features	2026-08-21T15:31:33
Italiote League	OK	44 features	2026-08-21T15:32:26
Ji	OK	1 features	2026-08-21T15:32:26
Ji(2)	OK	1 features	2026-08-21T15:32:26
Ji(3)	OK	1 features	2026-08-21T15:32:26
Ji(4)	OK	1 features	2026-08-21T15:32:26
Ji(5)	OK	2 features	2026-08-21T15:32:26
Ji(6)	OK	1 features	2026-08-21T15:32:26
Jia	OK	1 features	2026-08-21T15:32:26
Jiang	OK	1 features	2026-08-21T15:32:26
Jiang Qi	OK	1 features	2026-08-21T15:32:26
Jiang(2)	OK	1 features	2026-08-21T15:32:26
Jiao	OK	1 features	2026-08-21T15:32:26
Jie	OK	1 features	2026-08-21T15:32:26
Jin	OK	5 features	2026-08-21T15:32:26
Jomon Culture	OK	1 features	2026-08-21T15:32:26
Ju	OK	13 features	2026-08-21T15:32:26
Ju(2)	OK	1 features	2026-08-21T15:32:26
Judah	OK	37 features	2026-08-21T15:32:26
Judah Tributary	OK	4 features	2026-08-21T15:32:26
Jun	OK	2 features	2026-08-21T15:32:26
Kaccha	OK	1 features	2026-08-21T15:32:26
Kadmuhu	OK	1 features	2026-08-21T15:32:26
Kalama	OK	1 features	2026-08-21T15:32:26
Kalasma	OK	2 features	2026-08-21T15:32:26
Kalaurian Amphictiony	OK	18 features	2026-08-21T15:32:26
Kalinga	OK	6 features	2026-08-21T15:32:26
Kamarina	OK	1 features	2026-08-21T15:32:26
Kamboja	OK	2 features	2026-08-21T15:32:26
Kappadokia	OK	3 features	2026-08-21T15:32:26
Karakhar	OK	6 features	2026-08-21T15:32:26
Karalla	OK	3 features	2026-08-21T15:32:26
Karmania	OK	1 features	2026-08-21T15:32:26
Karusha	OK	1 features	2026-08-21T15:32:26
Kasheyas	OK	1 features	2026-08-21T15:32:26
Kasi	OK	2 features	2026-08-21T15:32:26
Kaskas	OK	54 features	2026-08-21T15:32:26
Kasmira	OK	1 features	2026-08-21T15:32:26
Kassites	OK	81 features	2026-08-21T15:32:26
Kekaya	OK	4 features	2026-08-21T15:32:26
Khoisan Peoples	OK	1 features	2026-08-21T15:32:26
Khorasmia	OK	2 features	2026-08-21T15:32:26
Kimash	OK	1 features	2026-08-21T15:32:26
Kingdom of Adab	OK	30 features	2026-08-21T15:32:26
Kingdom of Adanaya	OK	3 features	2026-08-21T15:32:26
Kingdom of Akshak	OK	11 features	2026-08-21T15:32:26
Kingdom of Alakhtum	OK	1 features	2026-08-21T15:32:26
Kingdom of Andarig	OK	3 features	2026-08-21T15:32:26
Kingdom of Argos	OK	21 features	2026-08-21T15:32:26
Kingdom of Armenia	OK	2 features	2026-08-21T15:32:26
Kingdom of Arrapha	OK	3 features	2026-08-21T15:32:26
Kingdom of Assyria	OK	91 features	2026-08-21T15:32:26
Kingdom of Awan	OK	33 features	2026-08-21T15:32:26
Kingdom of Babylon	OK	120 features	2026-08-21T15:32:26
Kingdom of Carchemish	OK	16 features	2026-08-21T15:32:26
Kingdom of Cyrene	OK	16 features	2026-08-21T15:32:26
Kingdom of Der	OK	14 features	2026-08-21T15:32:26
Kingdom of Ebla	OK	17 features	2026-08-21T15:32:26
Kingdom of Epirus	OK	80 features	2026-08-21T15:32:26
Kingdom of Eshnunna	OK	48 features	2026-08-21T15:32:26
Kingdom of Hamath	OK	11 features	2026-08-21T15:32:26
Kingdom of Illyria	OK	39 features	2026-08-21T15:34:05
Kingdom of Irqata	OK	2 features	2026-08-21T15:34:05
Kingdom of Isin	OK	58 features	2026-08-21T15:34:05
Kingdom of Israel	OK	32 features	2026-08-21T15:34:05
Kingdom of Judah	OK	3 features	2026-08-21T15:34:05
Kingdom of Kanesh	OK	9 features	2026-08-21T15:34:05
Kingdom of Kazallu	OK	15 features	2026-08-21T15:34:05
Kingdom of Kish	OK	28 features	2026-08-21T15:34:05
Kingdom of Kisurra	OK	1 features	2026-08-21T15:34:05
Kingdom of Kummuh	OK	5 features	2026-08-21T15:34:05
Kingdom of Kush	OK	93 features	2026-08-21T15:34:05
Kingdom of Kussara	OK	5 features	2026-08-21T15:34:05
Kingdom of Lagash	OK	18 features	2026-08-21T15:34:05
Kingdom of Larsa	OK	57 features	2026-08-21T15:34:05
Kingdom of Lysimakhos	OK	67 features	2026-08-21T15:34:05
Kingdom of Macedon	OK	808 features	2026-08-21T15:34:05
Kingdom of Macedonia	OK	53 features	2026-08-21T15:34:05
Kingdom of Malgium	OK	1 features	2026-08-21T15:34:05
Kingdom of Mari	OK	21 features	2026-08-21T15:34:05
Kingdom of Melid	OK	11 features	2026-08-21T15:34:05
Kingdom of Mitanni	OK	106 features	2026-08-21T15:34:05
Kingdom of Purushanda	OK	6 features	2026-08-21T15:34:05
Kingdom of Qadesh	OK	3 features	2026-08-21T15:34:05
Kingdom of Qatna	OK	3 features	2026-08-21T15:34:05
Kingdom of Rome	OK	50 features	2026-08-21T15:34:05
Kingdom of Sam'al	OK	3 features	2026-08-21T15:34:05
Kingdom of Sindica	OK	3 features	2026-08-21T15:34:05
Kingdom of Sparta	OK	106 features	2026-08-21T15:34:05
Kingdom of Syracuse	OK	25 features	2026-08-21T15:34:05
Kingdom of Terqa	OK	2 features	2026-08-21T15:34:05
Kingdom of Tuttul	OK	5 features	2026-08-21T15:34:05
Kingdom of Tylis	OK	1 features	2026-08-21T15:34:05
Kingdom of Ugarit	OK	4 features	2026-08-21T15:34:05
Kingdom of Ur	OK	160 features	2026-08-21T15:34:05
Kingdom of Uruk	OK	37 features	2026-08-21T15:34:05
Kingdom of Zalpa	OK	8 features	2026-08-21T15:34:05
Kingdom of the Grabaei	OK	6 features	2026-08-21T15:34:05
Kios	OK	2 features	2026-08-21T15:34:05
Kirati	OK	1 features	2026-08-21T15:34:05
Kirruru	OK	2 features	2026-08-21T15:34:05
Kizzuwatna	OK	3 features	2026-08-21T15:34:05
Koliya	OK	1 features	2026-08-21T15:34:05
Konkana	OK	2 features	2026-08-21T15:34:05
Kopai	OK	1 features	2026-08-21T15:34:05
Koreans	OK	1 features	2026-08-21T15:34:05
Kosala	OK	10 features	2026-08-21T15:34:05
Kotosh Culture	OK	1 features	2026-08-21T15:34:05
Ksudrakas	OK	1 features	2026-08-21T15:34:05
Kuai	OK	1 features	2026-08-21T15:34:05
Kui	OK	1 features	2026-08-21T15:34:05
Kuninda	OK	2 features	2026-08-21T15:34:05
Kuntala	OK	1 features	2026-08-21T15:34:05
Kunti	OK	1 features	2026-08-21T15:34:05
Kuru	OK	13 features	2026-08-21T15:34:05
Kush Tributary	OK	54 features	2026-08-21T15:34:05
Kyme	OK	5 features	2026-08-21T15:34:05
Lagash	OK	7 features	2026-08-21T15:34:05
Lai	OK	3 features	2026-08-21T15:34:05
Lai(2)	OK	1 features	2026-08-21T15:34:05
Laiyi	OK	1 features	2026-08-21T15:34:05
Land of Bel-harran-beli-user	OK	1 features	2026-08-21T15:35:08
Land of Shamash-resha-user	OK	1 features	2026-08-21T15:35:08
Land of Tartanu Shamshi-ilu	OK	1 features	2026-08-21T15:35:08
Laqe	OK	3 features	2026-08-21T15:35:08
Larak	OK	3 features	2026-08-21T15:35:08
Larissa	OK	3 features	2026-08-21T15:35:08
Latin League	OK	35 features	2026-08-21T15:35:08
Latins	OK	7 features	2026-08-21T15:35:08
Lauhitya	OK	1 features	2026-08-21T15:35:08
League of Argos	OK	16 features	2026-08-21T15:35:08
Lebadeia	OK	1 features	2026-08-21T15:35:08
Leontini	OK	4 features	2026-08-21T15:35:08
Lesbos	OK	2 features	2026-08-21T15:35:08
Li	OK	1 features	2026-08-21T15:35:08
Li Rong	OK	1 features	2026-08-21T15:35:08
Li(2)	OK	1 features	2026-08-21T15:35:08
Li(3)	OK	1 features	2026-08-21T15:35:08
Liang	OK	2 features	2026-08-21T15:35:08
Liao	OK	1 features	2026-08-21T15:35:08
Liao(2)	OK	1 features	2026-08-21T15:35:08
Liburnians	OK	3 features	2026-08-21T15:35:08
Libyans	OK	40 features	2026-08-21T15:35:08
Libyphoenices	OK	1 features	2026-08-21T15:35:08
Ligurians	OK	2 features	2026-08-21T15:35:08
Lingzhi	OK	1 features	2026-08-21T15:35:08
Linhu	OK	2 features	2026-08-21T15:35:08
Little Guo	OK	1 features	2026-08-21T15:35:08
Liu	OK	1 features	2026-08-21T15:35:08
Locri	OK	2 features	2026-08-21T15:35:08
Longshan Culture	OK	2 features	2026-08-21T15:35:08
Loufan	OK	3 features	2026-08-21T15:35:08
Lower Macedon	OK	1 features	2026-08-21T15:35:08
Lu	OK	58 features	2026-08-21T15:35:08
Lu(2)	OK	1 features	2026-08-21T15:35:08
Lu(3)	OK	1 features	2026-08-21T15:35:08
Lucani	OK	1 features	2026-08-21T15:35:08
Lucanians	OK	12 features	2026-08-21T15:35:08
Luhun Rong	OK	4 features	2026-08-21T15:35:08
Lukka	OK	9 features	2026-08-21T15:35:08
Lullubum	OK	2 features	2026-08-21T15:35:08
Luo	OK	2 features	2026-08-21T15:35:08
Lycians	OK	2 features	2026-08-21T15:35:08
Lydia	OK	35 features	2026-08-21T15:35:08
Lynkestis	OK	2 features	2026-08-21T15:35:08
Macedon	OK	19 features	2026-08-21T15:35:08
Macedonian Ally	OK	242 features	2026-08-21T15:35:08
Madra	OK	6 features	2026-08-21T15:35:08
Magadha	OK	26 features	2026-08-21T15:35:08
Magan	OK	1 features	2026-08-21T15:35:08
Magnesia	OK	1 features	2026-08-21T15:35:08
Malavas	OK	2 features	2026-08-21T15:35:08
Malis	OK	4 features	2026-08-21T15:35:08
Malla	OK	5 features	2026-08-21T15:35:08
Mama	OK	2 features	2026-08-21T15:35:08
Mamertine Mercenaries	OK	2 features	2026-08-21T15:35:08
Mamertines	OK	9 features	2026-08-21T15:35:08
Manchurian Peoples	OK	6 features	2026-08-21T15:35:08
Mannaea	OK	19 features	2026-08-21T15:35:08
Manshi	OK	1 features	2026-08-21T15:35:08
Mantineia	OK	8 features	2026-08-21T15:35:08
Mao	OK	1 features	2026-08-21T15:36:22
Mao(2)	OK	1 features	2026-08-21T15:36:22
Margiana	OK	2 features	2026-08-21T15:36:22
Marrucini	OK	1 features	2026-08-21T15:36:22
Marsi	OK	2 features	2026-08-21T15:36:22
Masa	OK	12 features	2026-08-21T15:36:22
Masaesyli	OK	2 features	2026-08-21T15:36:22
Massagetai	OK	1 features	2026-08-21T15:36:22
Massylii	OK	2 features	2026-08-21T15:36:22
Matsya	OK	3 features	2026-08-21T15:36:22
Maurya	OK	3 features	2026-08-21T15:36:22
Maurya Empire	OK	13 features	2026-08-21T15:36:22
Maya	OK	2 features	2026-08-21T15:36:22
Medes	OK	2 features	2026-08-21T15:36:22
Media	OK	42 features	2026-08-21T15:36:22
Median Vassal	OK	9 features	2026-08-21T15:36:22
Megalopolis	OK	2 features	2026-08-21T15:36:22
Megaris	OK	64 features	2026-08-21T15:36:22
Mercenaries of Bithynia	OK	2 features	2026-08-21T15:36:22
Mercenaries under Agathocles	OK	7 features	2026-08-21T15:36:22
Mercenaries under Amyntas	OK	2 features	2026-08-21T15:36:22
Mercenaries under Cleonymus	OK	13 features	2026-08-21T15:36:22
Mercenaries under Harpalus	OK	3 features	2026-08-21T15:36:22
Mercenaries under Leosthenes	OK	1 features	2026-08-21T15:36:22
Mercenaries under Phalaecus	OK	3 features	2026-08-21T15:36:22
Mercenaries under Thibron	OK	1 features	2026-08-21T15:36:22
Mercenaries under Xanthippus	OK	1 features	2026-08-21T15:36:22
Mesoamerican Peoples	OK	5 features	2026-08-21T15:36:22
Messapians	OK	11 features	2026-08-21T15:36:22
Messapii	OK	1 features	2026-08-21T15:36:22
Messenia	OK	13 features	2026-08-21T15:36:22
Mianzhu	OK	1 features	2026-08-21T15:36:22
Middle Assyrian Empire	OK	186 features	2026-08-21T15:36:22
Minoans	OK	20 features	2026-08-21T15:36:22
Mithila	OK	1 features	2026-08-21T15:36:22
Mixtecs	OK	2 features	2026-08-21T15:36:22
Moabites	OK	10 features	2026-08-21T15:36:22
Molossis	OK	9 features	2026-08-21T15:36:22
Moriya	OK	1 features	2026-08-21T15:36:22
Mou	OK	1 features	2026-08-21T15:36:22
Mulaka	OK	1 features	2026-08-21T15:36:22
Musasir	OK	1 features	2026-08-21T15:36:22
Musicanus	OK	1 features	2026-08-21T15:36:22
Musri	OK	4 features	2026-08-21T15:36:22
Mutibas	OK	1 features	2026-08-21T15:36:22
Mutinous troops	OK	1 features	2026-08-21T15:36:22
Mycenaean Kingdoms	OK	19 features	2026-08-21T15:36:22
Mycenaeans	OK	116 features	2026-08-21T15:36:22
Mysians	OK	1 features	2026-08-21T15:36:22
Nabataean Kingdom	OK	4 features	2026-08-21T15:36:22
Nabataeans	OK	2 features	2026-08-21T15:36:22
Nairi	OK	1 features	2026-08-21T15:36:22
Namri	OK	5 features	2026-08-21T15:36:22
Nanda Empire	OK	7 features	2026-08-21T15:36:22
Nanyan	OK	1 features	2026-08-21T15:36:22
Naxos	OK	2 features	2026-08-21T15:36:22
Neo Assyrian Empire	OK	740 features	2026-08-21T15:36:22
Neo Assyrian Tributary	OK	386 features	2026-08-21T15:36:22
Neo Assyrian revolt	OK	5 features	2026-08-21T15:36:22
Neo Babylonian Empire	OK	40 features	2026-08-21T15:36:22
Neo Babylonian Empire Tributary	OK	22 features	2026-08-21T15:39:53
Neo-Assyrian Empire	OK	33 features	2026-08-21T15:39:53
Neo-Babylonian Empire	OK	22 features	2026-08-21T15:39:53
New Hittite Kingdom	OK	482 features	2026-08-21T15:39:53
Ni	OK	1 features	2026-08-21T15:39:53
Nilotic Peoples	OK	1 features	2026-08-21T15:39:53
Nok People	OK	1 features	2026-08-21T15:39:53
Norte Chico Civilization	OK	1 features	2026-08-21T15:39:53
North Arabian Semites	OK	1 features	2026-08-21T15:39:53
Northern League	OK	6 features	2026-08-21T15:39:53
Northern Zone Peoples	OK	17 features	2026-08-21T15:39:53
Northwest Coast Peoples	OK	1 features	2026-08-21T15:39:53
Nu	OK	1 features	2026-08-21T15:39:53
Nubia	OK	1 features	2026-08-21T15:39:53
Nubians	OK	42 features	2026-08-21T15:39:53
Nuhashshi	OK	3 features	2026-08-21T15:39:53
Numidians	OK	2 features	2026-08-21T15:39:53
Odra	OK	1 features	2026-08-21T15:39:53
Odrysia	OK	5 features	2026-08-21T15:39:53
Odrysian Kingdom	OK	48 features	2026-08-21T15:39:53
Oetaea	OK	4 features	2026-08-21T15:39:53
Old Hittite Kingdom	OK	127 features	2026-08-21T15:39:53
Olmecs	OK	1 features	2026-08-21T15:39:53
Opuntian Locris	OK	8 features	2026-08-21T15:39:53
Oreitai	OK	1 features	2026-08-21T15:39:53
Orestis	OK	1 features	2026-08-21T15:39:53
Oxycanus	OK	1 features	2026-08-21T15:39:53
Ozolian Locris	OK	42 features	2026-08-21T15:39:53
Paeligni	OK	1 features	2026-08-21T15:39:53
Paeonia	OK	3 features	2026-08-21T15:39:53
Paeonians	OK	2 features	2026-08-21T15:39:53
Paiones	OK	1 features	2026-08-21T15:39:53
Pala	OK	2 features	2026-08-21T15:39:53
Paleosiberians	OK	1 features	2026-08-21T15:39:53
Pampas Cultures	OK	1 features	2026-08-21T15:39:53
Panchala	OK	8 features	2026-08-21T15:39:53
Pandya	OK	1 features	2026-08-21T15:39:53
Paphlagonia	OK	3 features	2026-08-21T15:39:53
Papuans	OK	1 features	2026-08-21T15:39:53
Parauaea	OK	2 features	2026-08-21T15:39:53
Pardabathra	OK	1 features	2026-08-21T15:39:53
Parsua	OK	3 features	2026-08-21T15:39:53
Parthia	OK	3 features	2026-08-21T15:39:53
Pashime	OK	7 features	2026-08-21T15:39:53
Patagonian Peoples	OK	1 features	2026-08-21T15:39:53
Patin (Unqi)	OK	6 features	2026-08-21T15:39:53
Paurava	OK	1 features	2026-08-21T15:39:53
Pelagonia	OK	1 features	2026-08-21T15:39:53
Peloponnesian League	OK	571 features	2026-08-21T15:39:53
Peng	OK	2 features	2026-08-21T15:39:53
Pengzhi	OK	1 features	2026-08-21T15:39:53
Pergamon	OK	3 features	2026-08-21T15:39:53
Persia	OK	6 features	2026-08-21T15:39:53
Persian Empire	OK	1239 features	2026-08-21T15:39:53
Persian Revolt	OK	5 features	2026-08-21T15:39:53
Persian Vassal	OK	29 features	2026-08-21T15:39:53
Peucetians	OK	4 features	2026-08-21T15:39:53
Pharsalos	OK	2 features	2026-08-21T15:39:53
Pherae	OK	14 features	2026-08-21T15:39:53
Philistia	OK	20 features	2026-08-21T15:39:53
Philistines	OK	19 features	2026-08-21T15:41:04
Phlius	OK	4 features	2026-08-21T15:41:04
Phocis	OK	39 features	2026-08-21T15:41:04
Phoenicians	OK	137 features	2026-08-21T15:41:04
Phrygian Kingdom	OK	14 features	2026-08-21T15:41:04
Phrygians	OK	23 features	2026-08-21T15:41:04
Pi	OK	1 features	2026-08-21T15:41:04
Piceni	OK	1 features	2026-08-21T15:41:04
Picentes	OK	2 features	2026-08-21T15:41:04
Picenum	OK	2 features	2026-08-21T15:41:04
Ping Zhou	OK	1 features	2026-08-21T15:41:04
Pirate Mercenaries	OK	2 features	2026-08-21T15:41:04
Pirates	OK	2 features	2026-08-21T15:41:04
Pisatis	OK	2 features	2026-08-21T15:41:04
Pisidians	OK	1 features	2026-08-21T15:41:04
Pitassa	OK	2 features	2026-08-21T15:41:04
Plains Peoples	OK	1 features	2026-08-21T15:41:04
Plateau Peoples	OK	1 features	2026-08-21T15:41:04
Pontus	OK	4 features	2026-08-21T15:41:04
Poverty Point Culture	OK	1 features	2026-08-21T15:41:04
Praeneste	OK	2 features	2026-08-21T15:41:04
Proto-Burmese	OK	1 features	2026-08-21T15:41:04
Proto-Ethiopians	OK	2 features	2026-08-21T15:41:04
Proto-Mongol Peoples	OK	1 features	2026-08-21T15:41:04
Proto-Tibetans	OK	6 features	2026-08-21T15:41:04
Proto-Turkic Peoples	OK	2 features	2026-08-21T15:41:04
Ptolemaic Ally	OK	34 features	2026-08-21T15:41:04
Ptolemaic Kingdom	OK	169 features	2026-08-21T15:41:04
Pu	OK	1 features	2026-08-21T15:41:04
Pugu	OK	1 features	2026-08-21T15:41:04
Pulinda	OK	1 features	2026-08-21T15:41:04
Pundra	OK	1 features	2026-08-21T15:41:04
Punt	OK	1 features	2026-08-21T15:41:04
Qedarite Confederation	OK	12 features	2026-08-21T15:41:04
Qedarites	OK	3 features	2026-08-21T15:41:04
Qi	OK	69 features	2026-08-21T15:41:04
Qi(2)	OK	3 features	2026-08-21T15:41:04
Qi(3)	OK	1 features	2026-08-21T15:41:04
Qiang	OK	1 features	2026-08-21T15:41:04
Qin	OK	114 features	2026-08-21T15:41:04
Qiuyou	OK	1 features	2026-08-21T15:41:04
Qu	OK	1 features	2026-08-21T15:41:04
Quaman	OK	2 features	2026-08-21T15:41:04
Quan	OK	1 features	2026-08-21T15:41:04
Quanrong	OK	42 features	2026-08-21T15:41:04
Que	OK	4 features	2026-08-21T15:41:04
Quwo	OK	7 features	2026-08-21T15:41:04
Rang	OK	1 features	2026-08-21T15:41:04
Rathikas	OK	1 features	2026-08-21T15:41:04
Rebel Aranzik	OK	1 features	2026-08-21T15:41:04
Rebel Irridu	OK	1 features	2026-08-21T15:41:04
Rebel Israelites	OK	2 features	2026-08-21T15:41:04
Red Di	OK	12 features	2026-08-21T15:41:04
Ren	OK	1 features	2026-08-21T15:41:04
Revolt	OK	160 features	2026-08-21T15:41:04
Revolt of Antigonus	OK	1 features	2026-08-21T15:41:04
Revolt of Antipater	OK	2 features	2026-08-21T15:41:04
Revolt of Ariobarzanes	OK	3 features	2026-08-21T15:41:04
Revolt of Artabazus	OK	5 features	2026-08-21T15:41:04
Revolt of Autophradates	OK	8 features	2026-08-21T15:41:04
Revolt of Cyrus the Younger	OK	8 features	2026-08-21T15:42:09
Revolt of Datames	OK	5 features	2026-08-21T15:42:09
Revolt of Eumenes	OK	20 features	2026-08-21T15:42:09
Revolt of Hermias	OK	1 features	2026-08-21T15:42:09
Revolt of Hua Clan	OK	1 features	2026-08-21T15:42:09
Revolt of Inaros	OK	3 features	2026-08-21T15:42:09
Revolt of Khababash	OK	3 features	2026-08-21T15:42:09
Revolt of Luan	OK	4 features	2026-08-21T15:42:09
Revolt of Lysimachus	OK	1 features	2026-08-21T15:42:09
Revolt of Mausolus	OK	2 features	2026-08-21T15:42:09
Revolt of Orontes	OK	5 features	2026-08-21T15:42:09
Revolt of Pissuthnes	OK	4 features	2026-08-21T15:42:09
Revolt of Ptolemy	OK	44 features	2026-08-21T15:42:09
Revolt of Wangzi Tui	OK	3 features	2026-08-21T15:42:09
Revolt of Wangzi Zhao	OK	4 features	2026-08-21T15:42:09
Rhegion	OK	17 features	2026-08-21T15:42:09
Rhodos	OK	15 features	2026-08-21T15:42:09
Roman Ally	OK	133 features	2026-08-21T15:42:09
Roman Latin Colony	OK	55 features	2026-08-21T15:42:09
Roman Republic	OK	472 features	2026-08-21T15:42:09
Rong	OK	4 features	2026-08-21T15:42:09
Rui	OK	3 features	2026-08-21T15:42:09
Ruo	OK	1 features	2026-08-21T15:42:09
Ruo'ao revolt	OK	1 features	2026-08-21T15:42:09
Saba	OK	1 features	2026-08-21T15:42:09
Sabines	OK	8 features	2026-08-21T15:42:09
Sabini	OK	1 features	2026-08-21T15:42:09
Saharan Peoples	OK	7 features	2026-08-21T15:42:09
Sakas	OK	6 features	2026-08-21T15:42:09
Sakya	OK	2 features	2026-08-21T15:42:09
Salamis	OK	27 features	2026-08-21T15:42:09
Salva	OK	1 features	2026-08-21T15:42:09
Salwa	OK	1 features	2026-08-21T15:42:09
Sambus	OK	1 features	2026-08-21T15:42:09
Samian Thalassocracy	OK	21 features	2026-08-21T15:42:09
Samnite Ally	OK	9 features	2026-08-21T15:42:09
Samnite Confederation	OK	69 features	2026-08-21T15:42:09
Samnites	OK	3 features	2026-08-21T15:42:09
Samnium	OK	1 features	2026-08-21T15:42:09
Samos	OK	4 features	2026-08-21T15:42:09
Sanxingdui Culture	OK	2 features	2026-08-21T15:42:09
Sardinians	OK	2 features	2026-08-21T15:42:09
Sattagydia	OK	1 features	2026-08-21T15:42:09
Sattyaputas	OK	1 features	2026-08-21T15:42:09
Saurashtra	OK	1 features	2026-08-21T15:42:09
Sauromatians	OK	1 features	2026-08-21T15:42:09
Sauvira	OK	1 features	2026-08-21T15:42:09
Savanna Peoples	OK	1 features	2026-08-21T15:42:09
Savaras	OK	1 features	2026-08-21T15:42:09
Scythia	OK	32 features	2026-08-21T15:42:09
Scythians	OK	8 features	2026-08-21T15:42:09
Sea Peoples	OK	46 features	2026-08-21T15:42:09
Sealand	OK	7 features	2026-08-21T15:42:09
Second Athenian League	OK	237 features	2026-08-21T15:42:09
Seleucid Ally	OK	13 features	2026-08-21T15:42:09
Seleucid Kingdom	OK	70 features	2026-08-21T15:42:09
Semitic Nomads	OK	2 features	2026-08-21T15:42:09
Shang	OK	28 features	2026-08-21T15:42:09
Shang Dynasty	OK	59 features	2026-08-21T15:42:09
Shanrong	OK	7 features	2026-08-21T15:42:09
Shao	OK	1 features	2026-08-21T15:43:02
Shen	OK	6 features	2026-08-21T15:43:02
Shen(2)	OK	1 features	2026-08-21T15:43:02
Shi	OK	1 features	2026-08-21T15:43:02
Shimashki	OK	45 features	2026-08-21T15:43:02
Shinuhtu	OK	2 features	2026-08-21T15:43:02
Shu	OK	14 features	2026-08-21T15:43:02
Shu Bao	OK	1 features	2026-08-21T15:43:02
Shu Yong	OK	1 features	2026-08-21T15:43:02
Shu jiu	OK	1 features	2026-08-21T15:43:02
Shu long	OK	1 features	2026-08-21T15:43:02
Shu(2)	OK	1 features	2026-08-21T15:43:02
Shubria	OK	1 features	2026-08-21T15:43:02
Shurparaka	OK	1 features	2026-08-21T15:43:02
Sicans	OK	8 features	2026-08-21T15:43:02
Sicelia	OK	5 features	2026-08-21T15:43:02
Sicels	OK	5 features	2026-08-21T15:43:02
Sicyon	OK	4 features	2026-08-21T15:43:02
Sidicini	OK	3 features	2026-08-21T15:43:02
Sikanoi	OK	2 features	2026-08-21T15:43:02
Sikeloi	OK	2 features	2026-08-21T15:43:02
Simurrum	OK	4 features	2026-08-21T15:43:02
Sindhu	OK	1 features	2026-08-21T15:43:02
Sinope	OK	1 features	2026-08-21T15:43:02
Sivi	OK	1 features	2026-08-21T15:43:02
Slavs	OK	1 features	2026-08-21T15:43:02
Song	OK	29 features	2026-08-21T15:43:02
South China Peoples	OK	32 features	2026-08-21T15:43:02
Stasis	OK	33 features	2026-08-21T15:43:02
Su	OK	1 features	2026-08-21T15:43:02
Subarctic Peoples	OK	1 features	2026-08-21T15:43:02
Subartum	OK	1 features	2026-08-21T15:43:02
Succession struggle	OK	5 features	2026-08-21T15:43:02
Suhma	OK	1 features	2026-08-21T15:43:02
Suhne	OK	1 features	2026-08-21T15:43:02
Suhu	OK	5 features	2026-08-21T15:43:02
Sui	OK	5 features	2026-08-21T15:43:02
Sui(2)	OK	1 features	2026-08-21T15:43:02
Surasena	OK	3 features	2026-08-21T15:43:02
Syracuse	OK	188 features	2026-08-21T15:43:02
Syracuse exiles	OK	14 features	2026-08-21T15:43:02
Tabal	OK	18 features	2026-08-21T15:43:02
Tan	OK	2 features	2026-08-21T15:43:02
Tan(2)	OK	1 features	2026-08-21T15:43:02
Tanagra	OK	1 features	2026-08-21T15:43:02
Tang	OK	3 features	2026-08-21T15:43:02
Taras	OK	7 features	2026-08-21T15:43:02
Tarhuntassa	OK	4 features	2026-08-21T15:43:02
Tartessos	OK	4 features	2026-08-21T15:43:02
Taulanti	OK	22 features	2026-08-21T15:43:02
Tauromenion	OK	2 features	2026-08-21T15:43:02
Taxila	OK	3 features	2026-08-21T15:43:02
Tegea	OK	5 features	2026-08-21T15:43:02
Teng	OK	3 features	2026-08-21T15:43:02
Terramare Culture	OK	1 features	2026-08-21T15:43:02
Teutons	OK	4 features	2026-08-21T15:43:02
Thai Peoples	OK	4 features	2026-08-21T15:43:02
Theban Ally	OK	107 features	2026-08-21T15:43:02
Thebes	OK	66 features	2026-08-21T15:43:02
Thespiae	OK	1 features	2026-08-21T15:43:02
Thesprotia	OK	1 features	2026-08-21T15:43:51
Thesprotians	OK	1 features	2026-08-21T15:43:51
Thessaly	OK	23 features	2026-08-21T15:43:51
Thrace	OK	1 features	2026-08-21T15:43:51
Thracians	OK	3 features	2026-08-21T15:43:51
Thraikes	OK	2 features	2026-08-21T15:43:51
Three Guards Rebellion	OK	16 features	2026-08-21T15:43:51
Three Yi Tribes	OK	2 features	2026-08-21T15:43:51
Thyni	OK	2 features	2026-08-21T15:43:51
Tian Qi	OK	29 features	2026-08-21T15:43:51
Tian clan	OK	4 features	2026-08-21T15:43:51
Tibur	OK	2 features	2026-08-21T15:43:51
Tong	OK	1 features	2026-08-21T15:43:51
Triballi	OK	5 features	2026-08-21T15:43:51
Trigarta	OK	5 features	2026-08-21T15:43:51
Triphylia	OK	5 features	2026-08-21T15:43:51
Troezen	OK	50 features	2026-08-21T15:43:51
Tuhe	OK	3 features	2026-08-21T15:43:51
Tummanna	OK	7 features	2026-08-21T15:43:51
Tuwana	OK	2 features	2026-08-21T15:43:51
Tymphaea	OK	1 features	2026-08-21T15:43:51
Tyranny of Syracuse	OK	85 features	2026-08-21T15:43:51
Uelikukhi	OK	9 features	2026-08-21T15:43:51
Ugrians	OK	1 features	2026-08-21T15:43:51
Umbri	OK	2 features	2026-08-21T15:43:51
Umbria	OK	4 features	2026-08-21T15:43:51
Umbrii	OK	1 features	2026-08-21T15:43:51
Umma	OK	13 features	2026-08-21T15:43:51
Ur III Tributary	OK	62 features	2026-08-21T15:43:51
Urartu	OK	177 features	2026-08-21T15:43:51
Urartu Tributary	OK	17 features	2026-08-21T15:43:51
Usinara	OK	2 features	2026-08-21T15:43:51
Utica	OK	1 features	2026-08-21T15:43:51
Utkala	OK	1 features	2026-08-21T15:43:51
Vajjika League	OK	6 features	2026-08-21T15:43:51
Valdivia Culture	OK	1 features	2026-08-21T15:43:51
Vanga	OK	3 features	2026-08-21T15:43:51
Vatsa	OK	4 features	2026-08-21T15:43:51
Vemaka	OK	1 features	2026-08-21T15:43:51
Veneti	OK	2 features	2026-08-21T15:43:51
Vestini	OK	2 features	2026-08-21T15:43:51
Vidarbha	OK	3 features	2026-08-21T15:43:51
Videha	OK	1 features	2026-08-21T15:43:51
Vitihotras	OK	1 features	2026-08-21T15:43:51
Volga Battle Axe Culture	OK	1 features	2026-08-21T15:43:51
Volsci	OK	57 features	2026-08-21T15:43:51
Vriji	OK	1 features	2026-08-21T15:43:51
Wahsusana	OK	1 features	2026-08-21T15:43:51
Wei	OK	67 features	2026-08-21T15:43:51
Wei clan	OK	5 features	2026-08-21T15:43:51
West African Peoples	OK	4 features	2026-08-21T15:43:51
Western Guo	OK	5 features	2026-08-21T15:43:51
Western Mediterraneans	OK	18 features	2026-08-21T15:43:51
Western Odrysia	OK	1 features	2026-08-21T15:43:51
Western Rong	OK	2 features	2026-08-21T15:43:51
Wey	OK	25 features	2026-08-21T15:43:51
White Di	OK	1 features	2026-08-21T15:43:51
Wilusa	OK	12 features	2026-08-21T15:43:51
Wu	OK	54 features	2026-08-21T15:43:51
Wucheng Culture	OK	23 features	2026-08-21T15:43:51
Wushi Rong	OK	1 features	2026-08-21T15:44:38
Wuzhong	OK	3 features	2026-08-21T15:44:38
Xi	OK	3 features	2026-08-21T15:44:38
Xia Dynasty	OK	1 features	2026-08-21T15:44:38
Xian	OK	1 features	2026-08-21T15:44:38
Xian Peoples	OK	2 features	2026-08-21T15:44:38
Xiang	OK	1 features	2026-08-21T15:44:38
Xiang(2)	OK	1 features	2026-08-21T15:44:38
Xianyu	OK	6 features	2026-08-21T15:44:38
Xiao	OK	1 features	2026-08-21T15:44:38
Xing	OK	4 features	2026-08-21T15:44:38
Xirong	OK	1 features	2026-08-21T15:44:38
Xu	OK	21 features	2026-08-21T15:44:38
Xu(2)	OK	4 features	2026-08-21T15:44:38
Xue	OK	5 features	2026-08-21T15:44:38
Xun	OK	1 features	2026-08-21T15:44:38
Xuqu	OK	1 features	2026-08-21T15:44:38
Yaminites	OK	2 features	2026-08-21T15:44:38
Yamkhad	OK	19 features	2026-08-21T15:44:38
Yan	OK	15 features	2026-08-21T15:44:38
Yan(2)	OK	1 features	2026-08-21T15:44:38
Yan(3)	OK	1 features	2026-08-21T15:44:38
Yang	OK	1 features	2026-08-21T15:44:38
Yang(2)	OK	1 features	2026-08-21T15:44:38
Yangyue	OK	2 features	2026-08-21T15:44:38
Yaudheya	OK	2 features	2026-08-21T15:44:38
Yi	OK	1 features	2026-08-21T15:44:38
Yi-Luo Rong	OK	1 features	2026-08-21T15:44:38
Yihu	OK	1 features	2026-08-21T15:44:38
Ying	OK	2 features	2026-08-21T15:44:38
Yingshi	OK	1 features	2026-08-21T15:44:38
Yiqu	OK	2 features	2026-08-21T15:44:38
Yong	OK	1 features	2026-08-21T15:44:38
Yu	OK	1 features	2026-08-21T15:44:38
Yu(2)	OK	1 features	2026-08-21T15:44:38
Yu(3)	OK	1 features	2026-08-21T15:44:38
Yue	OK	19 features	2026-08-21T15:44:38
Yue Peoples	OK	5 features	2026-08-21T15:44:38
Yueshi Culture	OK	2 features	2026-08-21T15:44:38
Yuezhi	OK	1 features	2026-08-21T15:44:38
Yun	OK	1 features	2026-08-21T15:44:38
Yuqui	OK	1 features	2026-08-21T15:44:38
Zabakhi	OK	1 features	2026-08-21T15:44:38
Zahara	OK	6 features	2026-08-21T15:44:38
Zalmaqum	OK	1 features	2026-08-21T15:44:38
Zamua	OK	1 features	2026-08-21T15:44:38
Zapotecs	OK	1 features	2026-08-21T15:44:38
Zeng	OK	2 features	2026-08-21T15:44:38
Zeng(2)	OK	1 features	2026-08-21T15:44:38
Zhang	OK	1 features	2026-08-21T15:44:38
Zhangzhung	OK	1 features	2026-08-21T15:44:38
Zhao	OK	45 features	2026-08-21T15:44:38
Zhao clan	OK	5 features	2026-08-21T15:44:38
Zhen	OK	1 features	2026-08-21T15:44:38
Zheng	OK	40 features	2026-08-21T15:44:38
Zhi clan	OK	4 features	2026-08-21T15:44:38
Zhonghang clan	OK	3 features	2026-08-21T15:44:38
Zhongli	OK	1 features	2026-08-21T15:44:38
Zhongshan	OK	4 features	2026-08-21T15:44:38
Zhongwu	OK	1 features	2026-08-21T15:44:38
Zhou	OK	10 features	2026-08-21T15:45:02
Zhou Dynasty	OK	210 features	2026-08-21T15:45:02
Zhou(2)	OK	1 features	2026-08-21T15:45:02
Zhou(3)	OK	1 features	2026-08-21T15:45:02
Zhoulai	OK	1 features	2026-08-21T15:45:02
Zhu	OK	7 features	2026-08-21T15:45:02
Zhu(2)	OK	1 features	2026-08-21T15:45:02
Zhu(3)	OK	1 features	2026-08-21T15:45:02
Zhuan	OK	1 features	2026-08-21T15:45:02
Zhuanyu	OK	1 features	2026-08-21T15:45:02
Zippasla	OK	21 features	2026-08-21T15:45:02
Zong	OK	1 features	2026-08-21T15:45:02
Zuo	OK	1 features	2026-08-21T15:45:02
