Index,Name,FromYear,ToYear,Area,Type,References,MemberOf,ColorR,ColorG,ColorB,Generated,SourceRun,geometry
1,Roman Ally,-486.5,-390.6,1015.4,POLITY,,,248,208,112,2026-08-16,Roman Ally,"POLYGON ((13.1307 41.8955, 13.1486 41.8893, 13.1817 41.8645,…"
2,Roman Ally,-390.6,-389.9,2333.5,POLITY,,,248,208,112,2026-08-16,Roman Ally,"MULTIPOLYGON (((13.1486 41.8893, 13.1817 41.8645, 13.23 41.8…"
3,Roman Ally,-389.9,-389.5,1318.1,POLITY,,,248,208,112,2026-08-16,Roman Ally,"POLYGON ((12.0241 42.2093, 12.0614 42.23, 12.1152 42.2672, 1…"
4,Roman Ally,-389.5,-358.6,1509.1,POLITY,,,248,208,112,2026-08-16,Roman Ally,"MULTIPOLYGON (((12.0241 42.2093, 12.0614 42.23, 12.1152 42.2…"
5,Roman Ally,-358.6,-353.9,2524.5,POLITY,,,248,208,112,2026-08-16,Roman Ally,"MULTIPOLYGON (((13.1817 41.8645, 13.23 41.8452, 13.281 41.83…"
6,Roman Ally,-353.9,-353.5,1206.4,POLITY,,,248,208,112,2026-08-16,Roman Ally,"MULTIPOLYGON (((13.1486 41.8893, 13.1817 41.8645, 13.23 41.8…"
7,Roman Ally,-353.5,-343.2,2079.7,POLITY,,,248,208,112,2026-08-16,Roman Ally,"MULTIPOLYGON (((13.1817 41.8645, 13.23 41.8452, 13.281 41.83…"
8,Roman Ally,-343.2,-342.8,3725.0,POLITY,,,248,208,112,2026-08-16,Roman Ally,"MULTIPOLYGON (((13.9335 41.03214, 13.93703 41.03639, 13.9372…"
9,Roman Ally,-342.8,-341.2,3886.0,POLITY,,,248,208,112,2026-08-16,Roman Ally,"MULTIPOLYGON (((13.9335 41.03214, 13.93703 41.03639, 13.9372…"
10,Roman Ally,-341.2,-339.5,2240.6,POLITY,,,248,208,112,2026-08-16,Roman Ally,"MULTIPOLYGON (((13.1817 41.8645, 13.23 41.8452, 13.281 41.83…"
11,Roman Ally,-339.5,-338.5,2304.1,POLITY,,,248,208,112,2026-08-16,Roman Ally,"MULTIPOLYGON (((14.47286 40.70439, 14.47347 40.70595, 14.475…"
12,Roman Ally,-338.5,-334.5,4666.6,POLITY,,,248,208,112,2026-08-16,Roman Ally,"MULTIPOLYGON (((13.0311 41.616, 13.0239 41.6046, 13.0198 41.…"
13,Roman Ally,-334.5,-326.7,5484.9,POLITY,,,248,208,112,2026-08-16,Roman Ally,"MULTIPOLYGON (((13.0772 41.5371, 13.092 41.523, 13.0958 41.5…"
14,Roman Ally,-326.7,-318.5,5670.1,POLITY,,,248,208,112,2026-08-16,Roman Ally,"MULTIPOLYGON (((13.092 41.523, 13.0958 41.5063, 13.0935 41.4…"
15,Roman Ally,-318.5,-313.3,12014.5,POLITY,,,248,208,112,2026-08-16,Roman Ally,"MULTIPOLYGON (((13.092 41.523, 13.0958 41.5063, 13.0935 41.4…"
16,Roman Ally,-313.3,-310.6,11674.9,POLITY,,,248,208,112,2026-08-16,Roman Ally,"MULTIPOLYGON (((13.092 41.523, 13.0958 41.5063, 13.0935 41.4…"
17,Roman Ally,-310.6,-310.4,12699.1,POLITY,,,248,208,112,2026-08-16,Roman Ally,"MULTIPOLYGON (((13.092 41.523, 13.0958 41.5063, 13.0935 41.4…"
18,Roman Ally,-310.4,-308.1,15791.9,POLITY,,,248,208,112,2026-08-16,Roman Ally,"MULTIPOLYGON (((12.9015 41.5955, 12.8953 41.613, 12.8859 41.…"
19,Roman Ally,-308.1,-307.5,15809.8,POLITY,,,248,208,112,2026-08-16,Roman Ally,"MULTIPOLYGON (((12.9015 41.5955, 12.8953 41.613, 12.8859 41.…"
20,Roman Ally,-307.5,-306.6,14929.4,POLITY,,,248,208,112,2026-08-16,Roman Ally,"MULTIPOLYGON (((12.9015 41.5955, 12.8953 41.613, 12.8859 41.…"
21,Roman Ally,-306.6,-305.5,15809.8,POLITY,,,248,208,112,2026-08-16,Roman Ally,"MULTIPOLYGON (((12.9015 41.5955, 12.8953 41.613, 12.8859 41.…"
22,Roman Ally,-305.5,-304.5,15881.8,POLITY,,,248,208,112,2026-08-16,Roman Ally,"MULTIPOLYGON (((12.9015 41.5955, 12.8953 41.613, 12.8859 41.…"
23,Roman Ally,-304.5,-303.5,24300.4,POLITY,,,248,208,112,2026-08-16,Roman Ally,"MULTIPOLYGON (((13.0958 41.5063, 13.0935 41.4873, 13.0868 41…"
24,Roman Ally,-303.5,-303.4,23192.0,POLITY,,,248,208,112,2026-08-16,Roman Ally,"MULTIPOLYGON (((13.092 41.523, 13.0958 41.5063, 13.0935 41.4…"
25,Roman Ally,-303.4,-302.8,22393.1,POLITY,,,248,208,112,2026-08-16,Roman Ally,"MULTIPOLYGON (((13.092 41.523, 13.0958 41.5063, 13.0935 41.4…"
26,Roman Ally,-302.8,-302.7,21004.8,POLITY,,,248,208,112,2026-08-16,Roman Ally,"MULTIPOLYGON (((13.092 41.523, 13.0958 41.5063, 13.0935 41.4…"
27,Roman Ally,-302.7,-302.6,20291.1,POLITY,,,248,208,112,2026-08-16,Roman Ally,"MULTIPOLYGON (((13.092 41.523, 13.0958 41.5063, 13.0935 41.4…"
28,Roman Ally,-302.6,-302.5,21679.4,POLITY,,,248,208,112,2026-08-16,Roman Ally,"MULTIPOLYGON (((13.0311 41.616, 13.0239 41.6046, 13.0198 41.…"
29,Roman Ally,-302.5,-299.3,24560.3,POLITY,,,248,208,112,2026-08-16,Roman Ally,"MULTIPOLYGON (((13.0958 41.5063, 13.0935 41.4873, 13.0868 41…"
30,Roman Ally,-299.3,-298.6,31739.5,POLITY,,,248,208,112,2026-08-16,Roman Ally,"MULTIPOLYGON (((13.0958 41.5063, 13.0935 41.4873, 13.0868 41…"
31,Roman Ally,-298.6,-295.8,58742.9,POLITY,,,248,208,112,2026-08-16,Roman Ally,"MULTIPOLYGON (((13.0958 41.5063, 13.0935 41.4873, 13.0868 41…"
32,Roman Ally,-295.8,-290.5,54625.9,POLITY,,,248,208,112,2026-08-16,Roman Ally,"MULTIPOLYGON (((13.0958 41.5063, 13.0935 41.4873, 13.0868 41…"
33,Roman Ally,-290.5,-290.2,65595.7,POLITY,,,248,208,112,2026-08-16,Roman Ally,"MULTIPOLYGON (((13.0958 41.5063, 13.0935 41.4873, 13.0868 41…"
34,Roman Ally,-290.2,-286.5,70653.4,POLITY,,,248,208,112,2026-08-16,Roman Ally,"MULTIPOLYGON (((13.0958 41.5063, 13.0935 41.4873, 13.0868 41…"
35,Roman Ally,-286.5,-283.5,68061.9,POLITY,,,248,208,112,2026-08-16,Roman Ally,"MULTIPOLYGON (((13.0958 41.5063, 13.0935 41.4873, 13.0868 41…"
36,Roman Ally,-283.5,-280.6,41058.7,POLITY,,,248,208,112,2026-08-16,Roman Ally,"MULTIPOLYGON (((13.092 41.523, 13.0958 41.5063, 13.0935 41.4…"
37,Roman Ally,-280.6,-280.4,46195.2,POLITY,,,248,208,112,2026-08-16,Roman Ally,"MULTIPOLYGON (((13.0958 41.5063, 13.0935 41.4873, 13.0868 41…"
38,Roman Ally,-280.4,-278.3,35225.2,POLITY,,,248,208,112,2026-08-16,Roman Ally,"MULTIPOLYGON (((13.092 41.523, 13.0958 41.5063, 13.0935 41.4…"
39,Roman Ally,-278.3,-277.5,35595.6,POLITY,,,248,208,112,2026-08-16,Roman Ally,"MULTIPOLYGON (((13.0958 41.5063, 13.0935 41.4873, 13.0868 41…"
40,Roman Ally,-277.5,-277.4,36730.2,POLITY,,,248,208,112,2026-08-16,Roman Ally,"MULTIPOLYGON (((13.0958 41.5063, 13.0935 41.4873, 13.0868 41…"
41,Roman Ally,-277.4,-276.5,37609.2,POLITY,,,248,208,112,2026-08-16,Roman Ally,"MULTIPOLYGON (((13.0958 41.5063, 13.0935 41.4873, 13.0868 41…"
42,Roman Ally,-276.5,-276.1,36474.6,POLITY,,,248,208,112,2026-08-16,Roman Ally,"MULTIPOLYGON (((13.0958 41.5063, 13.0935 41.4873, 13.0868 41…"
43,Roman Ally,-276.1,-274.5,35595.6,POLITY,,,248,208,112,2026-08-16,Roman Ally,"MULTIPOLYGON (((13.0958 41.5063, 13.0935 41.4873, 13.0868 41…"
44,Roman Ally,-274.5,-273.5,36730.2,POLITY,,,248,208,112,2026-08-16,Roman Ally,"MULTIPOLYGON (((13.0958 41.5063, 13.0935 41.4873, 13.0868 41…"
45,Roman Ally,-273.5,-272.5,36735.9,POLITY,,,248,208,112,2026-08-16,Roman Ally,"MULTIPOLYGON (((13.0958 41.5063, 13.0935 41.4873, 13.0868 41…"
46,Roman Ally,-272.5,-269.8,37961.5,POLITY,,,248,208,112,2026-08-16,Roman Ally,"MULTIPOLYGON (((13.0958 41.5063, 13.0935 41.4873, 13.0868 41…"
47,Roman Ally,-269.8,-267.5,33928.3,POLITY,,,248,208,112,2026-08-16,Roman Ally,"MULTIPOLYGON (((13.092 41.523, 13.0958 41.5063, 13.0935 41.4…"
48,Roman Ally,-267.5,-266.9,77854.2,POLITY,,,248,208,112,2026-08-16,Roman Ally,"MULTIPOLYGON (((13.0958 41.5063, 13.0935 41.4873, 13.0868 41…"
49,Roman Ally,-266.9,-266.5,71771.3,POLITY,,,248,208,112,2026-08-16,Roman Ally,"MULTIPOLYGON (((13.0958 41.5063, 13.0935 41.4873, 13.0868 41…"
50,Roman Ally,-266.5,-263.5,91295.2,POLITY,,,248,208,112,2026-08-16,Roman Ally,"MULTIPOLYGON (((12.9647 41.934, 12.9399 41.9402, 12.9027 41.…"
51,Roman Ally,-263.5,-263.3,92154.3,POLITY,,,248,208,112,2026-08-16,Roman Ally,"MULTIPOLYGON (((12.8953 41.613, 12.8859 41.6265, 12.887 41.6…"
52,Roman Ally,-263.3,-258.3,97106.7,POLITY,,,248,208,112,2026-08-16,Roman Ally,"MULTIPOLYGON (((13.0935 41.4873, 13.0868 41.4731, 13.0768 41…"
53,Roman Ally,-258.3,-1.0,96163.9,POLITY,,,248,208,112,2026-08-16,Roman Ally,"MULTIPOLYGON (((13.0935 41.4873, 13.0868 41.4731, 13.0768 41…"
54,Aequi,-304.5,-303.4,1584.6,POLITY,,(Roman Ally),248,210,114,2026-08-16,Roman Ally,"MULTIPOLYGON (((12.967 42.1436, 13.018 42.1601, 13.0829 42.1…"
55,Aequi,-303.4,-302.7,785.7,POLITY,,(Roman Ally),248,210,114,2026-08-16,Roman Ally,"MULTIPOLYGON (((13.52656 42.29392, 13.53372 42.2807, 13.5420…"
56,Aequi,-302.5,-290.2,785.7,POLITY,,(Roman Ally),248,210,114,2026-08-16,Roman Ally,"MULTIPOLYGON (((13.52656 42.29392, 13.53372 42.2807, 13.5420…"
57,Aequi,-290.2,-1.0,345.3,POLITY,,(Roman Ally),248,210,114,2026-08-16,Roman Ally,"POLYGON ((13.68031 42.18903, 13.6787 42.1618, 13.6815 42.120…"
58,Apulia,-318.5,-1.0,6344.4,POLITY,,(Roman Ally),248,209,114,2026-08-16,Roman Ally,"POLYGON ((16.271 41.3141, 16.2607 41.2955, 16.2214 41.2686, …"
59,Apulia,-304.2,-303.7,817.7,TRANSIENT,,(Roman Ally),248,209,125,2026-08-16,Roman Ally,"POLYGON ((16.0831 40.9593, 16.1597 40.9593, 16.259 40.9386, …"
60,Army,-304.2,-303.7,817.7,TRANSIENT,,(Apulia),248,209,125,2026-08-16,Roman Ally,"POLYGON ((16.0831 40.9593, 16.1597 40.9593, 16.259 40.9386, …"
61,Aritim,-310.4,-302.8,1388.3,POLITY,,(Roman Ally),248,209,119,2026-08-16,Roman Ally,"POLYGON ((12.0167 43.7633, 12.0367 43.755, 12.0217 43.7383, …"
62,Aritim,-302.6,-295.8,1388.3,POLITY,,(Roman Ally),248,209,119,2026-08-16,Roman Ally,"POLYGON ((12.0167 43.7633, 12.0367 43.755, 12.0217 43.7383, …"
63,Arretium,-266.5,-1.0,1388.3,POLITY,,(Roman Ally),248,211,115,2026-08-16,Roman Ally,"POLYGON ((12.0167 43.7633, 12.0367 43.755, 12.0217 43.7383, …"
64,Aurunci,-334.5,-313.3,267.8,POLITY,,(Roman Ally),248,208,127,2026-08-16,Roman Ally,"POLYGON ((13.84761 41.27486, 13.863 41.2729, 13.8982 41.2647…"
65,Aurunci,-313.3,-1.0,185.7,POLITY,,(Roman Ally),248,208,127,2026-08-16,Roman Ally,"POLYGON ((13.9748 41.2458, 13.9841 41.2429, 14.0317 41.2378,…"
66,Bruttian League,-267.5,-1.0,8943.7,POLITY,,(Roman Ally),248,210,127,2026-08-16,Roman Ally,"POLYGON ((16.4708 38.6175, 16.4708 38.5442, 16.4408 38.4942,…"
67,Caere,-353.5,-273.5,873.3,POLITY,,(Roman Ally),248,210,123,2026-08-16,Roman Ally,"POLYGON ((12.0241 42.2093, 12.0614 42.23, 12.1152 42.2672, 1…"
68,Caisra,-390.6,-353.9,1318.1,POLITY,,(Roman Ally),248,208,114,2026-08-16,Roman Ally,"POLYGON ((12.0241 42.2093, 12.0614 42.23, 12.1152 42.2672, 1…"
69,Campania,-343.2,-341.2,1645.3,POLITY,,(Roman Ally),248,208,116,2026-08-16,Roman Ally,"POLYGON ((13.91642 41.02183, 13.9327 41.03164, 13.9335 41.03…"
70,Catane,-263.3,-1.0,756.9,POLITY,,(Roman Ally),248,211,122,2026-08-16,Roman Ally,"POLYGON ((14.98 37.3975, 14.9617 37.4008, 14.9417 37.4042, 1…"
71,Clevsin,-310.6,-295.8,1024.1,POLITY,,(Roman Ally),248,209,116,2026-08-16,Roman Ally,"POLYGON ((11.7114 43.1669, 11.759 43.1731, 11.7983 43.1752, …"
72,Clusium,-266.5,-1.0,1024.1,POLITY,,(Roman Ally),248,211,117,2026-08-16,Roman Ally,"POLYGON ((11.7114 43.1669, 11.759 43.1731, 11.7983 43.1752, …"
73,Cora,-338.5,-1.0,39.4,POLITY,,(Roman Ally),248,208,124,2026-08-16,Roman Ally,"POLYGON ((12.9831 41.6569, 12.9742 41.6501, 12.9556 41.6346,…"
74,Corito,-266.5,-1.0,1036.4,POLITY,,(Roman Ally),248,211,116,2026-08-16,Roman Ally,"POLYGON ((11.6555 43.32, 11.701 43.3304, 11.7507 43.3386, 11…"
75,Croton,-277.5,-276.5,1134.6,POLITY,,(Roman Ally),248,210,121,2026-08-16,Roman Ally,"POLYGON ((16.58731 38.45781, 16.58481 38.47534, 16.58472 38.…"
76,Croton,-274.5,-1.0,1134.6,POLITY,,(Roman Ally),248,210,121,2026-08-16,Roman Ally,"POLYGON ((16.58731 38.45781, 16.58481 38.47534, 16.58472 38.…"
77,Curtun,-310.4,-295.8,1036.4,POLITY,,(Roman Ally),248,209,118,2026-08-16,Roman Ally,"POLYGON ((11.6555 43.32, 11.701 43.3304, 11.7507 43.3386, 11…"
78,Daunians,-320.4,-318.5,0.0,TRIBAL_AREA,,(Roman Ally),248,209,113,2026-08-16,Roman Ally,POINT (15.5672 41.6942)
79,Falerii,-342.8,-338.5,161.0,POLITY,,(Roman Ally),248,208,117,2026-08-16,Roman Ally,"POLYGON ((12.443 42.19795, 12.44375 42.20458, 12.44267 42.21…"
80,Frentani,-304.5,-1.0,3566.1,POLITY,,(Roman Ally),248,209,121,2026-08-16,Roman Ally,"POLYGON ((15.29244 41.92278, 15.28786 41.914, 15.28042 41.91…"
81,Heraclea (Lucania),-278.3,-1.0,370.4,POLITY,,(Roman Ally),248,210,120,2026-08-16,Roman Ally,"POLYGON ((16.7781 40.2957, 16.77211 40.28684, 16.758 40.2679…"
82,Hernici,-486.5,-389.9,1015.4,POLITY,,(Roman Ally),248,208,113,2026-08-16,Roman Ally,"POLYGON ((13.1307 41.8955, 13.1486 41.8893, 13.1817 41.8645,…"
83,Hernici,-358.6,-307.5,1015.4,POLITY,,(Roman Ally),248,208,113,2026-08-16,Roman Ally,"POLYGON ((13.1307 41.8955, 13.1486 41.8893, 13.1817 41.8645,…"
84,Hernici,-306.6,-1.0,1015.4,POLITY,,(Roman Ally),248,208,113,2026-08-16,Roman Ally,"POLYGON ((13.1307 41.8955, 13.1486 41.8893, 13.1817 41.8645,…"
85,Hirpini,-267.5,-1.0,1720.4,POLITY,,(Roman Ally),248,211,113,2026-08-16,Roman Ally,"POLYGON ((15.2631 41.0372, 15.2631 41.0404, 15.2724 41.059, …"
86,Kamarina,-263.3,-258.3,942.8,POLITY,,(Roman Ally),248,211,126,2026-08-16,Roman Ally,"POLYGON ((14.4027 36.9355, 14.4057 36.9373, 14.4158 36.9447,…"
87,Kingdom of Syracuse,-263.3,-1.0,3256.5,POLITY,,(Roman Ally),248,211,123,2026-08-16,Roman Ally,"MULTIPOLYGON (((15.11275 36.81486, 15.10739 36.8052, 15.1009…"
88,Kingdom of Syracuse,-262.1,-261.6,1988.1,TRANSIENT,,(Roman Ally),248,211,127,2026-08-16,Roman Ally,"POLYGON ((15.0773 36.632, 15.1547 36.6406, 15.2206 36.6921, …"
89,Naval expedition,-262.1,-261.6,1988.1,TRANSIENT,,(Kingdom of Syracuse),248,211,127,2026-08-16,Roman Ally,"POLYGON ((15.0773 36.632, 15.1547 36.6406, 15.2206 36.6921, …"
90,Tauromenion,-263.3,-1.0,696.3,POLITY,,(Kingdom of Syracuse),248,211,124,2026-08-16,Roman Ally,"POLYGON ((15.21139 37.73817, 15.1898 37.7378, 15.1539 37.746…"
91,Locri,-277.4,-276.1,879.0,POLITY,,(Roman Ally),248,210,122,2026-08-16,Roman Ally,"POLYGON ((16.58731 38.45781, 16.5734 38.4545, 16.5492 38.460…"
92,Locri,-273.5,-1.0,879.0,POLITY,,(Roman Ally),248,210,122,2026-08-16,Roman Ally,"POLYGON ((16.58731 38.45781, 16.5734 38.4545, 16.5492 38.460…"
93,Lucanians,-298.6,-283.5,27003.4,TRIBAL_AREA,,(Roman Ally),248,210,112,2026-08-16,Roman Ally,"POLYGON ((16.61806 39.99536, 16.62508 39.97811, 16.63464 39.…"
94,Lucanians,-267.5,-1.0,16046.1,TRIBAL_AREA,,(Roman Ally),248,210,112,2026-08-16,Roman Ally,"POLYGON ((16.61806 39.99536, 16.62508 39.97811, 16.63464 39.…"
95,Mamertines,-263.3,-1.0,800.7,POLITY,,(Roman Ally),248,211,125,2026-08-16,Roman Ally,"POLYGON ((15.1664 38.1527, 15.17167 38.15534, 15.21078 38.18…"
96,Marrucini,-304.5,-1.0,524.2,POLITY,,(Roman Ally),248,209,123,2026-08-16,Roman Ally,"POLYGON ((14.22514 42.47153, 14.22022 42.47045, 14.21883 42.…"
97,Marsi,-304.5,-1.0,894.7,POLITY,,(Roman Ally),248,209,124,2026-08-16,Roman Ally,"POLYGON ((13.3456 41.9738, 13.3836 41.9794, 13.4263 41.9863,…"
98,Massalia,-389.5,-1.0,191.0,POLITY,,(Roman Ally),248,208,115,2026-08-16,Roman Ally,"POLYGON ((5.4462 43.2198, 5.4554 43.2284, 5.4634 43.2381, 5.…"
99,Messapians,-267.5,-1.0,5394.2,TRIBAL_AREA,,(Roman Ally),248,210,125,2026-08-16,Roman Ally,"POLYGON ((18.4145 39.98389, 18.40728 39.97117, 18.40408 39.9…"
100,Neapolis,-326.7,-1.0,185.2,POLITY,,(Roman Ally),248,209,112,2026-08-16,Roman Ally,"POLYGON ((14.344 40.7988, 14.3459 40.8032, 14.3498 40.8151, …"
101,Norba,-338.5,-1.0,93.1,POLITY,,(Roman Ally),248,208,122,2026-08-16,Roman Ally,"POLYGON ((12.9831 41.6569, 12.9742 41.6501, 12.9556 41.6346,…"
102,Oriculum,-308.1,-290.2,17.9,POLITY,,(Roman Ally),248,209,120,2026-08-16,Roman Ally,"POLYGON ((12.4914 42.4158, 12.4908 42.4189, 12.4898 42.4219,…"
103,Paeligni,-304.5,-1.0,1921.0,POLITY,,(Roman Ally),248,209,122,2026-08-16,Roman Ally,"POLYGON ((13.68031 42.18903, 13.69283 42.18711, 13.70158 42.…"
104,Pentri,-267.5,-1.0,1811.5,POLITY,,(Roman Ally),248,211,112,2026-08-16,Roman Ally,"MULTIPOLYGON (((14.3125 41.8947, 14.3292 41.8814, 14.3608 41…"
105,Peucetians,-267.5,-1.0,5591.3,TRIBAL_AREA,,(Roman Ally),248,210,126,2026-08-16,Roman Ally,"POLYGON ((17.3703 40.8138, 17.329 40.7766, 17.2979 40.7538, …"
106,Piceni,-299.3,-290.2,7202.5,POLITY,,(Roman Ally),248,209,127,2026-08-16,Roman Ally,"POLYGON ((13.5502 42.6162, 13.5481 42.6431, 13.545 42.6607, …"
107,Piceni,-290.2,-286.5,6624.7,POLITY,,(Roman Ally),248,209,127,2026-08-16,Roman Ally,"POLYGON ((13.91522 42.89442, 13.92206 42.85506, 13.8917 42.8…"
108,Piceni,-286.5,-269.8,4033.2,POLITY,,(Roman Ally),248,209,127,2026-08-16,Roman Ally,"POLYGON ((13.91522 42.89442, 13.92206 42.85506, 13.8917 42.8…"
109,Pompeii,-339.5,-1.0,63.5,POLITY,,(Roman Ally),248,209,115,2026-08-16,Roman Ally,"POLYGON ((14.476 40.7003, 14.4823 40.6995, 14.4885 40.6995, …"
110,Populonia,-266.5,-1.0,723.0,POLITY,,(Roman Ally),248,211,119,2026-08-16,Roman Ally,"POLYGON ((10.53331 43.17433, 10.5486 43.171, 10.5755 43.1721…"
111,Praeneste,-338.5,-1.0,371.8,POLITY,,(Roman Ally),248,208,119,2026-08-16,Roman Ally,"POLYGON ((12.79 41.8383, 12.8099 41.8464, 12.8358 41.8547, 1…"
112,Purusia,-310.4,-295.8,668.2,POLITY,,(Roman Ally),248,209,117,2026-08-16,Roman Ally,"POLYGON ((12.29195 43.32358, 12.28908 43.32281, 12.26392 43.…"
113,Purusia,-266.5,-1.0,668.2,POLITY,,(Roman Ally),248,209,117,2026-08-16,Roman Ally,"POLYGON ((12.29195 43.32358, 12.28908 43.32281, 12.26392 43.…"
114,Sabini,-290.2,-1.0,1113.6,POLITY,,(Roman Ally),248,210,117,2026-08-16,Roman Ally,"POLYGON ((12.45681 42.42128, 12.45197 42.42395, 12.45133 42.…"
115,Saina,-266.5,-1.0,2551.5,POLITY,,(Roman Ally),248,211,121,2026-08-16,Roman Ally,"POLYGON ((10.9831 43.1059, 10.9997 43.1193, 11.0141 43.1441,…"
116,Samnium,-290.5,-280.4,10970.0,POLITY,,(Roman Ally),248,210,115,2026-08-16,Roman Ally,"MULTIPOLYGON (((15.3908 40.8175, 15.3592 40.8225, 15.3358 40…"
117,Samnium,-267.5,-1.0,4419.2,POLITY,,(Roman Ally),248,210,115,2026-08-16,Roman Ally,"POLYGON ((15.2662 41.0279, 15.291 41.0248, 15.3159 41.0155, …"
118,Setia,-338.5,-1.0,60.1,POLITY,,(Roman Ally),248,208,123,2026-08-16,Roman Ally,"POLYGON ((12.9887 41.5332, 13.0001 41.5394, 13.0167 41.5529,…"
119,Sidicini,-334.5,-313.3,550.5,POLITY,,(Roman Ally),248,208,126,2026-08-16,Roman Ally,"POLYGON ((13.8615 41.4137, 13.8786 41.4219, 13.9034 41.4271,…"
120,Sidicini,-313.3,-1.0,293.0,POLITY,,(Roman Ally),248,208,126,2026-08-16,Roman Ally,"POLYGON ((14.10836 41.38906, 14.11561 41.38536, 14.11694 41.…"
121,Signia,-338.5,-1.0,92.6,POLITY,,(Roman Ally),248,208,121,2026-08-16,Roman Ally,"POLYGON ((12.9976 41.6803, 12.9945 41.6755, 12.9883 41.6672,…"
122,Tarentum,-272.5,-1.0,1595.9,POLITY,,(Roman Ally),248,210,124,2026-08-16,Roman Ally,"POLYGON ((17.33133 40.3625, 17.3185 40.36281, 17.30897 40.36…"
123,Tarquinii,-266.5,-1.0,1273.3,POLITY,,(Roman Ally),248,211,114,2026-08-16,Roman Ally,"POLYGON ((11.6566 42.2948, 11.6814 42.3103, 11.7217 42.3372,…"
124,Tibur,-338.5,-1.0,479.0,POLITY,,(Roman Ally),248,208,118,2026-08-16,Roman Ally,"POLYGON ((13.1008 41.9187, 13.0856 41.927, 13.0718 41.9518, …"
125,Umbria,-290.2,-266.9,6083.0,POLITY,,(Roman Ally),248,210,116,2026-08-16,Roman Ally,"POLYGON ((12.3867 43.91, 12.35 43.875, 12.3117 43.8483, 12.2…"
126,Umbria,-266.5,-1.0,6083.0,POLITY,,(Roman Ally),248,210,116,2026-08-16,Roman Ally,"POLYGON ((12.3867 43.91, 12.35 43.875, 12.3117 43.8483, 12.2…"
127,Vestini,-302.5,-290.2,2167.2,POLITY,,(Roman Ally),248,209,126,2026-08-16,Roman Ally,"POLYGON ((14.03053 42.66011, 14.02481 42.6575, 14.01628 42.6…"
128,Vestini,-290.2,-1.0,969.1,POLITY,,(Roman Ally),248,209,126,2026-08-16,Roman Ally,"POLYGON ((14.03053 42.66011, 14.02481 42.6575, 14.01628 42.6…"
129,Vetulonium,-266.5,-1.0,1915.0,POLITY,,(Roman Ally),248,211,118,2026-08-16,Roman Ally,"POLYGON ((10.74683 42.92878, 10.749 42.94, 10.7676 42.9586, …"
130,Volaterrae,-266.5,-1.0,5098.7,POLITY,,(Roman Ally),248,211,120,2026-08-16,Roman Ally,"POLYGON ((10.27458 43.68737, 10.30611 43.68412, 10.3165 43.6…"
131,Volsci,-338.5,-303.5,1468.1,POLITY,,(Roman Ally),248,210,113,2026-08-16,Roman Ally,"MULTIPOLYGON (((13.8391 41.2952, 13.8247 41.3014, 13.7988 41…"
132,Volsci,-303.5,-1.0,357.5,POLITY,,(Roman Ally),248,210,113,2026-08-16,Roman Ally,"POLYGON ((13.6126 41.4017, 13.599 41.4183, 13.5825 41.4328, …"
133,Volsinii,-280.6,-1.0,2899.0,POLITY,,(Roman Ally),248,210,119,2026-08-16,Roman Ally,"POLYGON ((12.0279 42.9331, 12.0559 42.9372, 12.0797 42.9404,…"
