RefName,Lon,Lat,FromYear,ToYear
Caral,-77.52028,-10.89361,-2400,-1800
Madurai,78.122503,9.90839,-350,
Muziris,76.213146,10.153976,-350,1341
Kaveripattanam,79.855,11.144,-350,-300
Karur,78.079902,10.951893,-350,-250
Anuradhapura,80.41276,8.32444,-437,
Kerma,30.4097,19.6008,-2400,-1100
Karima,31.853738,18.565952,-1474,
Meroe,33.70098,16.911636,-1800,400
Ma'rib,45.35,15.416667,-1200,
Bodhan,77.9,18.67,-750,
Apollonopolis Magna,32.87333,24.97778,-2400,600
Ombos,32.96193,24.47345,-2400,550
Elephantine,32.88757,24.09412,-1800,560
Aswan,32.89744,24.08145,-2400,
Buhen,31.2833,21.9167,-1860,-1
al-Medina,39.611122,24.471153,-850,
Thatta,68.065079,24.72237,-1000,
(Lothal),72.24944,22.52139,-2400,-1700
(Dholavira),70.213636,23.888606,-2400,-1750
Bharuch,72.993,21.712,-1100,
Tewar,79.8465,23.143,-825,
Vidisha,77.82,23.53,-850,
Ujjayini,75.79,23.17,-871,
Mahishmati,76.151056,22.245583,-861,1300
Siwa,25.54353,29.205173,-750,
Memphis,31.25974,29.8678,-2400,1400
Atfih,31.25149,29.40565,-2400,
Faiyum,30.84411,29.30837,-2400,
Narmouthis,30.65116,29.19119,-1830,1000
Senusrethotem,30.96667,29.23333,-1890,-1100
Herakleopolis (Magna),30.93444,29.08556,-2400,500
Theodosiopolis,30.76645,29.10734,-1800,550
Hwt-nsw/Hutnesut,30.84615,28.55367,-2400,1000
Pemje,30.65417,28.55028,-2400,641
Akoris (Tenis he kai Hakoreos),30.7759,28.18983,-2400,350
Alabastronopolis/Alabastrine,30.84143,28.04407,-2400,1000
el Ashmunein,30.80389,27.78139,-2400,
el-Qusiya,30.81982,27.43706,-2400,
Asyut,31.18078,27.18079,-2400,
al Atawla,31.21667,27.23333,-2400,
Abutig,31.32111,27.04294,-2400,
Qaw el-Kebir,31.5202,26.9096,-2400,
Akhmim,31.74307,26.55932,-2400,
Thinis/This,31.84422,26.34124,-2400,1000
El Araba el Madfuna,31.91888,26.18486,-2400,
Hiw,32.30326,26.00452,-2400,
Dandarah/Dendera,32.6495,26.16136,-2400,
Qift,32.81583,25.99556,-2400,
Naqada,32.71667,25.9,-2400,
Qus,32.74687,25.91299,-2400,
Luxor,32.61028,25.72056,-2400,
Armant,32.54625,25.62486,-2400,
El-Tod,32.545,25.59322,-2400,
Gebelein,32.50961,25.45424,-2400,
Eileithyiaspolis,32.79778,25.11889,-2400,380
Hierakonpolis,32.77944,25.09722,-2400,250
Mersa Gawasis,34.0364,26.5572,-1996,
Amarna,30.9056,27.6617,-1376,-1358
Aqaba,35.0056,29.5319,-2400,
Tayma,38.5439,27.6297,-1100,
al-'Ula,37.9228,26.6127,-1100,
Dumat al-Jandal,39.8822,29.8032,-950,
Test Battle,42.5,27.5,-2400,-2000
(Failaka),48.29016,29.4371,-2100,700
(Qal'at al-Bahrain),50.52056,26.23361,-2400,1550
Persepolis,52.889437,29.93534,-516,-100
Taoke,51.187805,29.275641,-450,500
(Tepe Yahya),56.8675,28.33083,-2400,300
(Konar Sandal),57.77842,28.44937,-2400,-2000
Jiroft,57.743416,28.665408,-2400,
Hormuz,56.22236,27.161555,-2400,1000
Poura,60.45583,27.19444,-2400,
(Mohenjo-daro),68.1389,27.32917,-2400,-1800
(Nausharo),67.588,29.365,-2400,-1900
(Kalibangan),74.13028,29.47417,-2400,-1900
(Rakhigarhi),76.11417,29.29306,-2400,-1800
Assandh,76.72,29.51,-1200,
Hastinapura,78.02,29.17,-900,
New Delhi,77.244167,28.609444,-950,
Ahichchhatra,79.136,28.371,-1050,1100
Kampil,79.28,27.62,-1025,
Mathura,77.673611,27.4925,-925,
Bairat,76.181591,27.433189,-950,
Shravasti,82.033944,27.517083,-975,650
Ayodhya,82.2,26.8,-750,
Kausambi,81.392899,25.338984,-900,600
Banares,83.012778,25.318889,-875,
Suktimati,80.333333,25.483333,-850,-200
Kusinagara,83.888,26.741,-775,
Vaishali,85.13,25.99,-775,300
Pataliputra,85.1283,25.6125,-490,800
Rajgir,85.42,25.03,-800,
Champapuri,86.9417,25.2374,-800,
Janakpur,85.925,26.7286,-900,
(Dayangzhou),115.456,27.91,-1250,-1000
(Wucheng),116.01,29.18,-1500,-1000
Lepcis Magna,14.291378,32.637957,-1110,950
Kinyps,14.44733,32.527937,-514,-512
Plateia,23.1305,32.3999,-640,-639
Aziris,22.880611,32.683784,-638,-633
Cyrene,21.856555,32.820349,-632,999
Tokara,20.567298,32.536399,-630,
Sozousa,21.95676,32.893176,-606,643
Marj,20.892778,32.498333,-552,
Benghazi,20.091198,32.109789,-526,
Mersa Matruh,27.236845,31.350136,-1300,
Alexandria,29.909773,31.201435,-332,
Kouvouklia,32.58356,34.70724,-2400,1000
(Pyrgos Mavroraki),33.18333,34.74278,-2350,-1850
(Kalavasos-Ayios Dhimitrios),33.30306,34.75056,-1800,-1200
(Maroni),33.35583,34.75583,-1650,-1200
(Hala Sultan Tekke),33.61001,34.88528,-1600,-250
Gath,34.84688,31.69979,-2400,-600
Beth Shemesh,34.98665,31.74569,-2100,-701
Akkaron,34.84992,31.77889,-2400,550
Asdud,34.65517,31.76384,-1800,2000
Gezer,34.919,31.859,-2000,250
Antipatris,34.93028,32.105,-2400,363
(Tell Ifshar/Tell Hefer),34.904,32.37175,-2150,580
(Tell Zeror),34.97137,32.42931,-2150,-1100
Dora,34.91639,32.6175,-1900,650
Gaza,34.41107,31.5087,-2400,
(Tell el-Hasi),34.73028,31.54778,-2400,-400
Lachish,34.849,31.565,-2400,-200
Ascalon,34.56667,31.66667,-2400,1270
Boukolonpolis,34.93833,32.68722,-1825,-100
(Tel Nami),34.92781,32.65966,-1775,-1250
(Tel Michal),34.79778,32.15917,-1675,1000
Gath-rimmon?,34.8075,32.09167,-2250,1300
Yafa,34.75099,32.04836,-1950,
St. Jorge de Lydde,34.889,31.9485,-2400,1250
(Tel Mor),34.66313,31.85085,-1600,500
Timna(t)h,34.9112,31.78502,-1700,-400
Yarmut,34.98801,31.72357,-2400,-600
Azeka(h),34.93567,31.70035,-1600,150
(Tel 'Erani),34.74097,31.64199,-2400,-586
Sharuhen?,34.4043,31.46767,-2100,-1410
Debir,34.99473,31.44746,-2400,-50
Gerar,34.60658,31.39186,-1900,300
Ziklag,34.68075,31.39057,-2200,-350
Arsa,34.44472,31.3875,-2000,-375
Thala,34.86447,31.38102,-2400,1000
(Tel 'Ira),34.97368,31.24859,-2400,1000
Aboukir,30.05112,31.30418,-2400,
Pi-Ramesses,31.82137,30.78742,-1783,-1000
Leontopolis,31.38794,30.76045,-1600,640
Ausim,31.13854,30.1435,-2400,
Heliopolis,31.28889,30.12953,-2400,1000
Terenuthis,30.83007,30.42938,-1850,640
Anthribis,31.17546,30.46328,-2400,640
Bubastis,31.51,30.57278,-2400,650
Gynaekopolis?/Momemphis,30.62123,30.79435,-2400,640
Sais,30.76833,30.96472,-2400,640
Busiris,31.24444,30.91111,-2400,640
Sebennytos,31.26003,30.98508,-2400,640
Mendes,31.51583,30.95833,-2400,
Sakha,30.95921,31.02599,-2400,
Buto,30.74472,31.19639,-2400,640
Tura,31.26042,30.00226,-2400,
Tanis,31.88,30.976944,-1150,550
Beersheba,34.799708,31.249772,-1175,
Citium,33.635714,34.932127,-1250,342
Yavne,34.738425,31.876462,-1000,
Iamneia Paralios,34.696549,31.929643,-1200,1150
Rafah,34.242503,31.290688,-1350,
al-Farama,32.600128,31.049917,-2400,1516
Naukratis,30.591928,30.900508,-630,540
Tahpanhes,32.171531,30.860655,-650,-450
Amathous,33.137081,34.712264,-1100,700
Kourion,32.883723,34.666227,-1250,650
Limassol,33.039628,34.67624,-850,
(Alassa),32.9275,34.764167,-1300,-1100
Paphos,32.406593,34.757212,-320,
Hebron,35.095,31.53333,-2400,1600
Jerusalem,35.2328,31.7887,-2400,
Jericho,35.46218,31.85544,-2400,-586
Amman,35.93278,31.94972,-2400,
Shechem,35.2875,32.2225,-1900,-107
Baysan,35.5,32.50395,-2400,1100
Megiddo,35.18056,32.57889,-2400,-332
Philoteria,35.57186,32.71796,-2400,640
Akko,35.08167,32.92778,-2000,1918
Hazor,35.56905,33.01824,-2400,-250
Dan,35.652,33.249,-2400,350
Damascus,36.292,33.513,-2400,
Sayda,35.37348,33.56271,-2400,
Kumidi,35.816,33.616,-2400,550
Jubail,35.65111,34.12361,-2400,
Tadmor (Palmyra),38.27945,34.56109,-2100,
Qatna,36.86583,34.835,-2400,-600
Beirut,35.51306,33.88694,-2400,
es-Sur,35.1964,33.27254,-2400,
Rouad,35.86207,34.85989,-2200,
Arqa,36.04583,34.53056,-2400,
Amrit,35.91185,34.82712,-2100,-330
Castle Umberti,35.10506,33.05107,-2000,1290
Kabrita,35.13908,33.00838,-2000,300
Achshaph?,35.17635,32.87542,-2400,-100
Gennesar,35.5302,32.86102,-2400,550
Shihor-Libna(t)h?,35.0192,32.8008,-1550,-330
(Tel 'Ein-Zippori),35.306,32.7332,-1550,-850
(Tell Yin 'am),35.487,32.7068,-2200,300
Yokneam,35.2072,32.64834,-2400,1600
Kadasa,35.52952,33.11164,-2000,550
Tha'anach,35.2139,32.47345,-1750,1750
Tabaqat Fahl,35.61364,32.46102,-2400,
Dothan,35.23986,32.41353,-2400,-721
Tizrah,35.3378,32.28739,-1900,-610
Zarethan,35.57656,32.27571,-2400,-721
Silo,35.28647,32.05989,-1750,700
(Tell el-Umeiri West),35.87214,32.01786,-1750,120
(Tell Safut),35.92597,31.99584,-1750,550
Beitin,35.23817,31.92834,-2400,
el-Jib,35.18808,31.85198,-2200,999
Tell Iktanu,35.66667,31.81667,-2200,
Bethsoura,35.093,31.58621,-1750,-100
Dhiban,35.78336,31.49944,-2400,
Lehun,35.85205,31.50441,-2400,-539
Aroer,35.80449,31.45903,-2300,-582
(Bab edh-Dhra),35.53418,31.25393,-2400,-2000
Laodicea ad Libanum,36.50714,34.55706,-2400,550
Ullassa,35.851,34.4424,-1600,-1150
Simyra,35.997,34.7173,-2000,640
Jabesh-Gilead,35.5951,32.399,-1650,-600
Kabul,35.2022,32.8697,-1100,
Sebeste,35.195,32.2764,-876,
Jenin,35.3025,32.4618,-1500,
Succoth,35.6031,32.1889,-1550,-450
Ramoth-Gilead,36.0167,32.5,-1050,-500
Al-Karak,35.7033,31.1832,-2400,
Madaba,35.7945,31.7173,-1500,
Petra,35.4419,30.3286,-1200,363
Arad,35.125,31.2808,-2400,700
Tripoli,35.812,34.449,-750,
Babylon,44.42083,32.60306,-2400,
Kish,44.65,32.55,-2400,560
Cutha,44.61278,32.75722,-2400,-100
Marad,44.78333,32.06667,-2400,-150
Dilbat,44.45745,32.28507,-2400,800
Akkad,44.3871,33.3258,-2400,-415
Borsippa,44.34169,32.392,-2050,700
Urum?,44.68333,32.78333,-2400,-560
Sippar,44.25222,33.05889,-2400,200
Dur-Samsu-iluna,44.55575,33.35468,-2400,-1500
Shaduppum,44.46667,33.36667,-2400,-1792
Eshnunna,44.75,33.75,-2400,-1700
Harada,41.6,34.43333,-1900,-550
Mari,40.89,34.54944,-2400,-300
Ashara,40.567,34.9321,-2400,
Kazallu,44.4255,32.7195,-2400,-1700
Ctesiphon,44.5806,33.0936,-2100,750
Rapiqu(m),43.9052,33.2783,-2200,-650
Hit,42.8696,33.6335,-2400,
Nerebtum,44.65,33.7167,-2100,-1200
Ana,41.9918,34.4593,-1950,
Harbu,42.6355,33.7135,-1875,-575
Yabliya,42.6221,33.8177,-1975,-1200
Mulhan,42.4833,33.9421,-1925,-1300
Sab/piritu,42.2147,34.1993,-2000,-750
Mishlan,40.9319,34.3988,-1950,-1400
Samanum,40.518,34.8236,-1975,-1450
Sippar-Anunnitu,44.4833,33.1667,-2250,-425
Mankisum,44.4859,33.6514,-2125,-1375
Shitallum,43.7759,34.4981,-1925,-1650
Dur-Galzu,44.2022,33.3536,-1397,-475
Eridu,45.99607,30.81584,-2400,-550
Dur-Yakin,46.33333,30.83333,-2400,-707
Ur,46.10306,30.9625,-2400,-400
Larsa,45.85361,31.28583,-2400,100
Uruk,45.63611,31.32222,-2400,700
City of Lagash,46.40722,31.41139,-2400,-1750
Girsu,46.15,31.61667,-2400,-1700
Umma,45.86667,31.63333,-2400,-1600
Zabala,45.87139,31.73639,-2400,-1500
Bad-tibira,46.0,31.76667,-2400,-1750
Shuruppak,45.50976,31.77736,-2400,-1980
Kisurra,45.43333,31.83333,-2400,-1300
Isin,45.28333,31.93333,-2400,-330
Adab,45.96667,31.95,-2400,-1250
Dur Untush,48.52083,32.00833,-1250,-1240
Kabnak,48.32639,32.07889,-1600,-500
Nufar,45.23083,32.12694,-2400,800
Der,45.931389,33.123611,-2400,-300
(Godin Tepe),48.06667,34.51667,-2400,-500
Shush,48.25779,32.18922,-2400,
Me-Turran,45.05464,34.09729,-2075,-375
Zurghul,46.64737,31.37104,-2400,
Kutalla,45.64737,31.46154,-2000,-1550
Kakru,45.71164,31.80995,-2400,-1250
Awan,47.5269,33.1244,-2400,-1950
Larak,45.51852,32.60259,-2400,-525
Akshak,45.7043,34.181,-2400,-2000
Urua (Arawa)?,47.12995,32.67453,-2400,-1500
Ram Hormizd,49.41222,31.36028,-2200,700
Zabban,45.6017,34.8808,-2400,-500
Malgium,45.2293,32.7703,-2000,-1550
Hamadan,48.512209,34.799294,-1200,
Isfahan,51.69519,32.64706,-2400,
Anshan,52.40778,30.01167,-2400,600
Huhnur,50.52802,30.78231,-2400,-1100
Pasargadae,53.172733,30.191439,-550,300
(Shahr-e Sukhteh),61.32639,30.59528,-2400,-1800
Herat,62.188384,34.345833,-650,
Farah,61.490615,32.452692,-544,
Zranka/Zarin,61.136446,30.779792,-544,-309
(Mundigak),65.5246,31.9039,-2400,-1900
Kapisa,69.755491,34.951323,-1250,1400
Kabul,69.18024,34.521818,-1200,
Ghazni,68.388483,33.498616,-700,
Kandahar,65.700272,31.61088,-875,
(Harappa),72.86389,30.6289,-2400,-1700
Peucela,71.736,34.168,-1300,180
Taxila,72.7875,33.745833,-1000,700
Sialkot,74.541542,32.238201,-950,
(Sanxingdui),104.2,30.993,-1600,-1100
Chengdu,104.066111,30.656944,-1200,
Quanqiu,104.976944,34.100833,-1034,
Xi'an,108.768333,34.2755,-1051,
Qishan,107.842697,34.494169,-1120,-200
Baoji,107.238056,34.363056,-1120,
Enshi,109.483333,30.283333,-1100,
Tianshui,105.733333,34.583333,-900,
Qian,106.789722,34.834722,-776,-210
Xidu,107.420556,34.56,-762,1000
Baoji,107.238056,34.363056,-900,
(Erlitou),112.697078,34.701758,-1900,-1500
Zhengzhou,113.683889,34.763889,-1570,
(Panlongcheng),114.26,30.6966,-1455,-1300
Qi,114.7831,34.5489,-1590,-770
Luoyang,112.442222,34.669722,-2070,
Wangcheng,112.307622,34.669722,-1026,25
Dengfeng,113.025278,34.455278,-2070,
Shangcai,114.2639,33.2619,-1045,
Danyang,111.4241,32.6379,-1030,-600
Ezhou,114.8833,30.4,-1020,
Sanmenxia,111.2011,34.7731,-816,
Xi,114.74,32.3431,-1122,-200
Jingzhou,112.2419,30.3361,-2400,
Xuzhou,117.216667,34.266667,-1450,
Xintai,117.768056,34.908889,-770,
Shangqiu,115.656111,34.415,-1045,
Wuxi,120.3,31.566667,-1126,
Shaoxing,120.579167,30.001667,-489,
Suzhou,120.585278,31.299722,-700,
Sala,-6.821498,34.006821,-750,720
Ibiza,1.432146,38.908393,-654,
Tipaza,2.441918,36.594243,-610,
Algiers,3.053218,36.768912,-540,
Dellys,3.909645,36.912855,-550,
Tigzirt,4.123272,36.894893,-530,
Cherchell,2.19185,36.607058,-590,
Tenes,1.310964,36.510044,-810,
Quiza Xenitana,0.241679,36.02993,-520,550
Annaba,7.751272,36.882478,-1150,
Nora,9.015282,38.984818,-780,750
Sulci,8.4547,39.061743,-716,700
Tharros,8.440249,39.879432,-710,1070
Cagliari,9.109522,39.214886,-700,
Jijel,5.766168,36.8213,-580,
Bizerte,9.87311,37.27615,-1100,
Dugga,9.21869,36.42324,-595,1000
Tabarka,8.749747,36.956778,-600,1000
Bejaia,5.057965,36.740851,-560,1000
Utica,10.061305,37.055611,-1102,700
Carthage,10.3233,36.8528,-814,
Lentini,14.998115,37.285478,-730,
Motya,12.469698,37.868091,-716,-30
Hadrumetum,10.63878,35.825866,-850,900
Palermo,13.353442,38.11127,-734,
Mdina,14.400124,35.885167,-703,
Terranova di Sicilia,14.25847,37.063093,-688,
Acre,14.896706,37.058593,-664,540
Termini Imerese,13.822496,37.970797,-648,
Kasmenai,14.836284,37.073804,-644,-212
Selinus,12.872912,37.572937,-628,-250
Camarina,14.46942,36.860289,-598,853
Agrigento,13.58548,37.290594,-582,
Segesta,12.83249,37.941433,-900,900
Lipari,14.9539,38.467419,-578,
(Kerkouane),11.09886,36.947009,-650,-250
Heraclea Minoa,13.27982,37.391916,-550,70
Eryx,12.58361,38.036517,-850,100
Trapani,12.51782,38.017128,-800,
Soluntum,13.5313,38.092439,-725,830
Mineo,14.69094,37.266404,-460,
Palike,14.69736,37.329954,-454,-440
Inessa/Aetna,14.9,37.61667,-476,100
Caronia,14.44077,38.024474,-447,
Enna,14.28015,37.5672,-1150,
Adrano,14.83337,37.66197,-400,
Entella,13.12498,37.77398,-750,1240
Agira,14.52599,37.65624,-550,
Centuripe,14.74002,37.62407,-500,
Kelibia,11.11579,36.83851,-450,
Cefalu,14.02557,38.03814,-600,
Apollonia (Sicily),14.59565,38.03247,-390,250
Licata,13.93184,37.10001,-282,
Halaesa,14.2629,37.99799,-403,100
Corfu,19.9156,39.6063,-740,
Naxos,15.2678,37.8225,-734,-404
Syracuse,15.2792,37.0716,-734,
Megara/Hyblaea,15.1818,37.2037,-726,-30
Catania,15.0881,37.503,-728,
Messina,15.5566,38.1923,-724,
Reggio di Calabria,15.647,38.1107,-1100,
Copia/Thruii,16.4909,39.7157,-720,1350
Milazzo,15.240438,38.219365,-716,
Crotone,17.12797,39.08117,-710,
Helorus,15.1074,36.8415,-700,50
Epizephyrian Locris,16.2443,38.2263,-680,915
Caulonia,16.4098,38.3825,-650,-200
Vibo Valentia,16.0976,38.6756,-646,
Laus,15.8244,39.7677,-638,50
Medma,15.9764,38.4873,-614,100
Tempsa,16.1596,39.0365,-516,550
Terina,16.2389,38.9449,-480,540
Sybaris on the Traeis,16.771,39.5906,-444,-350
Tindari,15.0446,38.1427,-396,900
Taormina,15.2921,37.8524,-396,
Cosenza,16.253611,39.295395,-500,
Phaistos,24.8143,35.0465,-2400,-220
Aegina,23.4469,37.7506,-2000,
Mycenae,22.7564,37.7308,-2400,-464
Tiryns,22.7997,37.5994,-2400,-468
(Pavlopetri),22.98861,36.51694,-2400,-1000
Iolcos,22.96886,39.366305,-1700,-294
Thebes (Greece),23.327577,38.319156,-2400,
Gla,23.181914,38.484051,-2000,-378
Orchomenus (Boeotia),22.978315,38.494575,-1650,
Therapne,22.454916,37.060007,-2000,-1160
Kichyros,20.527922,39.246912,-1550,330
Thermon,21.667571,38.558783,-1500,-189
Delphi,22.501169,38.482289,-1600,
Kirra,22.45194,38.44704,-1350,-586
Calydon,21.533182,38.372926,-1575,-31
Eutresis,23.2086,38.1846,-2400,-1180
Old Eretria,23.682171,38.411782,-2100,-600
Brauron,23.993611,37.929167,-2000,-250
Argos,22.719464,37.631561,-2400,
Lerna,22.718326,37.551241,-2400,-1150
Athens,23.726158,37.97583,-2400,
Pylos,21.695,37.028,-2400,-621
Aigeira,22.377887,38.129793,-2400,
(Teichos Dymaion),21.4032,38.1566,-2400,-1200
Sparti,22.427298,37.077905,-950,
Amyclae,22.437225,37.026007,-930,-740
Messene,21.92169,37.179299,-950,
Helos,22.6075,36.843333,-950,-10
Chalkida,23.621937,38.457139,-1550,
Asine,22.874167,37.526667,-850,-700
Ampheia,22.075138,37.264193,-750,350
Corinth,22.89998,37.898002,-900,1858
Megara,23.340163,37.985078,-850,
Elis,21.375091,37.891781,-1100,
Olympia,21.630875,37.638689,-776,
Lepreum,21.726002,37.432321,-725,950
Helike,22.144303,38.220538,-1250,-374
Rhypes,22.018942,38.213931,-750,-30
Scione,23.574785,39.939063,-702,540
Buchetium,20.850515,39.160816,-702,640
Eretria,23.791806,38.399266,-700,540
Makyneia,21.726328,38.355157,-700,
Karystos,24.420381,38.016541,-1300,
Pandosia,20.677687,39.278395,-685,330
Sicyon,22.712193,37.983819,-1350,300
Elateia (Epirus),20.715556,39.163333,-668,-350
Alea,22.420672,37.455301,-875,
Anactorium,20.843498,38.920935,-654,530
Lefkada,20.713116,38.807342,-648,
Arta,20.990092,39.154924,-636,
Nafplio,22.808706,37.568123,-680,
Methoni,21.705878,36.81618,-1400,
Kalaureia,23.479167,37.518611,-675,-100
Ermione,23.243591,37.385218,-1120,
Epidavros,23.160156,37.633463,-900,
Prasiai,22.890275,37.144402,-850,550
Anthela,22.510613,38.800123,-750,
Marathon,23.979372,38.137916,-900,
Thyrea,22.733056,37.395,-850,550
Plataea,23.271847,38.21573,-1000,400
Khanea,24.01869,35.515775,-2400,
Hysiae,23.344419,38.217217,-750,100
Oenoe,23.448889,38.168056,-750,550
Thronion,22.725727,38.775841,-750,-30
Farsala,22.351389,39.31387,-750,
Pherae,22.753851,39.379043,-780,540
Larissa,22.42097,39.634851,-760,
Mantineia,22.392578,37.617379,-500,160
Halieis,23.144814,37.308292,-760,-310
Tanagra,23.581173,38.300198,-740,
Nefpaktos,21.831267,38.399726,-850,
Oeniadae,21.196384,38.407067,-870,50
Pegai,23.197116,38.084923,-790,800
Chaironeia,22.84143,38.493968,-1500,
Coronea,22.95711,38.3912,-800,
Amfilochia,21.24253,38.98962,-700,
Astakos,21.08725,38.54715,-550,
Cranium,20.5167,38.16783,-700,200
Kalabaka,21.36335,39.82819,-540,1600
Stratus,21.31787,38.67229,-680,-25
Pylos,21.65989,36.95203,-426,1281
Toroni,23.90445,39.97667,-720,
Heraklea/Trachis,22.44758,38.79204,-426,550
Patras,21.73852,38.24327,-1400,
Orchomenus (Arcadia),22.31536,37.72472,-426,550
Epidauros Limera,23.02637,36.7313,-731,545
Oropos,23.79,38.31946,-650,
Eleusis,23.5374,38.0411,-1000,396
Haliartos,23.0866,38.37832,-800,-171
Phlius,22.64917,37.84639,-1300,400
Oreus,23.09053,38.9466,-1300,150
Thespiae,23.15236,38.29453,-800,200
Livadeia,22.87496,38.43537,-750,
Phigaleia,21.83911,37.39629,-775,175
Heraea,21.86378,37.61346,-825,225
Megalopoli,22.1264,37.41427,-368,
Pellene,22.54834,38.04321,-1250,250
Krannon,22.30413,39.49911,-1250,250
Sellasia,22.4406,37.16927,-725,-222
Lasiona,21.74346,37.79803,-780,
Pagasai,22.9444,39.31084,-1300,600
Passaron,20.75239,39.73301,-410,300
Amfissa,22.37417,38.5184,-1400,
Elateia,22.77999,38.64563,-690,550
Phthiotic Thebes,22.76177,39.27339,-500,950
Lamia,22.44259,38.903,-600,
Alyzeia,20.94771,38.70891,-450,200
Kyllene,21.14387,37.93324,-900,300
Dyme,21.55143,38.14463,-600,200
Aigio,22.08195,38.25271,-950,
Igoumenitsa,20.26223,39.57066,-600,
Demetrias (Magnesia),22.92403,39.34348,-294,1000
Troizen,23.34849,37.50311,-900,
Gortyna,24.946943,35.062107,-1950,1000
Aptera,24.141397,35.462662,-1300,650
Polyrrhenia,23.656412,35.458635,-1100,700
Axos,24.844133,35.308042,-1150,
Rhamnous,24.026915,38.219286,-750,400
Marmara,25.489,35.3001,-2000,550
Zakros,26.2614,35.0981,-2000,-1450
Knossos,25.1631,35.2981,-2000,
Akrotiri,25.4036,36.3514,-2200,-1628
Troy,26.2389,39.9575,-2400,500
(Beycesultan),29.7,38.25,-2400,-1200
Cantaloyuk,29.661739,36.309428,-2000,
Tlos,29.4208,36.552536,-2400,1800
Patara,29.3145,36.2618,-1750,550
Pinara,29.252035,36.49381,-1700,850
Miletos,27.277706,37.521576,-2400,
Afsis,27.34551,37.94218,-2200,1480
Metropolis,27.3225,38.125,-2000,640
Pitane,26.937453,38.928297,-1600,640
Izmir,27.170278,38.464167,-1100,
Colophon,27.141667,38.108889,-1000,-310
Sart,28.040278,38.488333,-1450,
Litri,26.47994,38.382361,-1125,
Camirus,27.921195,36.336185,-1350,350
Lindos,28.088203,36.091221,-950,
Rhodos,28.15629,36.41451,-1150,
Priene,27.410278,37.750833,-1000,-665
Priene,27.3662,37.7059,-665,-500
Priene,27.246111,37.639167,-500,-350
Samsun Kale,27.298333,37.66,-350,1923
Myus,27.429444,37.595556,-975,-275
Teos,26.785397,38.185491,-1025,600
Clazomenae,26.77774,38.367858,-1050,1400
Foca,26.754884,38.670327,-900,
Lebedus,26.964722,38.077883,-1000,1000
Cyme (Aeolis),26.939218,38.760689,-1100,1500
Laris(s)a Phrikonis,27.033411,38.689068,-1200,200
Temnos,27.196998,38.671912,-950,60
Myrina,26.985537,38.840097,-1150,1000
Gryneium,27.069173,38.874665,-1075,150
Colophon ad Mare,27.200852,37.995278,-1125,-60
Aegae (Aeolis),27.19367,38.83379,-1075,500
Assos,26.338358,39.491111,-950,550
Methymna,26.176891,39.369167,-1130,
Mytilene,26.547048,39.110475,-975,
Chios,26.134234,38.37641,-1100,
Samos,26.944483,37.68825,-1030,
Maeandropolis,27.526039,37.850549,-1175,400
Panionium,27.280208,37.707373,-770,350
Iasos,27.585075,37.278837,-2400,1450
Manisa,27.487302,38.541317,-950,
Thera,25.477816,36.363374,-850,726
Bodrum,27.420201,37.042901,-900,
Cnidus,27.692613,36.733283,-950,-360
Sigeum,26.180869,39.983531,-650,-35
Xanthos,29.31836,36.355934,-710,1000
Antandros,26.791496,39.5785,-800,540
Kaunos,28.622085,36.825288,-950,1450
Pergamum,27.184167,39.1325,-750,1300
Lyktos,25.3682,35.2081,-1800,100
Atarneus,26.921325,39.091454,-850,-40
Edremit,26.936098,39.49864,-550,
Cnidus,27.372839,36.688179,-360,900
Tyatrra,27.836216,38.920152,-850,550
Itanus,26.262979,35.263259,-750,1450
Praisos,26.09054,35.123297,-1800,-140
Hierapytna,25.73875,35.009529,-1850,950
Olous,25.738816,35.257679,-1950,750
Antalya,33.70051,36.89379,-2400,
Tarsus,34.89263,36.91412,-2400,
Ullamma,33.83583,38.41139,-2400,-1646
Konya,32.50571,37.86757,-2400,
Purushanda,32.4482,37.8202,-2400,-1100
Mersin,34.6116,36.7953,-2400,
Kemenhisar,34.6079,37.8278,-2000,
Silifke,33.969124,36.584382,-1900,
Perge,30.853,36.96,-2000,1350
Hyde,33.517464,37.440842,-1800,640
Salaberina,34.034002,38.120083,-1700,640
Gordium,31.988313,39.651996,-2400,-30
Aksaray,34.028889,38.374167,-1000,
Phaselis,30.549049,36.522806,-698,1100
Nagidos,32.976596,36.100825,-668,-110
Aydincik,33.317412,36.143273,-664,
Side,31.394088,36.772309,-662,950
Pompeiopolis,34.539222,36.740056,-660,525
Holmi,33.880575,36.320374,-658,-210
Mut,33.433701,36.644396,-612,
Gazipasa,32.282734,36.258509,-1000,
Polis Chrysochou,32.436032,35.037245,-2400,
Soloi,32.81307,35.138224,-1300,660
Lapethos,33.20211,35.350592,-2400,655
Politiko,33.24443,35.029628,-1800,
Nicosia,33.3473,35.157167,-2400,
Idalion,33.42377,35.015737,-1200,100
Chyt(h)roi,33.49069,35.245772,-1150,912
Salamis/Konstantia,33.90305,35.17995,-1080,653
Vouni,32.77299,35.156326,-500,-380
Makaria,33.65723,35.3622,-1175,650
Karpasia,34.36993,35.626206,-700,650
Aspendos,31.17,36.939024,-750,1050
Sagalassos,30.51416,37.672887,-1350,680
Apamea,30.1689,38.068367,-650,1500
Ankara,32.85933,39.943793,-2100,
Suhut,30.54613,38.533961,-725,
Sarhuyok,30.51684,39.77489,-2400,1350
Pessinus,31.58356,39.332882,-400,715
Tavium,34.51833,39.85833,-1500,800
Hama,36.74199,35.14463,-2400,
Ugarit,35.782,35.602,-2400,-1000
Bersiba,38.1223,36.69718,-2400,550
Ebla,36.798,35.798,-2400,650
Posideion,35.838,35.846,-1600,640
Barbalissus,38.10934,35.99096,-2400,750
Alep,37.14566,36.21695,-2400,
Alalah,36.38472,36.23778,-2400,-1195
Europos,38.015,36.82972,-2400,550
Harran,39.03389,36.8775,-2400,850
(Tille),38.89047,37.75254,-2400,-550
Melitene,38.36494,38.42486,-2400,500
Anisa,35.60725,38.84972,-2400,250
Ankuwa?,35.26139,39.43944,-2400,-600
Apishal?,37.36194,36.51444,-2400,-1200
Eragiza,38.07659,36.19435,-2400,550
(Tell Habuba Kabira),38.12765,36.09125,-2400,-1800
Abattum?,38.50553,35.74274,-2025,-1500
Lasqum,39.87782,35.44402,-2050,-1550
Ariseria,37.58873,36.87571,-2400,550
Tuttul,38.97071,35.96158,-2400,-1700
Tuba,37.6897,36.1599,-2400,550
Sam'al,36.6786,37.1036,-2400,-675
?anl?ufa,38.7938,37.1568,-2400,
Kayseri,35.4833,38.7333,-2400,
Gaziantep,37.3833,37.0667,-2400,
Samsat,38.5165,37.5288,-2400,1989
Adana,35.3305,36.991,-2400,
?ar,36.3237,38.3331,-2000,
G r n,37.2775,38.7225,-2000,
Kussara,36.02585,38.5203,-2050,-1150
Lawazantiya,35.75,37.0,-1900,-1200
Irradu,38.5279,36.891,-1900,-1250
Zalpa/Zalbar,36.70417,37.03,-2000,-1500
Hassuwa,37.8241,37.2892,-2400,-1500
Samuha,37.4465,39.8794,-1700,-1180
Sarissa,36.90972,39.30833,-1550,-1050
Tunip,36.3978,35.2869,-1800,-1150
Hostra,38.906111,37.050278,-1000,250
Tell Rifa'at,37.097222,36.473333,-1000,
Azatiwataya,36.247601,37.258801,-1000,-500
Tell Qarqur,36.330556,35.742778,-2400,
Muru,36.852083,36.459361,-1300,-740
Gephyra,36.376389,36.2475,-1150,640
Potamoi Karon?,35.973533,36.061425,-810,-312
Palu,39.951111,38.703889,-2400,
Hazrek,36.798611,35.905,-1150,-680
Masyaf,36.339563,35.070199,-850,
Kahramanmarash,36.925326,37.586682,-1200,
Selevcia,35.928596,36.121265,-550,640
Antioch,36.183214,36.222552,-300,1500
Latikia,35.77663,35.518923,-1000,
Afamiya,36.402413,35.421377,-321,1152
Nuzi,44.25838,35.36471,-2400,250
Kirkuk,44.39227,35.47285,-2400,
Magdalu,40.74028,35.64333,-2400,200
Nimrud,43.3275,36.09917,-2400,
Kilizu,43.72961,36.10181,-1850,350
Arbil/Erbil,44.00639,36.19111,-2400,
Shusharra,44.93835,36.20071,-2100,1400
Zamahu,42.44934,36.25709,-2400,-600
Qattara,42.49315,36.20742,-2100,-1100
Thebat(h)a,40.79832,36.33484,-2100,550
Nineveh,43.15278,36.35944,-2400,
Ashur,43.2625,35.45667,-2400,270
(Tell Bezari),40.80056,36.59276,-2400,550
Nabula,41.05833,36.66722,-2400,400
Nabada,40.58694,36.73778,-2400,-200
Kahat,40.14124,37.74389,-2400,1260
Taidu (1),41.33708,36.82805,-2400,200
Ra's al-'Ayn,40.07303,37.84389,-2100,
(Tell Arbid),41.02156,36.87236,-2300,450
Shubat-Enlil,41.50528,36.95722,-2400,-1728
Urkesh,40.99722,37.05694,-2400,-1350
(Haftavan Tepe),44.75931,38.17647,-2200,550
Elallate,43.263,35.51077,-2100,-600
Allahad,42.01583,36.06636,-2000,-1600
Andarig,41.70756,36.07466,-2000,-1300
Kurda,41.71241,36.21143,-2000,-1500
Sangaritu,40.5839,35.054,-2400,-600
Qattunan,40.9319,35.834,-2200,-1200
Ashnakkum,40.535,36.523,-2400,-1500
Dur-Yahdun-Lim,40.16621,35.17849,-1805,-1550
Razama,42.7465,35.7921,-1900,-1500
Tidu,40.54,37.825,-1600,-330
Tell Halaf,40.04,36.824,-1150,
Nusaybin,41.215694,37.075333,-1200,
Gidara/Raqamatu,40.1141,37.1869,-1125,-700
Apqu,42.601124,36.321267,-1180,-500
Al-Busayra,40.430045,35.156614,-1000,
Tushha,40.793056,37.793611,-2400,1000
Diyarbakir,40.233444,37.912245,-1300,
Van,43.341667,38.499722,-2000,
Arzashkun,42.5371,39.1594,-1200,-700
Mush,41.4911,38.7333,-950,
Ardini,44.8362,36.9007,-1200,-700
Sarduri(k)hinili,43.4594,38.3524,-740,-680
Dur-Sharrukin,43.2293,36.5095,-718,-600
Rusa-patari,44.95,38.8833,-660,-580
Uasi?,44.8954,37.6569,-796,-570
(Verahram Qal'eh),44.8557,39.4842,-788,-565
Menuahinili,44.2564,39.9394,-784,-560
(Kayalidere),41.5781,39.065,-734,-714
Rusahinili Qilbanikai,43.4039,38.5206,-720,-610
Rusahinili Eidurukai,43.2133,38.7025,-672,-610
Khaldi Ziuquni,42.7469,38.8058,-668,-605
Malazgirt,42.5442,39.1478,-802,
(Hasanlu tepe),45.45889,37.00472,-2400,1000
Hamazi,45.6897,35.2035,-2400,-1800
Qabra,45.34086,35.73568,-2000,-1200
Bakr Awa,45.940556,35.220556,-2400,
Qalatgah,45.247586,37.026732,-800,-30
(Livar),45.6675,38.5449,-696,-590
(Evoghlu),45.2056,38.7014,-808,-585
(Seqindel),46.6404,38.5097,-700,-595
(Qalatgah),45.2476,37.0267,-814,-575
Reyy,51.44716,35.59427,-625,
Qumis,54.03829,35.96109,-625,
Zadracarta,53.0589,36.56145,-601,-601
Zadrakarta,54.41951,36.8128,-601,1000
Tus/Sousia,59.54046,36.46471,-650,1600
Merv,62.1925,37.66278,-2100,
Balkh,66.9011,36.76794,-1750,
Kunduz,68.86774,36.72209,-1500,
Samarkand,66.94722,39.6565,-700,
Shahrisabz,66.82551,39.04603,-750,
Hei & Luan,107.425833,35.061944,-1120,-771
Rui,109.814,35.275,-800,-100
Taosi,111.498611,35.881944,-2400,-1900
Yin,114.303056,36.139444,-2400,-900
Changzhi,113.116944,36.195,-1500,-1035
Qinyang,112.951111,35.088056,-1075,
Zhaoge,114.303056,35.689444,-1150,-1
Huozhou,111.755556,36.569306,-1045,
Houma,111.4,35.7276,-1045,
Hancheng,110.4333,35.4667,-800,
Yi,111.7189,35.7397,-800,-200
Taiyuan,112.5497,37.8703,-498,-248
Handan,114.4869,36.6011,-1800,
Yan,116.05,39.6153,-1045,-990
Beijing,116.3833,39.9167,-1045,
Taoqui,115.5911,35.1425,-1045,-400
Linzi,118.3554,36.8829,-1045,-1
Qufu,117.0333,35.6,-1045,
Tengzhou,117.15,35.0833,-1045,
Zoucheng,117.0069,35.4031,-1045,
Ju,118.8336,35.5769,-1050,1000
Jimo,120.4667,36.3833,-1040,
Cadiz,-6.293121,36.529278,-1104,
Lixus,-6.11029,35.199267,-1102,650
Carteia,-5.409391,36.185191,-940,1000
Huelva,-6.949713,37.257074,-863,
Tangier,-5.810233,35.787546,-925,
Carmona,-5.646469,37.470304,-800,
Ceuta,-5.316583,35.888245,-950,
Tavira,-7.649884,37.125796,-950,
Lisbon,-9.135507,38.707166,-900,
Melila,-2.938778,35.292201,-1150,
(El Argar),-1.91755,37.252183,-1800,-1450
Malaga,-4.420163,36.719658,-770,
Abdera (Iberia),-3.022514,36.748068,-750,640
Almunecar,-3.690755,36.734589,-800,
Portus Magnus,-0.266018,35.807917,-700,700
Mers el Kebir,-0.637317,35.705063,-750,
Siga,-1.451733,35.252924,-750,700
Mainake,-4.094288,36.741931,-600,-350
Baria,-1.774899,37.245407,-610,-209
Mastia,-1.229486,37.613798,-800,-227
Marseille,5.3825,43.29685,-600,
Empuries,3.11455,42.13342,-600,1200
Agda,3.47313,43.30583,-526,
Tarquinia,11.758173,42.254532,-900,
Arezzo,11.863,43.4713,-875,
Chiusi,11.9487,43.0164,-885,
Cortona,11.9878,43.2741,-950,
Populonia,10.4899,42.9884,-900,570
Vetulonium,10.9719,42.8594,-885,540
Volterra,10.8601,43.4016,-780,
Vulci,11.6299,42.419,-850,750
Aleria,9.5113,42.1023,-566,550
Prygi,11.9632,42.0153,-890,100
Bologna,11.3455,44.4946,-535,
Roselle,11.16,42.8277,-650,935
Cosa,11.2885,42.4113,-274,600
Castrum Novum,11.8335,42.0353,-264,600
Olbia,9.5004,40.923,-600,
Cerveteri,12.1028,42.0048,-870,
Purugia,12.3899,43.1112,-970,
Veii,12.3905,42.0213,-890,500
Orvieto,12.1116,42.7164,-850,
Rome,12.4861,41.8918,-754,
Cumae,14.0557,40.848,-726,1207
Taranto,17.237146,40.47094,-706,
Siris,16.5414,40.149,-664,-530
Metapontum,16.8241,40.3839,-660,100
Fidenae,12.5154,41.9821,-730,100
Alba Longa,12.6505,41.7464,-850,-660
Policastro Bussentino,15.5118,40.0839,-634,
Ostia,12.2877,41.7549,-630,850
Velletri,12.7772,41.6874,-725,
Pesto,15.0053,40.4206,-618,1150
Korcula,17.1356,42.9605,-598,
Apiolae,12.375,41.875,-700,-330
Collatia,12.6671,41.9252,-780,-30
Corniculum,12.7428,42.0235,-730,540
Ficulea,12.6191,41.9967,-710,540
Crustumerium,12.5501,42.0151,-770,-330
Mentana,12.6424,42.0324,-760,
Velia,15.1562,40.1605,-540,300
Puzzuoli,14.1217,40.8258,-532,
Tusculum,12.7103,41.7983,-800,500
Gabii,12.7197,41.8874,-865,300
Suessa Pometia,12.8264,41.5944,-735,-502
Ardea,12.547,41.6094,-760,
Ariccia,12.6733,41.7214,-805,
Lanuvio,12.6976,41.6747,-820,
Pratica di Mare,12.4807,41.6645,-795,
Cori,12.9157,41.6426,-785,
Tivoli,12.7982,41.9636,-870,
Capua,14.2502,41.0861,-600,840
Signi,13.0222,41.6915,-520,
Circeii,13.0349,41.2521,-514,-30
Spina,12.1082,44.6976,-526,589
Palestina,12.8923,41.8395,-750,
Labicum,12.7432,41.8204,-730,-300
Pedum,12.7953,41.8811,-725,-200
Antium,12.629,41.448,-800,950
Norba,12.9602,41.5916,-492,-82
Ceglie Messapica,17.5144,40.6463,-775,
Oria,17.6423,40.4978,-800,
Manduria,17.6364,40.3977,-725,
Naples,14.2529,40.84,-850,
Brindisi,17.9429,40.6387,-750,
Heraclea Lucania,16.6704,40.2197,-438,530
Falerii,12.4217,42.2988,-780,-235
Capena,12.5417,42.1427,-780,-235
Terracina,13.2489,41.2912,-700,
Satricum,12.7464,41.5196,-520,-346
Nepi,12.3466,42.2441,-750,
Sutri,12.2205,42.2428,-700,
Ancona,13.5161,43.619,-386,
Stari Grad (Croatia),16.601,43.1843,-385,
Zadar,15.2238,44.1155,-850,
Sezze,13.0589,41.4987,-450,
Ferentino,13.2534,41.6927,-500,
Privernum,13.1851,41.4908,-550,550
Sora,13.6141,41.7157,-530,
Saticula,14.5013,41.0909,-530,-100
Suessula,14.3986,40.9901,-530,-100
Avella,14.6004,40.9651,-530,450
Nola,14.5245,40.9268,-580,
Caudium,14.6368,41.0626,-525,900
Cales,14.1321,41.2,-575,
Teano,14.0701,41.2503,-545,
Cassino,13.8306,41.4929,-650,
Alfidena,14.1082,41.7843,-435,
Lucera,15.3355,41.5086,-790,
Ascoli Satriano,15.5625,41.2071,-750,
Corfinio,13.9257,42.0468,-600,
Chiete,14.1672,42.3518,-680,
Fregellae,13.5389,41.5367,-850,-125
Nocera,14.6739,40.7431,-600,
Casoli,14.2764,42.1271,-615,
Acerra,14.3712,40.9461,-610,
Fondi,13.4279,41.3574,-790,
Ferento,12.1322,42.4886,-750,1172
Canosa,16.0656,41.2214,-600,
Civitate,15.2613,41.7394,-650,550
Arpi,15.5554,41.4757,-800,-100
Bojano,14.4739,41.4867,-650,1913
Benevento,14.7812,41.1304,-850,
Sessa Aurunca,13.9322,41.2383,-750,
Calatia,14.3562,41.0443,-600,250
Atina,13.7972,41.6207,-575,
Interamna Lirenas,13.7539,41.4277,-312,275
Camerino,13.0688,43.1404,-575,
Pompeii,14.4854,40.7494,-590,80
Ocriculum,12.4666,42.4127,-500,587
Alatri,13.344,41.7248,-1050,
Veroli,13.4173,41.6905,-550,
Anagni,13.159,41.7422,-700,
Alba Fucens,13.4112,42.0799,-500,950
Narni,12.5157,42.5188,-750,
Carsoli,13.0655,42.089,-298,1250
Potenza,15.8017,40.6376,-450,1250
Minturnae,13.7684,41.2422,-530,900
Sinuessa,13.8448,41.1523,-296,550
Venosa,15.8273,40.9689,-800,
Atria,13.9811,42.5802,-288,
Senigallia,13.218,43.715,-283,
Rimini,12.5632,44.059,-268,
Isernia,14.2324,41.5963,-450,
Fermo,13.7168,43.1611,-268,
Veles,21.9482,41.8701,-800,
Stobi,21.9744,41.5523,-740,1000
Stip,22.1934,41.7307,-700,
Methone (Thrace),22.5836,40.4674,-735,-354
Ouranopolis,23.9348,40.3636,-656,
Ierissos,23.8801,40.3998,-656,
Stagira,23.7939,40.5926,-656,
Aigai,22.3197,40.483,-650,150
Olynthus,23.3484,40.2946,-650,-348
Galepsus,23.986,40.7404,-632,300
Durres,19.4474,41.3163,-628,
Kassandreia,23.34,40.1912,-604,540
Apollonia (Illyria),19.46288,40.73392,-594,600
Chrysopolis?,23.87285,40.78932,-700,1400
Thronion (Illyria),19.4258,40.5117,-650,-490
Amphipolis,23.84158,40.82581,-438,800
Aiane,21.82099,40.16516,-550,-10
Argos Orestiko,21.24416,40.47374,-550,
Arnisa,21.70042,40.64582,-600,
Stuberra,21.3975,41.24361,-500,550
Sofia,23.34289,42.72283,-550,
Pydna,22.61726,40.39757,-650,
Therme,22.94402,40.58155,-610,-100
Spartolos,23.15984,40.31635,-600,-250
Lezhe,19.64392,41.78294,-750,
Pella,22.51822,40.75436,-400,350
Anthemous,23.28433,40.41772,-550,550
Thessaloniki,22.95289,40.62834,-316,
Barat,19.94971,40.69978,-314,
Astacus,29.9288,40.7146,-712,-286
Parium,27.0691,40.4205,-709,1450
Cyzicus,27.883191,40.385565,-700,1500
Silivri,28.2477,41.0785,-680,
Kadikoy,29.0258,40.9834,-686,
Istanbul,28.9847,41.0153,-668,
Abydos,26.4091,40.1951,-666,1315
Histria,28.7748,44.5476,-658,680
Maroneia,25.5114,40.8738,-656,
Lampsacus,26.6992,40.3467,-654,1400
Abdera,24.9796,40.9395,-666,300
Thasos,24.7106,40.7798,-652,
Stryme,25.2823,40.9366,-646,-348
Kavala,24.414,40.9343,-640,
Emathia,24.3009,40.8289,-636,500
Prusias ad Mare,29.1564,40.4325,-628,1600
Sozopol,27.6943,42.4204,-610,
Eregli,27.953,40.971,-602,
Sestos,26.3886,40.2129,-900,1500
Lysimacheia,26.7508,40.5482,-558,330
Samothrace,25.534,40.5048,-542,1913
Doriskos,26.164,40.8736,-513,-300
Nesebar,27.7244,42.6596,-1000,
Enez,26.0857,40.7249,-1200,
Dascylium,28.0507,40.1325,-800,800
Philippi,24.2846,41.0127,-360,1390
Plovdiv,24.7495,42.1456,-1275,
Stara Zagora,25.6249,42.4254,-500,
Varna,27.9135,43.2062,-570,
Edirne,26.5629,41.6765,-550,
Seuthopolis,25.3629,42.6123,-325,-280
Mangalia,28.5828,43.8172,-550,
Tylis,25.5469,42.574,-277,-212
Izmit,29.9199,40.7652,-264,
Hattusa,34.61528,40.01972,-2000,250
Arinna,34.69556,40.23444,-2400,1600
Zalpa,35.83275,41.668,-2000,-1500
Tabigga/Tabikka,35.7622,40.1483,-2100,-600
Sapinuwa,35.25,40.2667,-1700,-1210
Nerik,35.42948,41.20772,-2100,-1200
Hakpis(sa),35.6362,40.6337,-1700,-1200
Sanahuitta,35.6414,40.359,-1750,-1350
Sinop,35.143037,42.025776,-764,
Karadeniz Eregli,31.414722,41.284722,-560,
Amasra,32.38565,41.746969,-540,
Tios,32.03151,41.571174,-540,860
Trabzon,39.723312,41.004269,-756,
Samson,36.3313,41.292721,-564,
Ordu,37.870358,40.998428,-730,
Erevan,44.5381,40.1406,-782,
Gavar,45.126667,40.358889,-1200,
Teishebaini,44.453366,40.153888,-660,-590
Istaravshan,69.261977,40.13536,-536,
Tabigga/Tabikka,35.76222,40.14833,-2100,-600
Sapinuwa,35.25,40.26667,-1700,-1210
Mantua,10.797602,45.160646,-520,
Padua,11.876975,45.409561,-950,
Adria,12.056195,45.0577,-530,
Borysthenes/Olbia,31.901597,46.691895,-648,390
Feodosiya,35.378768,45.04609,-546,
Kerch,36.470222,45.353262,-604,
Phanagoria,36.960937,45.276617,-544,1360
Nymphaeum,36.417274,45.236481,-570,375
Matracha,36.712664,45.215263,-588,1400
Kimmerikon,36.22459,45.042315,-588,700
