Name,MinLon,MinLat,MaxLon,MaxLat,EarliestDate,LatestDate
(Marhashi),45,25,60.0,35,2286.5 BCE,2005.5 BCE
Abhiras,70,25,75.0,30,610.1 BCE,317.5 BCE
Abilianikhi,42,40,48.0,45,880.1 BCE,591.5 BCE
Abisara,70,30,80.0,35,337.5 BCE,326.4 BCE
Aboriginal Peoples,95,-45,165.0,20,2400.1 BCE,1 BCE
Acarnania,20,35,25.0,40,695.5 BCE,1 BCE
Achaea,12,35,25.0,45,720.5 BCE,280.4 BCE
Achaean League,20,35,25.0,40,280.4 BCE,268.2 BCE
Achaeans,18,35,25.0,45,1100.5 BCE,720.5 BCE
Adena Culture,-90,35,-75.0,45,800.1 BCE,1 BCE
Aegina,20,35,25.0,40,520.5 BCE,338.2 BCE
Aeniania,20,35,25.0,40,695.5 BCE,273.5 BCE
Aeolian League,25,35,30.0,40,695.5 BCE,544.5 BCE
Aeolians,18,35,42.0,50,1223.5 BCE,695.5 BCE
Aequi,12,40,18.0,45,800.1 BCE,304.5 BCE
Aetolia,20,35,25.0,40,695.5 BCE,370.7 CE
Aetolian League,20,35,25.0,40,309.5 BCE,1 BCE
Afghanistan,60,25,75.0,40,1990 CE,present
Agathoclid Ally,10,35,20.0,45,308.4 BCE,289.5 BCE
Ahhiya,25,30,35.0,40,1429.5 BCE,1202.2 BCE
Ainu,136,40,160.0,55,2400.1 BCE,1 BCE
Aitna,10,35,20.0,40,466.5 BCE,461.5 BCE
Akkadian Empire,30,25,60.0,40,2279.3 BCE,2193.4 BCE
Akkadian Tributary,45,25,60.0,40,2297.5 BCE,2220.5 BCE
Akraephia,20,35,25.0,40,386.5 BCE,378.8 BCE
Akragas,10,35,20.0,40,500.1 BCE,1 BCE
Alasiya,30,30,35.0,40,1875.5 BCE,1200.6 BCE
Alavi,80,25,85.0,30,610.1 BCE,467.5 BCE
Albania,15,35,25.0,45,1990 CE,present
Albanians,42,35,54.0,45,612.3 BCE,1 BCE
Aleuts,-170,55,-150.0,65,2400.1 BCE,1 BCE
Alfaterni,12,40,18.0,45,438.5 BCE,1 BCE
Algeria,-10,15,15.0,40,1990 CE,present
Allabria,45,35,50.0,40,860.1 BCE,716.7 BCE
Allakappa,80,25,85.0,30,610.1 BCE,467.5 BCE
Allied armies of the Eastern Satraps,50,30,65.0,40,318.1 BCE,317.1 BCE
Alshe,40,35,45.0,40,1367.5 BCE,1240.5 BCE
Alzi,40,35,45.0,40,931.1 BCE,803.5 BCE
Amazonian Peoples,-80,-15,-40.0,10,2400.1 BCE,1 BCE
Ambashthas,70,30,75.0,35,610.1 BCE,400.5 BCE
Ambracia,20,35,25.0,40,365.7 BCE,294.6 BCE
Ammonites,35,30,40.0,35,1280 BCE,587.4 BCE
Amorite Ebla,35,30,40.0,40,1900.5 BCE,1825.5 BCE
Amorite Mari,35,30,45.0,40,2100.5 BCE,1760.7 BCE
Amorite Tuttul,35,35,45.0,40,1900.5 BCE,1825.5 BCE
Amorites,35,30,50.0,40,2200.2 BCE,1280 BCE
Amurru,30,30,40.0,40,1728.5 BCE,968.5 BCE
Anarta,70,20,75.0,25,610.1 BCE,317.5 BCE
Andean Peoples,-85,-40,-65.0,5,2400.1 BCE,1 BCE
Andhra,80,15,85.0,20,610.1 BCE,300.5 BCE
Andorra,0,40,6.0,45,1990 CE,present
Anga,85,20,90.0,30,775.1 BCE,530.5 BCE
Angola,10,-20,25.0,0,1990 CE,present
Anshan,45,25,55.0,35,2348.5 BCE,653.4 BCE
Antandros,25,35,30.0,40,478.3 BCE,427.5 BCE
Antarctica,-160,-90,225.0,-60,1990 CE,present
Anti Macedon Alliance,20,30,30.0,45,268.2 BCE,1 BCE
Anti Roman Alliance,12,40,18.0,45,341.2 BCE,338.5 BCE
Anti Spartan Alliance,18,30,35.0,45,395.3 BCE,386.5 BCE
Antigonid Ally,20,30,36.0,45,313.2 BCE,289.5 BCE
Antigonid Kingdom,15,30,50.0,45,306.3 BCE,1 BCE
Antigua and Barbuda,-65,15,-60.0,20,1990 CE,present
Antipatrid Ally,18,35,36.0,45,310.5 BCE,305.5 BCE
Anupa,75,20,80.0,25,610.1 BCE,348.5 BCE
Anuradhapura,75,5,85.0,10,325.5 BCE,1 BCE
Aparytae,70,30,75.0,35,610.1 BCE,543.5 BCE
Apollonia,18,40,24.0,45,490.5 BCE,283.3 BCE
Arabs,30,15,60.0,35,1000.1 BCE,1 BCE
Aram Damascus,30,25,40.0,40,1145.5 BCE,605.5 BCE
Aram-Naharim,35,35,40.0,40,1145.5 BCE,1105.5 BCE
Aram-Zobah,35,30,40.0,35,1145.5 BCE,750.5 BCE
Aramaeans,35,30,50.0,40,1280 BCE,1 BCE
Arcadia,20,35,25.0,40,742.5 BCE,445.5 BCE
Arcadian League,20,35,25.0,40,363.3 BCE,268.2 BCE
Arctic Marine Mammal Hunters,100,60,192.0,80,2400.1 BCE,1 BCE
Arctic Peoples,-170,55,-40.0,75,2400.1 BCE,1 BCE
Ardiaei,18,40,24.0,45,346.5 BCE,1 BCE
Argaric Culture,-5,35,0.0,40,2200.1 BCE,1500.1 BCE
Argentina,-80,-60,-50.0,-20,1990 CE,present
Argos,20,35,25.0,40,494.1 BCE,272.1 BCE
Armenia,40,35,50.0,45,1990 CE,present
Aryan People,60,25,80.0,40,2050.1 BCE,531.5 BCE
Arzawa,24,30,40.0,45,1775.5 BCE,1201.5 BCE
Asinia,20,35,25.0,40,780.5 BCE,758.5 BCE
Assaka,75,15,85.0,20,725.1 BCE,300.5 BCE
Assakenoi,70,30,75.0,40,610.1 BCE,516.5 BCE
Assyrian Kingdoms,40,30,50.0,40,2217.9 BCE,1920.1 BCE
Assyrian revolt,40,30,45.0,40,,
Asvaka,70,30,75.0,40,610.1 BCE,516.5 BCE
Athamania,20,35,25.0,40,430.8 BCE,1 BCE
Athenian ally,25,35,30.0,40,384.5 BCE,378.7 BCE
Athens,20,35,30.0,45,900.1 BCE,268.2 CE
Atropatene,40,35,54.0,45,319.5 BCE,1 BCE
Atuna,30,35,40.0,40,826.8 BCE,680.5 BCE
Audumbaras,70,30,80.0,35,600.5 BCE,323.3 BCE
Aurunci,12,40,18.0,45,800.1 BCE,334.5 BCE
Australia,72,-55,170.0,-5,1990 CE,present
Austria,6,45,18.0,50,1990 CE,present
Austro-Asiatic Peoples,90,5,115.0,25,2400.1 BCE,1 BCE
Austronesians,95,-20,180.0,30,2400.1 BCE,1 BCE
Avanti,70,20,85.0,30,850.1 BCE,400.5 BCE
Azerbaijan,40,35,54.0,45,1990 CE,present
Azzi-Hayasa,35,35,45.0,45,1505.5 BCE,1200.4 BCE
Ba,105,25,115.0,35,1075.1 BCE,316.5 BCE
Babylonia,40,25,55.0,40,977.5 BCE,732.1 BCE
Babylonia (Chaldaeans),35,25,50.0,40,780.5 BCE,616.4 BCE
Babylonia (Isin Dynasty),40,25,55.0,40,1157.5 BCE,977.5 BCE
Babylonian Tributary,35,30,55.0,40,1763.5 BCE,1701.5 BCE
Babylonian revolt,40,25,50.0,35,852.5 BCE,648.3 BCE
Bactrians,60,30,75.0,40,1700.1 BCE,545.5 BCE
Bahamas,-85,20,-70.0,30,1990 CE,present
Bahrain,50,25,55.0,30,1990 CE,present
Baipu,105,25,115.0,35,770.1 BCE,523.5 BCE
Balts,8,50,40.0,60,2050.1 BCE,1 BCE
Bangladesh,85,20,95.0,30,1990 CE,present
Bantu Peoples,5,-10,30.0,10,2000.1 BCE,1 BCE
Bao,105,30,110.0,35,771.1 BCE,500.5 BCE
Bao clan,115,35,120.0,40,500.1 BCE,481.5 BCE
Barbados,-60,10,-55.0,15,1990 CE,present
Bedouins,30,25,40.0,35,1990.5 BCE,843.1 BCE
Belarus,16,50,40.0,60,1990 CE,present
Belgium,0,45,8.0,55,1990 CE,present
Belize,-90,15,-85.0,20,1990 CE,present
Bell Beaker Peoples,-8,45,32.0,65,2400.1 BCE,2050.1 BCE
Benin,0,5,5.0,15,1990 CE,present
Berbers,-15,25,15.0,40,2400.1 BCE,1 BCE
Bessaei,18,40,30.0,45,469.5 BCE,341.5 BCE
Bhagga,80,25,85.0,30,610.1 BCE,560.5 BCE
Bhojas,75,20,80.0,25,321.5 BCE,301.5 BCE
Bhutan,85,25,95.0,30,1990 CE,present
Bit Agusi,35,35,40.0,40,900.1 BCE,605.5 BCE
Bit-Adini,35,35,40.0,40,1076.5 BCE,858.7 BCE
Bit-Bahiani,35,35,45.0,40,1076.5 BCE,896.5 BCE
Bit-Halupe,35,35,45.0,40,1076.5 BCE,894.5 BCE
Bit-Zamani,35,35,45.0,40,1025.5 BCE,882.5 BCE
Bithynia,24,40,36.0,45,323.4 BCE,1 BCE
Bithynians,24,40,36.0,45,696.5 BCE,552.5 BCE
Biyang,115,30,120.0,35,770.1 BCE,563.5 BCE
Bo,110,30,115.0,35,770.1 BCE,640.5 BCE
Boeotia,20,35,25.0,40,730.5 BCE,338.2 BCE
Bolivia,-70,-25,-55.0,-5,1990 CE,present
Bosnia and Herzegovina,12,40,24.0,50,1990 CE,present
Bosporan Kingdom,30,40,42.0,50,480.5 BCE,1 BCE
Botswana,15,-30,30.0,-15,1990 CE,present
Bottiaeans,18,40,24.0,45,650.3 BCE,492.1 BCE
Brahmana,80,25,85.0,30,610.1 BCE,467.5 BCE
Brazil,-75,-35,-25.0,10,1990 CE,present
Brunei,110,0,120.0,10,1990 CE,present
Bruttian League,12,35,20.0,45,356.5 BCE,267.5 BCE
Bruttians,15,35,20.0,40,450.1 BCE,400.1 BCE
Bruttii,15,35,20.0,40,500.1 BCE,436.5 BCE
Bu geng,110,30,115.0,35,770.1 BCE,533.5 BCE
Bulgaria,18,40,30.0,45,1990 CE,present
Burkina Faso,-10,5,5.0,20,1990 CE,present
Burundi,25,-5,35.0,0,1990 CE,present
Byzantium,24,40,30.0,45,355.5 BCE,1 BCE
Cai,110,30,120.0,35,770.1 BCE,447.5 BCE
California Peoples,-126,30,-115.0,45,2400.1 BCE,1 BCE
Callatis,24,40,30.0,45,359.7 BCE,1 BCE
Cambodia,100,10,110.0,15,1990 CE,present
Cameroon,5,0,20.0,15,1990 CE,present
Campania,12,40,18.0,45,438.5 BCE,343.2 BCE
Campanians,10,35,15.0,40,370.5 BCE,344.6 BCE
Canaanites,30,30,40.0,35,1850.1 BCE,1145.5 BCE
Canada,-150,40,-45.0,85,1990 CE,present
Cao,110,30,120.0,40,770.1 BCE,487.5 BCE
Cape Verde,-30,10,-20.0,20,1990 CE,present
Carduchii,40,35,45.0,40,385.8 BCE,384.5 BCE
Carians,25,35,30.0,40,1201.5 BCE,543.5 BCE
Caribbean Peoples,-85,5,-60.0,30,2400.1 BCE,1 BCE
Carthage,-10,30,20.0,45,602.5 BCE,1 BCE
Carthaginian Ally,-5,30,20.0,40,500.1 BCE,277.3 BCE
Carthaginian Tributary,10,35,15.0,40,405.1 BCE,375.5 BCE
Carystus,20,35,25.0,40,386.5 BCE,294.2 BCE
Catane,10,35,20.0,40,461.5 BCE,1 BCE
Caucasians,30,35,50.0,45,2400.1 BCE,690.5 BCE
Cedi,75,20,85.0,30,825.1 BCE,319.5 BCE
Celtic Mercenaries,18,35,35.0,45,,
Celto-Ligurians,-16,35,24.0,60,2050.1 BCE,1 BCE
Celts,0,35,36.0,55,1250.1 BCE,1 BCE
Central African Peoples,5,-10,40.0,15,2400.1 BCE,1 BCE
Central African Republic,10,0,30.0,15,1990 CE,present
Chad,10,5,25.0,25,1990 CE,present
Chadian People,5,10,20.0,20,2250.1 BCE,1 BCE
Chalcidian League,18,35,30.0,45,417.5 BCE,353.2 BCE
Chalcis,20,35,25.0,40,710.5 BCE,294.2 BCE
Chaldaea,40,25,50.0,35,800.5 BCE,790.5 BCE
Changdi,115,35,120.0,40,770.1 BCE,607.5 BCE
Chao,115,30,120.0,35,991.7 BCE,601.5 BCE
Chaonia,15,35,25.0,45,430.8 BCE,350.5 BCE
Chaonians,18,40,24.0,45,500.1 BCE,430.8 BCE
Chavin Culture,-80,-15,-70.0,-5,900.1 BCE,1 BCE
Chen,110,30,120.0,35,770.1 BCE,479.5 BCE
Cheng,110,35,120.0,40,770.1 BCE,408.5 BCE
Chera,75,5,80.0,15,325.5 BCE,1 BCE
Chile,-110,-60,-64.0,-15,1990 CE,present
China,70,15,138.0,55,1990 CE,present
Chinchorro Culture,-75,-25,-65.0,-15,2400.1 BCE,1 BCE
Chios,25,35,30.0,40,386.5 BCE,1 BCE
Chola,75,10,85.0,15,325.5 BCE,1 BCE
Chorrera Culture,-85,-5,-75.0,0,1300.1 BCE,1 BCE
Chu,105,20,125.0,40,1075.1 BCE,1 BCE
Cilicia,30,35,40.0,40,588.5 BCE,539.2 BCE
Cimmerian Kingdom,25,35,42.0,45,654.5 BCE,637.5 BCE
Cimmerians,18,35,54.0,50,1450.5 BCE,1 BCE
Civil war,15,35,120.0,40,463.7 BCE,314.5 BCE
Clan warfare,115,35,120.0,40,,
Colchis,36,40,48.0,45,1250.1 BCE,1 BCE
Colombia,-85,-5,-65.0,15,1990 CE,present
Comoros,40,-15,50.0,-10,1990 CE,present
Cong,105,30,110.0,35,770.1 BCE,600.5 BCE
Congo,10,-10,20.0,5,1990 CE,present
Corcyra,12,35,25.0,45,665.5 BCE,300.2 BCE
Corinthia,10,35,25.0,45,747.5 BCE,338.7 BCE
Coronea,20,35,25.0,40,386.5 BCE,378.8 BCE
Cossaeans,45,30,50.0,35,330.3 BCE,324.1 BCE
Costa Rica,-90,5,-80.0,15,1990 CE,present
Cretan City States,20,30,30.0,40,500.1 BCE,1 BCE
Croatia,12,40,24.0,50,1990 CE,present
Croton,15,35,20.0,40,550 BCE,430.5 BCE
Cuba,-85,15,-70.0,25,1990 CE,present
Cushitic People,35,0,55.0,15,1000.1 BCE,1 BCE
Cypriot Kingdoms,30,30,35.0,40,1180.5 BCE,1050 BCE
Cyprus,30,30,35.0,40,1990 CE,present
Cyzicus,24,40,30.0,45,323.4 BCE,279.7 BCE
Czech Republic,8,45,24.0,55,1990 CE,present
Côte d'Ivoire,-10,0,0.0,15,1990 CE,present
D'mt,35,10,45.0,20,980.1 BCE,1 BCE
Dai,108,35,120.0,45,770.1 BCE,457.5 BCE
Dai(2),110,30,120.0,35,770.1 BCE,713.5 BCE
Dali,105,35,110.0,40,550.5 BCE,272.5 BCE
Dan,105,25,110.0,35,770.1 BCE,670.5 BCE
Dao,110,30,115.0,35,770.1 BCE,637.5 BCE
Daoi,48,35,60.0,50,329.5 BCE,1 BCE
Dapeng,115,30,120.0,35,1350.1 BCE,1208.5 BCE
Daradas,70,35,75.0,40,610.1 BCE,1 BCE
Dardani,18,40,24.0,45,800.1 BCE,1 BCE
Dasarnas,75,20,80.0,25,610.1 BCE,349.5 BCE
Dassaretis,18,40,24.0,45,500.1 BCE,399.5 BCE
Daunians,12,40,18.0,45,800.1 BCE,323.9 BCE
Dayenu,40,35,45.0,40,,
Delian League,10,25,42.0,45,478.3 BCE,404.7 BCE
Delphi,20,35,25.0,40,,
Deng,110,30,115.0,35,771.7 BCE,678.5 BCE
Denmark,-90,50,16.0,85,1990 CE,present
Desert Cultures,-120,20,-95.0,45,2400.1 BCE,1 BCE
Di,105,30,120.0,40,770.7 BCE,407.5 BCE
Di(2),100,30,110.0,35,771.1 BCE,361.5 BCE
Diauekhi,36,35,48.0,45,931.1 BCE,591.5 BCE
Dilmun,45,20,55.0,30,2400.1 BCE,1550.1 BCE
Djibouti,40,10,45.0,15,1990 CE,present
Dolopia,20,35,25.0,40,695.5 BCE,339.1 BCE
Domain of Amphimakhos,35,30,50.0,40,319.5 BCE,316.7 BCE
Domain of Antigenes,45,25,55.0,35,319.5 BCE,316.7 BCE
Domain of Antigonus,20,25,75.0,45,318.7 BCE,306.3 BCE
Domain of Asandros,25,35,35.0,40,319.5 BCE,314.7 BCE
Domain of Cassander,15,35,35.0,45,319.5 BCE,305.5 BCE
Domain of Eudemus,70,25,80.0,35,319.5 BCE,316.5 BCE
Domain of Eumenes,40,25,65.0,40,317.1 BCE,315.8 BCE
Domain of Lysimakhos,18,40,30.0,50,313.5 BCE,305.5 BCE
Domain of Mithridates,30,35,40.0,45,301.3 BCE,281.3 BCE
Domain of Oxyartes,65,30,75.0,40,319.5 BCE,307.5 BCE
Domain of Peithon,40,30,65.0,40,319.5 BCE,316.6 BCE
Domain of Peithon (son of Agenor),65,20,75.0,35,319.5 BCE,316.5 BCE
Domain of Peukestas,45,25,60.0,35,319.5 BCE,315.8 BCE
Domain of Philip,50,30,65.0,40,319.5 BCE,318.4 BCE
Domain of Philoxenos,30,35,40.0,40,,
Domain of Polyperchon,20,35,30.0,40,316.6 BCE,314.7 BCE
Domain of Ptolemy,20,20,45.0,40,319.7 BCE,305.5 BCE
Domain of Seleucus,40,25,75.0,40,319.5 BCE,305.5 BCE
Domain of Sibyrtios,55,25,75.0,35,319.5 BCE,306.5 BCE
Domain of Stasandros,55,25,70.0,40,319.5 BCE,315.8 BCE
Domain of Stasanor,55,30,75.0,45,319.5 BCE,305.5 BCE
Domain of Tlepolemos,50,25,65.0,35,319.5 BCE,315.8 BCE
Dominica,-65,15,-60.0,20,1990 CE,present
Dominican Republic,-75,15,-65.0,20,1990 CE,present
Donghu,114,40,126.0,50,770.1 BCE,1 BCE
Dongyi Peoples,115,35,125.0,40,1500.1 BCE,1079.5 BCE
Dorians,10,30,35.0,45,1223.5 BCE,1 BCE
Doris,20,35,25.0,40,695.5 BCE,268.2 BCE
Dravidians,70,5,95.0,30,2400.1 BCE,1 BCE
Du,105,30,110.0,35,771.1 BCE,687.5 BCE
Duan,110,30,115.0,40,743.5 BCE,722.5 BCE
Duchy of Jin,105,30,120.0,45,678.1 BCE,349.5 BCE
Dun,110,30,120.0,35,770.1 BCE,496.5 BCE
Dvaraka,65,20,75.0,25,610.1 BCE,317.5 BCE
E,110,25,120.0,35,770.1 BCE,700.5 BCE
East African Peoples,35,0,55.0,15,2400.1 BCE,1 BCE
Eastern Guo,110,30,115.0,35,771.7 BCE,767.5 BCE
Eastern Woodland Peoples,-96,25,-48.0,55,2400.1 BCE,1 BCE
Ecuador,-95,-5,-75.0,5,1990 CE,present
Edomites,30,25,40.0,35,1280 BCE,526.5 BCE
Egypt,20,20,40.0,35,1990 CE,present
Egypt: (Herakleopolis),30,25,35.0,30,755.5 BCE,726.5 BCE
Egypt: (Hermopolis),30,25,35.0,30,755.5 BCE,726.5 BCE
Egypt: Areas of Unrest,25,20,35.0,35,1991.5 BCE,1990.3 BCE
Egypt: Heracleopolitans,25,20,35.0,35,2160.5 BCE,2159.5 BCE
Egypt: Hyksos,25,20,40.0,35,1720.5 BCE,1566.5 BCE
Egypt: Middle Kingdom,25,20,40.0,35,2002.7 BCE,1661.5 BCE
Egypt: New Kingdom,25,15,45.0,40,1567.5 BCE,1085.5 BCE
Egypt: Old Kdm,25,20,40.0,35,2400.1 BCE,9998 BCE
Egypt: Rebellion of Pedubast,30,20,35.0,30,829.5 BCE,828.5 BCE
Egypt: Revolt of Amasis,25,30,30.0,35,,
Egypt: Tanites,30,25,35.0,35,1085.5 BCE,945.4 BCE
Egypt: Thebans,25,20,35.0,35,1568.5 BCE,1567.5 BCE
Egypt: Thirtieth Dynasty,25,20,40.0,35,380.1 BCE,342.5 BCE
Egypt: Twenty Eighth Dynasty,25,20,35.0,35,402.5 BCE,399.2 BCE
Egypt: Twenty Fourth Dynasty,25,25,35.0,35,715.5 BCE,714.5 BCE
Egypt: Twenty Ninth Dynasty,25,20,35.0,35,399.2 BCE,380.1 BCE
Egypt: Twenty Second Dynasty,25,20,40.0,35,945.5 BCE,726.5 BCE
Egypt: Twenty Sixth Dynasty,20,15,40.0,40,651.5 BCE,525.5 BCE
Egypt: Twenty Sixth Dynasty Tributary,30,30,40.0,35,609.5 BCE,605.5 BCE
Egypt: Twenty Third Dynasty,30,20,35.0,30,880.5 BCE,755.5 BCE
El Paraiso Culture,-80,-15,-70.0,-5,2000.1 BCE,900.1 BCE
El Salvador,-95,10,-85.0,15,1990 CE,present
Elam,40,25,60.0,40,2348.5 BCE,539.2 BCE
Elamite Tributary,40,30,50.0,40,1769.5 BCE,708.5 BCE
Elimiotis,18,40,24.0,45,540.5 BCE,358.5 BCE
Elis,20,35,25.0,40,725.5 BCE,272.1 BCE
Ellipi,45,30,50.0,35,970.1 BCE,702.6 BCE
Elymians,10,35,15.0,40,1150.1 BCE,500.1 BCE
Enchele,18,40,24.0,45,650.1 BCE,500.1 BCE
Enzite,35,35,45.0,40,931.1 BCE,802.5 BCE
Eordaia,18,40,24.0,45,540.5 BCE,475.5 BCE
Epicnemidian Locris,18,35,25.0,45,695.5 BCE,1 BCE
Epidauria,20,35,25.0,40,780.5 BCE,670.5 BCE
Epirote Ally,10,35,24.0,45,292.5 BCE,275.1 CE
Equatorial Guinea,5,-5,15.0,5,1990 CE,present
Er,110,30,115.0,35,770.1 BCE,700.5 BCE
Eretria,20,35,30.0,40,710.5 BCE,294.2 BCE
Eriakhi,42,40,48.0,45,880.1 BCE,703.5 BCE
Erikuakhi,40,35,48.0,45,880.1 BCE,706.5 BCE
Eritrea,35,10,45.0,20,1990 CE,present
Erligang Culture,105,30,120.0,40,1600.1 BCE,1400.1 BCE
Erlitou Culture,105,30,120.0,40,1900.1 BCE,1600.1 BCE
Estonia,16,55,32.0,60,1990 CE,present
Ethiopia,30,0,50.0,15,1990 CE,present
Etiukhi,40,35,48.0,45,931.1 BCE,709.5 BCE
Etiuni,42,40,48.0,45,880.1 BCE,703.5 BCE
Etruria,6,35,20.0,50,760 BCE,266.5 BCE
Etruscans,6,40,18.0,50,1725.1 BCE,515.5 BCE
Euboea,20,35,25.0,40,348.4 BCE,309.5 BCE
Fan,115,30,120.0,35,770.1 BCE,504.5 BCE
Fan clan,110,35,115.0,40,500.1 BCE,491.4 BCE
Fan(2),110,35,115.0,40,770.1 BCE,660.5 BCE
Fang,110,30,115.0,35,770.1 BCE,637.5 BCE
Fei,110,35,120.0,40,770.1 BCE,530.5 BCE
Feng,105,30,110.0,35,771.1 BCE,550.5 BCE
Fiji,175,-25,185.0,-10,1990 CE,present
Finland,10,55,40.0,75,1990 CE,present
Finns,10,50,72.0,70,2400.1 BCE,1 BCE
France,-155,-55,185.0,55,1990 CE,present
Gabon,5,-5,15.0,5,1990 CE,present
Gambia,-20,10,-10.0,15,1990 CE,present
Gandhara,70,30,80.0,40,975.1 BCE,517.5 BCE
Gao,115,30,120.0,35,770.1 BCE,721.5 BCE
Gao clan,115,35,120.0,40,500.1 BCE,489.5 BCE
Gaoluo,110,35,115.0,40,770.1 BCE,660.5 BCE
Garamantes,10,25,30.0,30,500.1 BCE,1 BCE
Ge,115,30,120.0,35,1750.1 BCE,593.5 BCE
Gedrosia,55,25,70.0,35,329.5 BCE,325.1 BCE
Gela,10,35,20.0,40,505.5 BCE,405.1 BCE
Geng,110,35,115.0,40,770.1 BCE,661.5 BCE
Genmou,115,35,120.0,40,770.1 BCE,600.5 BCE
Georgia,36,40,48.0,45,1990 CE,present
Germany,0,45,18.0,60,1990 CE,present
Geshur,35,30,40.0,35,1151.5 BCE,988.5 BCE
Getae,24,40,30.0,50,469.5 BCE,1 BCE
Ghana,-5,0,5.0,15,1990 CE,present
Gilead,35,30,40.0,35,1151.5 BCE,740.5 BCE
Gilzanu,40,35,45.0,40,863.5 BCE,724.5 BCE
Gojoseon,120,35,126.0,45,770.1 BCE,280.5 BCE
Gong,105,25,115.0,40,770.1 BCE,280.5 BCE
Gong(2),105,25,110.0,30,770.1 BCE,670.5 BCE
Great Chiefs of the Meshwesh,30,30,35.0,35,745.5 BCE,726.5 BCE
Greece,15,30,30.0,45,1990 CE,present
Greek Alliance,18,30,35.0,45,480.9 BCE,478.3 BCE
Greek mercenaries,25,30,40.0,40,,
Greeks,24,30,48.0,45,630.5 BCE,401.7 BCE
Grenada,-65,10,-60.0,15,1990 CE,present
Gu,110,30,120.0,40,1750.1 BCE,700.5 BCE
Gu(2),115,35,120.0,40,770.1 BCE,520.5 BCE
Guang,110,30,120.0,35,770.1 BCE,650.5 BCE
Guatemala,-95,10,-85.0,20,1990 CE,present
Gui,105,30,110.0,35,771.1 BCE,688.5 BCE
Guifang,95,30,115.0,45,1400.1 BCE,1 BCE
Guinea,-20,5,-5.0,15,1990 CE,present
Guinea Bissau,-20,10,-10.0,15,1990 CE,present
Guo,115,35,120.0,40,770.1 BCE,670.5 BCE
Guo clan,115,35,120.0,40,500.1 BCE,489.5 BCE
Gurgum,35,35,40.0,40,1190.5 BCE,604.7 BCE
Guti,40,30,55.0,40,2348.5 BCE,2119.6 BCE
Guti Tributary,40,30,55.0,35,2193.4 BCE,2119.6 BCE
Guyana,-65,0,-55.0,10,1990 CE,present
Guzanu,35,35,45.0,40,809.5 BCE,758.5 BCE
Guzhu,114,35,120.0,45,770.1 BCE,662.5 BCE
Haihayas,70,20,80.0,25,610.1 BCE,549.5 BCE
Haiti,-75,15,-70.0,25,1990 CE,present
Haliartos,20,35,25.0,40,386.5 BCE,378.8 BCE
Hamaranu,40,30,50.0,35,811.5 BCE,745.5 BCE
Han,115,30,120.0,35,770.1 BCE,615.5 BCE
Han(2),110,35,115.0,40,770.1 BCE,757.5 BCE
Hann,110,30,120.0,40,453.4 BCE,1 BCE
Hann clan,110,30,115.0,40,500.1 BCE,453.4 BCE
Hapalla,30,35,35.0,40,1395.5 BCE,1385.6 BCE
Harhar,40,30,50.0,35,970.1 BCE,737.2 BCE
Harshi,40,30,50.0,40,1985.5 BCE,1600.5 BCE
Hattians,30,35,40.0,45,2199.4 BCE,1861.7 BCE
Hellenic League,20,35,30.0,45,323.2 BCE,322.1 BCE
Helmand and Jiroft Cultures,55,25,70.0,35,2400.1 BCE,1750.5 BCE
Helot Revolt,20,35,25.0,40,465.6 BCE,456.7 BCE
Heraklea Pontica,30,40,36.0,45,274.5 BCE,1 BCE
Hermionis,20,35,25.0,40,780.5 BCE,670.5 BCE
Hernici,12,40,18.0,45,600.1 BCE,358.6 BCE
Hilakku,30,35,35.0,40,836.5 BCE,635.5 BCE
Himera,10,35,20.0,40,472.5 BCE,409.4 BCE
Hindanu,35,30,45.0,40,1120.5 BCE,612.4 BCE
Hittites,24,35,42.0,45,2050.5 BCE,1180.5 BCE
Honduras,-90,10,-80.0,20,1990 CE,present
Hu,115,30,120.0,35,770.1 BCE,495.5 BCE
Hu(2),110,30,115.0,35,770.1 BCE,763.5 BCE
Hu(3),110,30,115.0,35,770.1 BCE,763.5 BCE
Hua,110,30,115.0,35,770.1 BCE,627.4 BCE
Huaiyi,115,30,125.0,40,770.1 BCE,512.5 BCE
Huaiyi Peoples,110,30,125.0,35,1500.1 BCE,584.5 BCE
Huang,110,30,120.0,35,770.1 BCE,648.5 BCE
Hubushkia,40,35,45.0,40,863.5 BCE,698.5 BCE
Hungary,12,45,24.0,50,1990 CE,present
Huo,110,35,115.0,40,770.1 BCE,661.5 BCE
Hupis(h)na,30,35,35.0,40,826.8 BCE,738.5 BCE
Hurrian Kingdom,35,35,45.0,40,1615.5 BCE,1346.4 BCE
Hurrian Kingdoms,35,35,50.0,40,2217.9 BCE,1825.5 BCE
Hurrians,35,30,50.0,40,2400.1 BCE,863.5 BCE
Iapygii,12,40,18.0,45,500.1 BCE,318.5 BCE
Iberians,-12,35,48.0,50,1725.1 BCE,1 BCE
Iceland,-36,60,-10.0,70,1990 CE,present
Idamaraz,40,30,45.0,40,1741.5 BCE,1615.5 BCE
Ikshvakus,80,25,85.0,30,364.5 BCE,361.5 BCE
Illyrian Kingdom,18,40,24.0,45,279.1 BCE,1 BCE
Illyrian Tributary,18,40,24.0,45,372.5 BCE,370.5 BCE
Illyrians,12,40,24.0,50,1725.1 BCE,1 BCE
Illyrioi,12,40,18.0,45,500.1 BCE,1 BCE
Imbros,24,40,30.0,45,281.6 BCE,1 BCE
India,65,5,100.0,40,1990 CE,present
Indo-Aryans,65,15,90.0,35,1500.1 BCE,300.5 BCE
Indonesia,95,-15,145.0,10,1990 CE,present
Indus Valley Civilization,60,20,80.0,35,2400.1 BCE,1750.5 BCE
Indus Valley Peoples,60,20,75.0,30,1750.5 BCE,775.1 BCE
Ionian League,20,30,36.0,45,690.5 BCE,478.3 BCE
Ionians,0,35,42.0,50,1202.2 BCE,1 BCE
Iran,40,25,65.0,40,1990 CE,present
Iranians,40,25,96.0,55,2400.1 BCE,531.5 BCE
Iraq,35,25,50.0,40,1990 CE,present
Ireland,-16,50,0.0,60,1990 CE,present
Ishtu(a)nda,35,35,40.0,40,826.8 BCE,738.5 BCE
Israel,30,25,40.0,35,1990 CE,present
Israel/Samaria,30,30,40.0,35,931.6 BCE,720.5 BCE
Israelites,30,25,40.0,35,1230.5 BCE,1035.5 BCE
Istros,24,40,30.0,50,359.7 BCE,313.5 BCE
Isuwa,35,35,45.0,40,1505.5 BCE,1460.5 BCE
Itabalhum,40,35,50.0,40,1850.5 BCE,1600.5 BCE
Italics,6,35,24.0,50,2050.1 BCE,450.1 BCE
Italiote League,10,35,25.0,45,430.5 BCE,280.4 BCE
Italy,5,35,24.0,50,1990 CE,present
Jamaica,-80,15,-75.0,20,1990 CE,present
Japan,120,20,155.0,50,1990 CE,present
Ji,110,35,115.0,40,770.1 BCE,658.5 BCE
Ji(2),115,35,120.0,40,770.1 BCE,690.5 BCE
Ji(3),115,30,120.0,40,770.1 BCE,721.5 BCE
Ji(4),110,30,115.0,35,770.1 BCE,750.5 BCE
Ji(5),114,35,120.0,45,,
Ji(6),105,30,110.0,35,771.1 BCE,688.5 BCE
Jia,110,35,115.0,40,770.1 BCE,678.5 BCE
Jiang,110,30,115.0,35,770.1 BCE,623.5 BCE
Jiang Qi,115,35,120.0,40,481.4 BCE,386.5 BCE
Jiang(2),115,30,120.0,35,770.1 BCE,617.5 BCE
Jiao,110,30,115.0,35,770.1 BCE,700.5 BCE
Jie,115,35,120.0,40,770.1 BCE,599.5 BCE
Jin,110,30,115.0,40,770.1 BCE,678.5 BCE
Jomon Culture,130,30,145.0,40,2400.1 BCE,1 BCE
Jordan,30,25,40.0,35,1990 CE,present
Ju,115,30,125.0,40,770.1 BCE,431.5 BCE
Ju(2),105,30,110.0,35,771.1 BCE,550.5 BCE
Judah,30,25,40.0,35,931.6 BCE,587.4 BCE
Judah Tributary,30,25,40.0,35,794.5 BCE,736.5 BCE
Jun,105,30,115.0,35,770.1 BCE,611.5 BCE
Kaccha,65,20,75.0,25,610.1 BCE,317.5 BCE
Kadmuhu,35,35,45.0,40,1135.5 BCE,1111.5 BCE
Kalama,80,25,85.0,30,610.1 BCE,518.5 BCE
Kalasma,35,35,40.0,40,1324.5 BCE,1321.5 BCE
Kalaurian Amphictiony,20,35,25.0,40,670.5 BCE,494.5 BCE
Kalinga,80,15,90.0,25,700.1 BCE,1 BCE
Kamarina,10,35,15.0,40,466.5 BCE,405.1 BCE
Kamboja,65,30,75.0,40,700.1 BCE,535.5 BCE
Kappadokia,30,35,42.0,45,330.5 BCE,1 BCE
Karakhar,45,30,50.0,35,2072.5 BCE,1168.5 BCE
Karalla,45,35,50.0,40,717.7 BCE,706.5 BCE
Karmania,50,25,65.0,35,329.5 BCE,325 BCE
Karusha,80,20,85.0,25,610.1 BCE,301.5 BCE
Kasheyas,80,20,85.0,30,364.5 BCE,363.5 BCE
Kasi,80,20,85.0,30,850.1 BCE,600.5 BCE
Kaskas,30,35,42.0,45,1600.5 BCE,711.5 BCE
Kasmira,70,30,80.0,40,500.5 BCE,1 BCE
Kassites,35,25,55.0,40,2100.1 BCE,1618.5 BCE
Kazakhstan,40,40,90.0,60,1990 CE,present
Kekaya,70,30,75.0,35,950.1 BCE,516.5 BCE
Kenya,30,-5,45.0,10,1990 CE,present
Khoisan Peoples,10,-35,45.0,5,2400.1 BCE,1 BCE
Khorasmia,54,35,66.0,45,329.5 BCE,1 BCE
Kimash,45,30,50.0,35,1752.5 BCE,1600.5 BCE
Kingdom of Adab,35,25,55.0,40,2353.5 BCE,2253.3 BCE
Kingdom of Adanaya,30,35,40.0,40,1850.5 BCE,1518.5 BCE
Kingdom of Akshak,35,30,50.0,40,2371.5 BCE,2283.5 BCE
Kingdom of Alakhtum,35,35,40.0,40,2217.9 BCE,2199.5 BCE
Kingdom of Andarig,40,35,45.0,40,1825.5 BCE,1726.5 BCE
Kingdom of Argos,20,35,25.0,40,780.5 BCE,494.1 BCE
Kingdom of Armenia,35,35,50.0,45,323.4 BCE,1 BCE
Kingdom of Arrapha,40,35,50.0,40,1726.5 BCE,760.5 BCE
Kingdom of Assyria,30,30,50.0,45,1920.1 BCE,906.5 BCE
Kingdom of Awan,45,25,55.0,35,2286.5 BCE,1169.5 BCE
Kingdom of Babylon,35,25,50.0,40,1897.6 BCE,1595.5 BCE
Kingdom of Carchemish,35,35,40.0,40,1190.5 BCE,605.5 BCE
Kingdom of Cyrene,5,30,30.0,40,632.5 BCE,1 BCE
Kingdom of Der,40,30,50.0,35,2018.6 BCE,1227.5 BCE
Kingdom of Ebla,35,30,45.0,40,2380.5 BCE,2000.5 BCE
Kingdom of Epirus,10,35,30.0,45,330.5 BCE,1 BCE
Kingdom of Eshnunna,40,30,50.0,40,2026.5 BCE,1730.5 BCE
Kingdom of Hamath,35,30,40.0,40,1180.5 BCE,605.5 BCE
Kingdom of Illyria,15,35,25.0,45,399.5 BCE,1 BCE
Kingdom of Irqata,35,30,40.0,40,2279.3 BCE,2198.4 BCE
Kingdom of Isin,40,25,55.0,40,2017.5 BCE,1794.7 BCE
Kingdom of Israel,30,25,40.0,35,1035.5 BCE,931.6 BCE
Kingdom of Judah,30,30,40.0,35,1004.5 BCE,1003.5 BCE
Kingdom of Kanesh,30,35,40.0,45,1850.5 BCE,1647.5 BCE
Kingdom of Kazallu,40,30,50.0,35,2019.7 BCE,1789.5 BCE
Kingdom of Kish,35,30,50.0,40,2380.5 BCE,1838.6 BCE
Kingdom of Kisurra,45,30,50.0,35,2138.5 BCE,2112.5 BCE
Kingdom of Kummuh,35,35,40.0,40,1190.5 BCE,607.3 BCE
Kingdom of Kush,25,15,40.0,35,1775.5 BCE,1 BCE
Kingdom of Kussara,30,35,40.0,45,1800.5 BCE,1675.5 BCE
Kingdom of Lagash,45,30,55.0,35,2339.5 BCE,1920.4 BCE
Kingdom of Larsa,40,30,50.0,35,2270.5 BCE,1736.5 BCE
Kingdom of Lysimakhos,18,35,36.0,50,305.5 BCE,281.4 BCE
Kingdom of Macedon,15,20,80.0,50,650.5 BCE,301.3 BCE
Kingdom of Macedonia,18,35,30.0,45,277 BCE,1 BCE
Kingdom of Malgium,40,30,50.0,35,1935.5 BCE,1845.5 BCE
Kingdom of Mari,35,30,50.0,40,2311.4 BCE,2190.5 BCE
Kingdom of Melid,35,35,40.0,40,1190.5 BCE,625.5 BCE
Kingdom of Mitanni,30,30,50.0,40,1585.5 BCE,1344.5 BCE
Kingdom of Purushanda,30,35,40.0,40,1775.5 BCE,1626.6 BCE
Kingdom of Qadesh,35,30,40.0,40,1362.5 BCE,1336.5 BCE
Kingdom of Qatna,35,30,40.0,40,1930.1 BCE,1444.4 BCE
Kingdom of Rome,12,40,18.0,45,725 BCE,509.6 BCE
Kingdom of Sam'al,35,35,40.0,40,920.5 BCE,604.7 BCE
Kingdom of Sindica,36,40,42.0,50,480.1 BCE,380.5 BCE
Kingdom of Sparta,10,30,30.0,45,777.5 BCE,268.2 BCE
Kingdom of Syracuse,10,35,25.0,45,304.5 BCE,289.5 BCE
Kingdom of Terqa,35,30,45.0,40,1741.5 BCE,1512.5 BCE
Kingdom of Tuttul,35,35,45.0,40,2380.5 BCE,2196.5 BCE
Kingdom of Tylis,24,40,30.0,45,277.1 BCE,1 BCE
Kingdom of Ugarit,35,35,40.0,40,2348.5 BCE,2200.3 BCE
Kingdom of Ur,40,25,55.0,40,2279.5 BCE,2005.5 BCE
Kingdom of Uruk,35,30,50.0,40,2334.3 BCE,1809.5 BCE
Kingdom of Zalpa,30,35,42.0,45,1950.5 BCE,1675.5 BCE
Kingdom of the Grabaei,18,40,24.0,45,429.1 BCE,295.5 BCE
Kios,24,40,30.0,45,274.5 BCE,1 BCE
Kirati,80,25,90.0,30,610.1 BCE,1 BCE
Kiribati,-175,-15,180.0,5,1990 CE,present
Kirruru,40,35,50.0,40,735.2 BCE,707.5 BCE
Kizzuwatna,30,35,40.0,40,1510.8 BCE,1419.5 BCE
Koliya,80,25,85.0,30,610.1 BCE,480.5 BCE
Konkana,70,15,75.0,20,610.1 BCE,1 BCE
Kopai,20,35,25.0,40,386.5 BCE,378.8 BCE
Koreans,125,30,130.0,40,2400.1 BCE,1 BCE
Kosala,80,20,85.0,30,950.1 BCE,465.5 BCE
Kotosh Culture,-80,-15,-75.0,-5,2300.1 BCE,1199.1 BCE
Ksudrakas,70,30,75.0,35,610.1 BCE,325.6 BCE
Kuai,110,30,115.0,35,,
Kui,110,30,115.0,35,770.1 BCE,634.5 BCE
Kuninda,75,30,80.0,35,450.5 BCE,322.5 BCE
Kuntala,75,15,80.0,20,600.5 BCE,300.5 BCE
Kunti,75,25,80.0,30,610.1 BCE,535.5 BCE
Kunwu,110,35,115.0,40,1750.1 BCE,1603.5 BCE
Kuru,70,25,85.0,35,1150.1 BCE,500.5 BCE
Kush Tributary,25,25,35.0,35,726.5 BCE,679.6 BCE
Kuwait,45,25,50.0,35,1990 CE,present
Kyme,12,40,18.0,45,500.5 BCE,421.5 BCE
Kyrgyzstan,65,35,84.0,45,1990 CE,present
Lagash,40,30,50.0,35,2397.4 BCE,2352.5 BCE
Lai,115,35,125.0,40,1039.5 BCE,567.5 BCE
Lai(2),110,30,115.0,35,770.1 BCE,640.5 BCE
Laiyi,115,35,125.0,40,770.1 BCE,500.5 BCE
Land of Bel-harran-beli-user,35,35,45.0,40,753.5 BCE,744.8 BCE
Land of Shamash-resha-user,35,30,45.0,40,753.5 BCE,744.8 BCE
Land of Tartanu Shamshi-ilu,35,35,40.0,40,753.5 BCE,744.8 BCE
Laos,100,10,110.0,25,1990 CE,present
Laqe,35,30,45.0,40,1080.5 BCE,608.5 BCE
Larak,40,30,50.0,35,2394.8 BCE,2283.5 BCE
Larissa,20,35,25.0,40,405.5 BCE,375.3 BCE
Latin League,12,40,18.0,45,730 BCE,533.5 BCE
Latins,12,40,18.0,45,800.1 BCE,730 BCE
Latvia,16,55,32.0,60,1990 CE,present
Lauhitya,90,25,95.0,30,610.1 BCE,1 BCE
League of Argos,18,35,30.0,45,421.7 BCE,417.5 BCE
Lebadeia,20,35,25.0,40,386.5 BCE,378.8 BCE
Lebanon,35,30,40.0,35,1990 CE,present
Leichtenstein,6,45,12.0,50,1990 CE,present
Leontini,10,35,20.0,40,466.5 BCE,1 BCE
Lesbos,25,35,30.0,40,386.5 BCE,1 BCE
Lesotho,25,-35,30.0,-25,1990 CE,present
Li,115,30,120.0,35,770.1 BCE,538.5 BCE
Li Rong,110,35,115.0,40,770.1 BCE,672.5 BCE
Li(2),110,35,115.0,40,770.1 BCE,663.5 BCE
Li(3),110,30,115.0,35,697.5 BCE,680.5 BCE
Liang,105,30,115.0,40,771.1 BCE,641.5 BCE
Liao,115,30,120.0,35,770.1 BCE,622.5 BCE
Liao(2),110,30,115.0,35,770.1 BCE,700.5 BCE
Liberia,-15,0,-5.0,10,1990 CE,present
Liburnians,12,40,24.0,45,1000.1 BCE,1 BCE
Libya,5,15,30.0,35,1990 CE,present
Libyans,10,25,35.0,35,2400.1 BCE,1 BCE
Libyphoenices,10,30,25.0,35,500.1 BCE,1 BCE
Ligurians,0,40,12.0,50,800.1 BCE,1 BCE
Lingzhi,114,35,120.0,45,770.1 BCE,662.5 BCE
Linhu,102,35,115.0,45,770.1 BCE,1 BCE
Lithuania,16,50,32.0,60,1990 CE,present
Little Guo,105,30,110.0,35,771.1 BCE,687.5 BCE
Liu,115,30,120.0,35,770.1 BCE,622.5 BCE
Locri,15,35,20.0,40,345.5 BCE,273.5 BCE
Longshan Culture,105,30,125.0,40,2400.1 BCE,1900.1 BCE
Loufan,108,35,115.0,45,770.1 BCE,307.5 BCE
Lower Macedon,18,40,24.0,45,454.5 BCE,431.5 BCE
Lu,115,30,120.0,40,807.5 BCE,562.5 BCE
Lu(2),110,30,115.0,35,770.1 BCE,688.5 BCE
Lu(3),110,30,115.0,35,770.1 BCE,690.5 BCE
Lucani,12,40,18.0,45,500.1 BCE,436.5 BCE
Lucanians,12,35,20.0,45,450.1 BCE,267.5 BCE
Luhun Rong,105,30,115.0,35,771.1 BCE,525.5 BCE
Lukka,25,35,35.0,40,1535.5 BCE,1235.5 BCE
Lullubi,40,35,50.0,40,,2050.1 BCE
Lullubum,40,35,50.0,40,2054.5 BCE,2051.2 BCE
Luo,110,30,115.0,35,770.1 BCE,690.5 BCE
Luwians,24,35,40.0,45,2022.8 BCE,1000.1 BCE
Luxembourg,0,45,12.0,55,1990 CE,present
Lycians,25,35,35.0,40,1000.1 BCE,362.5 BCE
Lydia,24,35,36.0,45,850.1 BCE,547.1 BCE
Lydians,25,35,30.0,40,1000.1 BCE,850.1 BCE
Lynkestis,18,40,24.0,45,540.5 BCE,392.5 BCE
Macedon,18,35,30.0,45,281.4 BCE,277 BCE
Macedonia,18,40,24.0,45,1990 CE,present
Macedonian Ally,12,25,80.0,50,338.2 BCE,322.1 BCE
Madagascar,40,-30,55.0,-10,1990 CE,present
Madra,70,30,80.0,35,950.1 BCE,326.2 BCE
Maeotians,36,40,42.0,50,380.5 BCE,325.5 BCE
Magadha,70,20,90.0,30,775.1 BCE,355.3 BCE
Magan,50,20,60.0,30,2400.1 BCE,1550.1 BCE
Magnesia,20,35,25.0,40,650.5 BCE,580.5 BCE
Malavas,70,30,75.0,35,610.1 BCE,325.6 BCE
Malawi,30,-20,40.0,-5,1990 CE,present
Malaysia,95,0,120.0,10,1990 CE,present
Maldives,70,-5,75.0,10,1990 CE,present
Mali,-15,10,5.0,30,1990 CE,present
Malis,20,35,25.0,40,695.5 BCE,370.7 BCE
Malla,80,25,90.0,30,750.1 BCE,363.5 BCE
Malta,10,35,15.0,40,1990 CE,present
Mama,35,35,40.0,40,1850.5 BCE,1644.5 BCE
Mamertine Mercenaries,15,35,20.0,40,289.1 BCE,287.5 BCE
Mamertines,10,35,20.0,40,287.5 BCE,1 BCE
Manchurian Peoples,114,35,144.0,55,2400.1 BCE,1 BCE
Mannaea,40,35,50.0,40,843.1 BCE,608.5 BCE
Manshi,110,30,115.0,35,770.1 BCE,491.5 BCE
Mantineia,20,35,25.0,40,417.5 BCE,268.2 BCE
Mao,105,30,110.0,35,771.1 BCE,687.5 BCE
Mao(2),115,30,120.0,40,770.1 BCE,560.5 BCE
Margiana,60,30,70.0,40,329.5 BCE,328.5 BCE
Marrucini,12,40,18.0,45,438.5 BCE,304.5 BCE
Marshall Islands,160,0,175.0,15,1990 CE,present
Marsi,12,40,18.0,45,492.5 BCE,304.5 BCE
Masa,24,35,36.0,45,1535.5 BCE,1228.4 BCE
Massagetai,54,35,72.0,50,329.5 BCE,1 BCE
Matsya,70,25,80.0,30,925.1 BCE,318.5 BCE
Mauritania,-20,10,0.0,30,1990 CE,present
Mauritius,55,-25,65.0,-10,1990 CE,present
Maurya,70,25,80.0,35,324.5 BCE,321.5 BCE
Maurya Empire,55,10,95.0,40,321.5 BCE,1 BCE
Maya,-95,10,-85.0,25,1000.1 BCE,1 BCE
Medes,45,30,55.0,40,800.1 BCE,674.3 BCE
Media,30,30,65.0,45,713.3 BCE,550.5 BCE
Median Vassal,45,25,65.0,35,586.5 BCE,550.5 BCE
Megalopolis,20,35,25.0,40,300.5 BCE,272.1 BCE
Megaris,10,35,36.0,45,743.5 BCE,268.2 BCE
Mercenaries of Bithynia,24,40,36.0,45,,
Mercenaries under Agathocles,10,35,20.0,40,319.5 BCE,316.5 BCE
Mercenaries under Amyntas,30,25,40.0,35,,
Mercenaries under Cleonymus,6,35,25.0,50,303.4 BCE,301.5 BCE
Mercenaries under Harpalus,20,35,35.0,40,,
Mercenaries under Leosthenes,20,35,25.0,40,,
Mercenaries under Phalaecus,20,35,30.0,40,,
Mercenaries under Thibron,20,30,25.0,40,,
Mesoamerican Peoples,-105,5,-70.0,25,2400.1 BCE,1 BCE
Messapians,12,35,24.0,45,800.1 BCE,267.5 BCE
Messapii,12,35,24.0,45,500.1 BCE,280.4 CE
Messenia,15,35,25.0,40,770.5 BCE,1 BCE
Mexico,-120,10,-85.0,35,1990 CE,present
Mianzhu,105,30,110.0,35,771.1 BCE,361.5 BCE
Micronesia,135,5,165.0,15,1990 CE,present
Middle Assyrian Empire,30,30,50.0,40,1346.4 BCE,1076.5 BCE
Minoans,20,30,30.0,40,2000.1 BCE,1487.5 BCE
Mithila,80,25,90.0,30,364.5 BCE,363.5 BCE
Mixtecs,-100,15,-95.0,20,1500.1 BCE,1 BCE
Moabites,35,30,40.0,35,1280 BCE,587.4 BCE
Moldova,24,45,36.0,50,1990 CE,present
Molossis,18,35,25.0,45,430.8 BCE,350.5 BCE
Mongolia,84,40,120.0,55,1990 CE,present
Moriya,80,25,85.0,30,610.1 BCE,467.5 BCE
Morocco,-20,20,0.0,40,1990 CE,present
Mou,115,35,120.0,40,770.1 BCE,650.5 BCE
Mozambique,30,-30,45.0,-10,1990 CE,present
Mulaka,70,15,80.0,20,610.1 BCE,301.5 BCE
Musasir,40,35,50.0,40,735.2 BCE,723.5 BCE
Musicanus,65,25,70.0,30,338.5 BCE,325.2 BCE
Musri,35,35,40.0,40,900.1 BCE,858.6 BCE
Mutibas,75,15,85.0,20,610.1 BCE,600.5 BCE
Mutinous troops,12,40,18.0,45,,
Myanmar,90,5,105.0,30,1990 CE,present
Mycenaean Kingdoms,20,35,30.0,40,1220.4 BCE,1210.4 BCE
Mycenaeans,18,30,30.0,45,1505.5 BCE,1100.5 BCE
Mysians,24,35,30.0,45,1000.1 BCE,542.5 BCE
Nabataean Kingdom,30,25,45.0,35,331.3 BCE,1 BCE
Nabataeans,35,25,40.0,35,843.1 BCE,526.5 BCE
Nairi,40,35,45.0,40,,
Namibia,10,-30,30.0,-15,1990 CE,present
Namri,40,30,50.0,40,851.8 BCE,737.6 BCE
Nanda Empire,70,15,90.0,35,355.5 BCE,321.5 BCE
Nanyan,110,35,115.0,40,770.1 BCE,640.5 BCE
Nauru,165,-5,170.0,0,1990 CE,present
Naxos,15,35,20.0,40,466.5 BCE,403.5 BCE
Neo Assyrian Empire,25,20,55.0,40,843.1 BCE,608.5 BCE
Neo Assyrian Tributary,25,20,55.0,45,896.5 BCE,612.3 BCE
Neo Assyrian revolt,35,30,50.0,40,827.6 BCE,762.5 BCE
Neo Babylonian Empire,30,20,50.0,40,616.4 BCE,574.5 BCE
Neo Babylonian Empire Tributary,30,25,40.0,35,605.5 BCE,554.5 BCE
Neo-Assyrian Empire,35,30,50.0,40,906.5 BCE,608.5 BCE
Neo-Babylonian Empire,30,20,50.0,40,616.4 BCE,539.2 BCE
Nepal,80,25,90.0,35,1990 CE,present
New Hittite Kingdom,24,30,45.0,45,1438.6 BCE,1190.5 BCE
New Zealand,-170,-55,186.0,-5,1990 CE,present
Ni,115,30,120.0,40,770.1 BCE,335.3 BCE
Nicaragua,-90,10,-80.0,20,1990 CE,present
Niger,0,10,20.0,25,1990 CE,present
Nigeria,0,0,15.0,15,1990 CE,present
Nilotic Peoples,25,0,40.0,15,1000.1 BCE,1 BCE
Nok People,0,5,15.0,15,1500.1 BCE,1 BCE
Norte Chico Civilization,-80,-15,-75.0,-5,2400.1 BCE,1800.1 BCE
North Arabian Semites,35,25,50.0,35,500.1 BCE,1 BCE
North Korea,120,35,132.0,45,1990 CE,present
Northern League,24,40,36.0,45,281.6 BCE,274.5 BCE
Northern Zone Peoples,105,30,120.0,40,1400.1 BCE,1000.1 BCE
Northwest Coast Peoples,-150,40,-120.0,65,2400.1 BCE,1 BCE
Norway,-15,-55,45.0,85,1990 CE,present
Nu,105,25,110.0,35,770.1 BCE,600.5 BCE
Nubia,30,20,35.0,25,1085.5 BCE,776.5 BCE
Nubians,30,10,40.0,25,2400.1 BCE,1 BCE
Nuhashshi,35,35,40.0,40,1337.8 BCE,1336.5 BCE
Numidians,-5,30,10.0,40,1000.1 BCE,1 BCE
Odra,80,20,90.0,25,610.1 BCE,344.5 BCE
Odrysia,18,40,30.0,45,359.7 BCE,1 BCE
Odrysian Kingdom,18,35,30.0,50,475.5 BCE,341.5 BCE
Oetaea,20,35,25.0,40,695.5 BCE,273.5 BCE
Old Hittite Kingdom,25,30,45.0,45,1759.5 BCE,1438.4 BCE
Olmecs,-100,15,-90.0,20,1250.1 BCE,1 BCE
Oman,50,15,60.0,30,1990 CE,present
Opuntian Locris,20,35,25.0,40,695.5 BCE,272.5 BCE
Oreitai,65,20,70.0,30,329.5 BCE,325.2 BCE
Orestis,18,40,24.0,45,540.5 BCE,475.5 BCE
Oxycanus,65,25,75.0,30,337.5 BCE,325.2 BCE
Ozolian Locris,15,35,25.0,40,695.5 BCE,378.9 BCE
Paeligni,12,40,18.0,45,438.5 BCE,304.5 BCE
Paeonia,18,40,24.0,45,352.1 BCE,1 BCE
Paeonians,18,40,24.0,45,850.1 BCE,340.5 BCE
Paiones,18,40,24.0,45,500.1 BCE,356.5 BCE
Pakistan,60,20,80.0,40,1990 CE,present
Pala,30,40,36.0,45,1535.5 BCE,1381.5 BCE
Palau,130,0,135.0,10,1990 CE,present
Paleosiberians,64,55,170.0,75,2400.1 BCE,1 BCE
Pampas Cultures,-75,-50,-50.0,-30,2400.1 BCE,1 BCE
Pamphylians,30,35,35.0,40,1000.1 BCE,558.5 BCE
Panama,-85,5,-75.0,10,1990 CE,present
Panchala,75,25,85.0,35,825.5 BCE,610.1 BCE
Pandya,75,5,80.0,15,325.5 BCE,1 BCE
Paphlagonia,30,35,36.0,45,323.4 BCE,1 BCE
Papua New Guinea,140,-15,160.0,0,1990 CE,present
Papuans,130,-10,150.0,0,1600.1 BCE,1 BCE
Paraguay,-65,-30,-50.0,-15,1990 CE,present
Parauaea,18,40,24.0,45,430.8 BCE,350.5 BCE
Pardabathra,65,20,70.0,30,338.5 BCE,325.2 BCE
Parsua,40,30,50.0,40,860.1 BCE,744.5 BCE
Parthia,50,30,65.0,40,,
Pashime,45,25,55.0,35,2348.5 BCE,1345.5 BCE
Patagonian Peoples,-80,-55,-64.0,-40,2400.1 BCE,1 BCE
Patin (Unqi),35,35,40.0,40,1190.5 BCE,604.7 BCE
Paurava,70,30,75.0,35,337.5 BCE,326.2 BCE
Pelagonia,18,40,24.0,45,540.5 BCE,475.5 BCE
Pelasgians,20,35,30.0,40,2400.1 BCE,1505.5 BCE
Peloponnesian League,10,30,40.0,45,426.5 BCE,365.7 BCE
Peng,110,30,120.0,35,770.1 BCE,650.5 BCE
Pengzhi,105,30,115.0,35,771.1 BCE,697.5 BCE
Pergamon,25,35,30.0,40,274.5 BCE,1 BCE
Persia,45,25,65.0,35,653.4 BCE,550.5 BCE
Persian Empire,15,20,78.0,50,550.5 BCE,1 BCE
Persian Revolt,45,25,70.0,35,,
Persian Vassal,18,35,30.0,45,491.5 BCE,409.6 BCE
Peru,-85,-20,-65.0,0,1990 CE,present
Peucetians,12,40,18.0,45,800.1 BCE,267.5 BCE
Pharsalos,20,35,25.0,40,405.5 BCE,375.3 BCE
Pherae,18,35,25.0,45,405.5 BCE,352.4 BCE
Philippines,115,0,130.0,25,1990 CE,present
Philistia,30,30,40.0,35,1020.5 BCE,604.5 BCE
Philistines,30,30,40.0,35,1180.5 BCE,1020.5 BCE
Phlius,20,35,25.0,40,655.5 BCE,338.2 BCE
Phocis,20,35,25.0,40,695.5 BCE,1 BCE
Phoenicians,-10,30,40.0,40,1145.5 BCE,602.5 BCE
Phrygian Kingdom,24,35,36.0,45,1120.5 BCE,654.5 BCE
Phrygians,18,35,45.0,45,1223.5 BCE,585.5 BCE
Pi,115,30,120.0,35,770.1 BCE,415.5 BCE
Piceni,12,40,18.0,45,500.1 BCE,438.5 BCE
Picentes,12,40,18.0,45,800.1 BCE,438.5 BCE
Picenum,12,40,18.0,45,438.5 BCE,268.6 BCE
Ping Zhou,105,30,110.0,35,771.1 BCE,550.5 BCE
Pirate Mercenaries,18,35,40.0,45,,
Pirates,20,35,30.0,40,,
Pisatis,20,35,25.0,40,684.5 BCE,572.5 BCE
Pisidians,30,35,35.0,40,558.5 BCE,1 BCE
Pitassa,30,35,35.0,40,1545.5 BCE,1437.7 BCE
Plains Peoples,-120,25,-90.0,55,2400.1 BCE,1 BCE
Plateau Peoples,-128,40,-108.0,55,2400.1 BCE,1 BCE
Plebian secession,12,40,18.0,45,,
Poland,8,45,32.0,55,1990 CE,present
Pontians,36,40,42.0,45,612.3 BCE,514.5 BCE
Pontus,30,35,42.0,45,281.3 BCE,1 BCE
Portugal,-35,30,-5.0,45,1990 CE,present
Poverty Point Culture,-95,30,-85.0,35,2200.1 BCE,1 BCE
Praeneste,12,40,18.0,45,359.5 BCE,341.2 BCE
Proto-Burmese,90,25,100.0,35,2400.1 BCE,1 BCE
Proto-Canaanites,30,30,40.0,35,2300 BCE,1850.1 BCE
Proto-Ethiopians,30,5,45.0,15,2400.1 BCE,1 BCE
Proto-Greeks,18,35,25.0,45,1950.1 BCE,1223.5 BCE
Proto-Mongol Peoples,96,45,120.0,55,2400.1 BCE,1 BCE
Proto-Tibetans,70,25,100.0,40,2400.1 BCE,1 BCE
Proto-Turkic Peoples,75,30,114.0,50,2400.1 BCE,1 BCE
Ptolemaic Ally,20,35,35.0,40,314.7 BCE,313.3 BCE
Ptolemaic Kingdom,20,20,40.0,45,290.5 BCE,1 BCE
Pu,110,35,115.0,40,770.1 BCE,677.5 BCE
Pugu,115,35,120.0,40,1036.5 BCE,1026.5 BCE
Pulinda,75,20,85.0,25,610.1 BCE,319.5 BCE
Pundra,85,20,90.0,30,610.1 BCE,311.5 BCE
Punt,35,5,50.0,20,2400.1 BCE,1100.1 BCE
Qatar,50,20,55.0,30,1990 CE,present
Qedarite Confederation,35,25,50.0,40,870.5 BCE,550.5 BCE
Qedarites,35,25,45.0,35,925.1 BCE,1 BCE
Qi,110,30,126.0,45,770.1 BCE,1 BCE
Qi(2),115,35,120.0,40,770.1 BCE,445.5 BCE
Qi(3),115,35,120.0,40,770.1 BCE,706.5 BCE
Qiang,95,35,105.0,40,771.1 BCE,1 BCE
Qin,100,25,120.0,40,771.1 BCE,1 BCE
Qiuyou,110,35,115.0,40,770.1 BCE,458.5 BCE
Qu,110,35,115.0,40,770.1 BCE,677.5 BCE
Quaman,105,30,115.0,35,770.1 BCE,611.5 BCE
Quan,110,30,115.0,35,770.1 BCE,704.3 BCE
Quanrong,95,30,115.0,40,1000.1 BCE,1 BCE
Que,30,35,40.0,40,1180.5 BCE,588.5 BCE
Quwo,110,30,115.0,40,745.5 BCE,678.1 BCE
Rang,105,25,110.0,35,770.1 BCE,670.5 BCE
Rathikas,70,15,75.0,25,321.5 BCE,300.5 BCE
Rebel Aranzik,35,35,40.0,40,1695.5 BCE,1690.5 BCE
Rebel Irridu,35,35,45.0,40,1717.5 BCE,1710.5 BCE
Rebel Israelites,35,30,40.0,35,1097.5 BCE,1095.5 BCE
Red Di,110,35,115.0,40,770.1 BCE,594.5 BCE
Ren,115,35,120.0,40,770.1 BCE,335.5 BCE
Revolt,6,25,125.0,50,518.8 BCE,268.5 BCE
Revolt of Antigonus,25,35,35.0,40,,
Revolt of Antipater,18,35,30.0,45,,
Revolt of Ariobarzanes,24,35,36.0,45,366.8 BCE,362.3 BCE
Revolt of Artabazus,24,35,36.0,45,356.3 BCE,353.2 BCE
Revolt of Autophradates,25,35,35.0,40,363.5 BCE,360.5 BCE
Revolt of Cyrus the Younger,25,30,45.0,40,,
Revolt of Datames,30,35,42.0,45,371.5 BCE,360.5 BCE
Revolt of Eumenes,24,30,45.0,45,321 BCE,320 BCE
Revolt of Hermias,25,35,30.0,40,345.5 BCE,342.1 BCE
Revolt of Hua Clan,115,30,120.0,35,521.7 BCE,520.5 BCE
Revolt of Inaros,25,25,35.0,35,462.3 BCE,449.8 BCE
Revolt of Khababash,30,30,35.0,35,336.5 BCE,335.5 BCE
Revolt of Luan,110,35,115.0,40,,
Revolt of Lysimachus,18,40,30.0,45,,
Revolt of Mausolus,25,35,30.0,40,363.5 BCE,360.5 BCE
Revolt of Orontes,35,35,50.0,45,363.5 BCE,360.5 BCE
Revolt of Pissuthnes,25,35,35.0,40,420.5 BCE,415.5 BCE
Revolt of Ptolemy,20,20,35.0,40,,
Revolt of Wangzi Tui,110,30,115.0,40,675.6 BCE,673.5 BCE
Revolt of Wangzi Zhao,110,30,115.0,40,520.5 BCE,516.5 BCE
Rhegion,12,35,20.0,45,621.5 BCE,1 BCE
Rhodos,25,35,30.0,40,319.5 BCE,1 BCE
Roman Ally,0,35,24.0,45,305.5 BCE,1 BCE
Roman Latin Colony,6,40,18.0,45,495.7 BCE,1 BCE
Roman Republic,6,35,24.0,45,509.4 BCE,1 BCE
Romania,18,40,30.0,50,1990 CE,present
Rong,110,30,120.0,40,770.1 BCE,593.5 BCE
Rui,105,30,115.0,40,771.1 BCE,641.5 BCE
Ruo,110,30,115.0,35,770.1 BCE,622.5 BCE
Ruo'ao revolt,110,30,115.0,35,605.5 BCE,604.5 BCE
Russia,0,40,195.0,85,1990 CE,present
Rwanda,25,-5,35.0,0,1990 CE,present
Saba,40,10,50.0,20,1100.1 BCE,1 BCE
Sabines,12,40,18.0,45,800.1 BCE,438.5 BCE
Sabini,12,40,18.0,45,438.5 BCE,290.2 BCE
Saharan Peoples,-20,15,30.0,35,2400.1 BCE,1 BCE
Sakas,48,35,96.0,55,750.1 BCE,1 BCE
Sakya,80,25,85.0,30,750.1 BCE,480.5 BCE
Salamis,30,30,40.0,40,411.2 BCE,380.5 BCE
Salva,75,25,80.0,30,610.1 BCE,600.5 BCE
Salwa,70,25,75.0,30,610.1 BCE,322.5 BCE
Sambus,65,20,75.0,35,329.5 BCE,325.2 BCE
Samian Thalassocracy,20,35,30.0,40,542.5 BCE,522.5 BCE
Samnite Ally,12,40,24.0,45,326.5 BCE,304.5 BCE
Samnite Confederation,12,40,18.0,45,438.5 BCE,267.5 BCE
Samnites,12,40,18.0,45,800.1 BCE,438.5 BCE
Samnium,12,40,18.0,45,500.1 BCE,438.5 BCE
Samoa,-175,-15,-170.0,-10,1990 CE,present
Samos,25,35,30.0,40,386.5 BCE,338.2 BCE
San Marino,12,40,18.0,45,1990 CE,present
Sanxingdui Culture,100,25,110.0,35,1700.1 BCE,1000.1 BCE
Sardinians,5,35,12.0,45,1250.1 BCE,510.5 BCE
Sattagydia,65,30,75.0,35,610.1 BCE,516.5 BCE
Sattyaputas,70,10,80.0,15,325.5 BCE,1 BCE
Saudi Arabia,30,15,60.0,35,1990 CE,present
Saurashtra,65,20,75.0,25,610.1 BCE,317.5 BCE
Sauromatians,36,40,64.0,55,550.1 BCE,1 BCE
Sauvira,65,25,70.0,30,610.1 BCE,515.5 BCE
Savanna Peoples,-70,-35,-35.0,0,2400.1 BCE,1 BCE
Savaras,80,15,85.0,20,610.1 BCE,430.5 BCE
Scythia,24,30,55.0,50,678.5 BCE,1 BCE
Scythians,24,35,96.0,55,1201.1 BCE,1 BCE
Sea Peoples,20,30,40.0,45,1204.6 BCE,1180.5 BCE
Sealand,40,30,50.0,35,1734.5 BCE,1440.4 BCE
Second Athenian League,15,35,36.0,45,376.1 BCE,338.2 BCE
Seleucid Ally,24,35,36.0,45,282.2 BCE,1 BCE
Seleucid Kingdom,24,25,75.0,45,305.5 BCE,1 BCE
Semitic Nomads,35,15,60.0,35,2400.1 BCE,1000.1 BCE
Senegal,-20,10,-10.0,20,1990 CE,present
Seychelles,45,-15,60.0,0,1990 CE,present
Shang,105,30,125.0,40,1750.1 BCE,1103.5 BCE
Shang Dynasty,100,25,125.0,45,1600.5 BCE,1043.5 BCE
Shanrong,114,35,120.0,45,770.1 BCE,282.5 BCE
Shao,105,30,110.0,35,771.1 BCE,687.5 BCE
Shen,105,30,115.0,40,771.8 BCE,687.5 BCE
Shen(2),110,30,120.0,35,770.1 BCE,506.7 BCE
Shi,115,30,120.0,40,770.1 BCE,560.5 BCE
Shimashki,40,25,60.0,35,2213.5 BCE,1970.5 BCE
Shinuhtu,30,35,40.0,40,826.8 BCE,718.5 BCE
Shu,100,25,115.0,35,1075.1 BCE,316.5 BCE
Shu Bao,115,30,120.0,35,770.1 BCE,601.5 BCE
Shu Yong,115,30,120.0,35,770.1 BCE,601.5 BCE
Shu jiu,115,30,120.0,35,770.1 BCE,601.5 BCE
Shu long,115,30,120.0,35,770.1 BCE,601.5 BCE
Shu(2),115,30,120.0,35,770.1 BCE,615.5 BCE
Shubria,40,35,45.0,40,735.2 BCE,673.5 BCE
Shurparaka,70,15,75.0,25,610.1 BCE,301.5 BCE
Sicans,10,35,20.0,40,1450.1 BCE,409.3 BCE
Sicelia,10,35,20.0,40,461.4 BCE,392.5 BCE
Sicels,10,35,20.0,40,1000.1 BCE,409.3 BCE
Sicyon,20,35,25.0,40,655.5 BCE,445.5 BCE
Sidicini,12,40,18.0,45,438.5 BCE,334.5 BCE
Sierra Leone,-15,5,-10.0,15,1990 CE,present
Sikanoi,10,35,15.0,40,500.1 BCE,405.1 BCE
Sikeloi,10,35,20.0,40,500.1 BCE,440.5 BCE
Simurrum,45,30,50.0,40,2052.6 BCE,1600.5 BCE
Sindhu,65,25,75.0,30,610.1 BCE,515.5 BCE
Singapore,100,0,105.0,5,1990 CE,present
Sinope,30,40,36.0,45,323.4 BCE,1 BCE
Sivi,65,25,70.0,30,610.1 BCE,543.5 BCE
Slavs,16,45,40.0,55,2050.1 BCE,1 BCE
Slovakia,12,45,24.0,50,1990 CE,present
Slovenia,12,45,18.0,50,1990 CE,present
Sogdians,65,35,75.0,45,1700.1 BCE,532.5 BCE
Solomon Islands,155,-15,170.0,-5,1990 CE,present
Somalia,40,-5,55.0,15,1990 CE,present
Song,110,30,120.0,40,770.1 BCE,286.5 BCE
South Africa,15,-50,42.0,-20,1990 CE,present
South China Peoples,105,25,125.0,35,2400.1 BCE,1 BCE
South Korea,120,30,135.0,40,1990 CE,present
Spain,-20,25,6.0,45,1990 CE,present
Spratly Islands,110,5,120.0,15,1990 CE,present
Sri Lanka,75,5,85.0,10,1990 CE,present
St. Kitts and Nevis,-65,15,-60.0,20,1990 CE,present
St. Lucia,-65,10,-60.0,15,1990 CE,present
St. Vincent and the Grenadines,-65,10,-60.0,15,1990 CE,present
Stasis,10,30,45.0,45,586.6 BCE,312.7 BCE
Su,115,35,120.0,40,770.1 BCE,684.5 BCE
Subarctic Peoples,-168,45,-56.0,70,2400.1 BCE,1 BCE
Subartum,40,35,45.0,40,1741.5 BCE,1615.5 BCE
Succession struggle,12,25,120.0,45,785.5 BCE,352.1 BCE
Sudan,20,0,40.0,25,1990 CE,present
Suhma,85,20,90.0,25,610.1 BCE,345.5 BCE
Suhne,40,35,45.0,40,931.1 BCE,863.5 BCE
Suhu,40,30,45.0,35,1120.5 BCE,612.4 BCE
Sui,110,30,115.0,35,770.1 BCE,640.5 BCE
Sui(2),115,35,120.0,40,770.1 BCE,681.5 BCE
Surasena,75,25,80.0,30,900.1 BCE,360.5 BCE
Suriname,-60,0,-50.0,10,1990 CE,present
Swaziland,30,-30,35.0,-25,1990 CE,present
Sweden,8,55,36.0,70,1990 CE,present
Switzerland,0,45,12.0,50,1990 CE,present
Syracuse,6,35,30.0,45,715.5 BCE,1 BCE
Syracuse exiles,10,35,20.0,40,316.4 BCE,305.5 BCE
Syria,35,30,45.0,40,1990 CE,present
São Tomé and Príncipe,5,-5,10.0,5,1990 CE,present
Tabal,30,35,40.0,40,1190.5 BCE,678.5 BCE
Taiwan,115,20,125.0,30,1990 CE,present
Tajikistan,65,35,80.0,45,1990 CE,present
Tan,115,30,120.0,40,770.1 BCE,473.3 BCE
Tan(2),115,35,120.0,40,770.1 BCE,684.5 BCE
Tanagra,20,35,25.0,40,386.5 BCE,382.3 BCE
Tang,110,30,115.0,35,770.1 BCE,505.2 BCE
Tanzania,25,-15,45.0,0,1990 CE,present
Taras,12,40,24.0,45,500.5 BCE,380.5 BCE
Tarhuntassa,30,35,35.0,40,1535.5 BCE,1200.5 BCE
Tartessos,-10,35,-5.0,40,1000.1 BCE,1 BCE
Taulanti,15,35,25.0,45,800.1 BCE,279.1 BCE
Tauromenion,15,35,20.0,40,288.5 BCE,1 BCE
Taxila,70,30,75.0,40,338.5 BCE,326.4 BCE
Tegea,20,35,25.0,40,300.5 BCE,268.2 BCE
Teng,115,30,120.0,40,770.1 BCE,297.5 BCE
Terramare Culture,6,40,12.0,50,1550.1 BCE,1250.1 BCE
Teutons,0,50,24.0,65,2050.1 BCE,1 BCE
Thai Peoples,95,20,105.0,35,2400.1 BCE,1 BCE
Thailand,95,5,110.0,25,1990 CE,present
Theban Ally,18,35,30.0,45,370.7 BCE,338.2 BCE
Thebes,18,35,36.0,45,386.5 BCE,267.7 BCE
Thespiae,20,35,25.0,40,386.5 BCE,378.8 BCE
Thesprotia,20,35,25.0,40,395.5 BCE,350.5 BCE
Thesprotians,20,35,25.0,40,500.1 BCE,430.8 BCE
Thessaly,18,35,25.0,45,650.5 BCE,335.2 BCE
Thrace,18,40,30.0,45,277.1 BCE,1 BCE
Thracians,18,40,30.0,50,1450.5 BCE,1 BCE
Thraco Cimmerians,18,40,54.0,50,2400.1 BCE,1450.5 BCE
Thraikes,18,40,30.0,45,500.1 BCE,1 BCE
Three Guards Rebellion,110,30,125.0,40,1042.5 BCE,1039.5 BCE
Three Yi Tribes,115,25,125.0,30,770.1 BCE,1 BCE
Thyni,24,40,30.0,45,469.5 BCE,400.3 BCE
Tian Qi,110,30,125.0,45,481.4 BCE,1 BCE
Tian clan,115,35,120.0,40,500.1 BCE,481.4 BCE
Tibur,12,40,18.0,45,388.4 BCE,341.2 BCE
Togo,-5,5,5.0,15,1990 CE,present
Tong,115,30,120.0,35,770.1 BCE,615.5 BCE
Tonga,-175,-25,185.0,-15,1990 CE,present
Triballi,18,40,30.0,45,445.5 BCE,1 BCE
Trigarta,70,30,80.0,35,950.1 BCE,323.3 BCE
Trinidad and Tobago,-65,10,-60.0,15,1990 CE,present
Triphylia,20,35,25.0,40,725.5 BCE,1 BCE
Troezen,20,35,25.0,40,494.5 BCE,1 BCE
Tuhe,114,40,126.0,45,770.1 BCE,307.5 BCE
Tummanna,30,35,36.0,45,1535.5 BCE,1325.5 BCE
Tunisia,5,30,15.0,40,1990 CE,present
Turkey,24,35,48.0,45,1990 CE,present
Turkmenistan,48,35,70.0,45,1990 CE,present
Turks and Caicos Islands,-75,20,-70.0,25,1990 CE,present
Tuvalu,175,-10,180.0,-5,1990 CE,present
Tuwana,30,35,40.0,40,826.8 BCE,635.5 BCE
Tymphaea,18,35,25.0,45,430.8 BCE,368.5 BCE
Tyranny of Syracuse,5,30,25.0,45,478.5 BCE,278.2 BCE
Uelikukhi,40,35,50.0,45,880.1 BCE,706.5 BCE
Uganda,25,-5,40.0,5,1990 CE,present
Ugrians,36,50,72.0,70,750.1 BCE,1 BCE
Ukraine,16,40,42.0,55,1990 CE,present
Umbri,12,40,18.0,45,800.1 BCE,438.5 BCE
Umbria,6,40,18.0,45,438.5 BCE,290.2 BCE
Umbrii,12,40,18.0,45,500.1 BCE,438.5 BCE
Umma,45,30,50.0,35,2394.8 BCE,2309.5 BCE
United Arab Emirates,50,20,60.0,30,1990 CE,present
United Kingdom,-135,-60,75.0,65,1990 CE,present
United States,-176,-15,192.0,75,1990 CE,present
Ur III Tributary,40,25,55.0,40,2108.5 BCE,2018.6 BCE
Urartu,35,35,50.0,45,935.1 BCE,591.5 BCE
Urartu Tributary,35,35,50.0,45,802.5 BCE,714.6 BCE
Uruguay,-60,-40,-50.0,-30,1990 CE,present
Usinara,75,25,80.0,35,610.1 BCE,354.5 BCE
Utica,5,35,15.0,40,950.5 BCE,948.5 BCE
Utkala,85,15,90.0,25,610.1 BCE,345.5 BCE
Uzbekistan,54,35,78.0,50,1990 CE,present
Vajjika League,80,25,90.0,30,610.1 BCE,468.5 BCE
Valdivia Culture,-85,-5,-80.0,0,2400.1 BCE,1700.1 BCE
Vanga,85,20,95.0,25,675.1 BCE,311.5 BCE
Vanuatu,165,-25,175.0,-10,1990 CE,present
Vatsa,75,20,85.0,30,875.1 BCE,492.5 BCE
Vemaka,75,30,80.0,35,450.5 BCE,1 BCE
Veneti,6,45,18.0,50,800.1 BCE,1 BCE
Venezuela,-75,0,-55.0,15,1990 CE,present
Vestini,12,40,18.0,45,438.5 BCE,302.5 BCE
Vidarbha,75,15,85.0,25,700.1 BCE,301.5 BCE
Videha,80,25,90.0,30,800.1 BCE,610.1 BCE
Vietnam,100,5,110.0,25,1990 CE,present
Vitihotras,70,20,80.0,25,400.5 BCE,350.5 BCE
Volga Battle Axe Culture,16,50,64.0,65,2050.1 BCE,1250.1 BCE
Volsci,12,40,18.0,45,800.1 BCE,341.2 BCE
Vriji,80,25,90.0,30,700.1 BCE,610.1 BCE
Wahsusana,30,35,35.0,40,1775.5 BCE,1626.5 BCE
Wei,105,30,120.0,40,1750.1 BCE,1 BCE
Wei clan,110,35,115.0,40,500.1 BCE,453.4 BCE
Wen,110,30,115.0,35,1750.1 BCE,1606.5 BCE
West African Peoples,-20,5,15.0,20,2400.1 BCE,1 BCE
Western Guo,110,30,115.0,40,771.7 BCE,655.8 BCE
Western Mediterraneans,-16,35,24.0,60,2400.1 BCE,1 BCE
Western Odrysia,18,40,30.0,45,359.7 BCE,352.1 BCE
Western Rong,100,30,110.0,40,771.1 BCE,361.5 BCE
Wey,110,30,120.0,40,770.1 BCE,1 BCE
White Di,105,35,115.0,40,770.1 BCE,407.5 BCE
Wilusa,24,35,30.0,45,1535.5 BCE,1205.5 BCE
Wu,110,25,125.0,40,1200.1 BCE,470.5 BCE
Wucheng Culture,105,25,125.0,35,1450.1 BCE,958.5 BCE
Wushi Rong,105,35,110.0,40,771.1 BCE,314.5 BCE
Wuzhong,110,35,120.0,45,770.1 BCE,456.5 BCE
Xi,110,30,120.0,35,770.1 BCE,680.5 BCE
Xia Dynasty,105,30,120.0,40,2035.1 BCE,1600.5 BCE
Xian,110,30,115.0,35,770.1 BCE,655.5 BCE
Xian Peoples,105,30,110.0,35,1423.5 BCE,1414.4 BCE
Xiang,115,35,120.0,40,770.1 BCE,721.5 BCE
Xiang(2),115,30,120.0,35,770.1 BCE,643.5 BCE
Xianyu,110,35,120.0,40,770.1 BCE,506.5 BCE
Xiao,115,30,120.0,35,499.5 BCE,496.5 BCE
Xing,110,35,120.0,40,770.1 BCE,635.5 BCE
Xirong,110,30,115.0,35,770.1 BCE,690.5 BCE
Xu,105,25,125.0,35,945.5 BCE,512.5 BCE
Xu(2),110,30,115.0,35,770.1 BCE,371.5 BCE
Xue,115,30,125.0,40,1750.1 BCE,335.5 BCE
Xun,110,35,115.0,40,770.1 BCE,684.1 BCE
Xuqu,115,35,120.0,40,770.1 BCE,620.5 BCE
Yaminites,40,35,45.0,40,1769.5 BCE,1768.5 BCE
Yamkhad,35,30,45.0,40,2004.5 BCE,1543.5 BCE
Yan,110,30,130.0,45,770.1 BCE,1 BCE
Yan(2),110,30,115.0,35,770.1 BCE,764.5 BCE
Yan(3),115,30,125.0,35,770.1 BCE,680.5 BCE
Yang,110,35,115.0,40,770.1 BCE,678.5 BCE
Yang(2),115,35,120.0,40,770.1 BCE,660.5 BCE
Yangyue,110,25,120.0,30,770.1 BCE,500.5 BCE
Yaudheya,70,25,80.0,35,550.5 BCE,322.5 BCE
Yemen,40,10,55.0,20,1990 CE,present
Yi,120,35,125.0,40,770.1 BCE,659.5 BCE
Yi-Luo Rong,110,30,115.0,35,770.1 BCE,588.5 BCE
Yihu,115,30,120.0,35,770.1 BCE,491.5 BCE
Ying,110,30,115.0,35,770.1 BCE,678.5 BCE
Yingshi,115,30,120.0,35,770.1 BCE,646.5 BCE
Yiqu,105,30,110.0,40,771.1 BCE,272.5 BCE
Yong,105,30,115.0,35,770.1 BCE,611.5 BCE
Yu,110,30,115.0,40,770.1 BCE,655.8 BCE
Yu(2),105,30,115.0,35,770.1 BCE,611.5 BCE
Yu(3),115,35,120.0,40,770.1 BCE,524.5 BCE
Yue,115,25,125.0,40,770.1 BCE,306.5 BCE
Yue Peoples,115,25,125.0,35,1200.1 BCE,504.5 BCE
Yueshi Culture,115,30,125.0,40,1900.1 BCE,1500.1 BCE
Yuezhi,72,40,90.0,45,1235.1 BCE,1 BCE
Yugoslavia,18,40,24.0,50,1990 CE,present
Yun,110,30,115.0,35,770.1 BCE,700.5 BCE
Yuqui,115,30,120.0,35,770.1 BCE,692.5 BCE
Zabakhi,42,40,48.0,45,880.1 BCE,591.5 BCE
Zahara,45,25,60.0,35,,2206.5 BCE
Zaire,10,-15,35.0,10,1990 CE,present
Zalmaqum,35,35,45.0,40,1778.5 BCE,1615.5 BCE
Zambia,20,-20,35.0,-5,1990 CE,present
Zamua,40,35,50.0,40,882.5 BCE,880.4 BCE
Zapotecs,-100,15,-95.0,20,1400.1 BCE,1 BCE
Zeng,110,30,115.0,35,771.7 BCE,677.5 BCE
Zeng(2),115,30,120.0,40,770.1 BCE,567.5 BCE
Zhang,115,35,120.0,40,770.1 BCE,664.5 BCE
Zhangzhung,75,25,90.0,40,500.5 BCE,1 BCE
Zhao,102,30,120.0,45,453.4 BCE,1 BCE
Zhao clan,110,35,115.0,40,500.1 BCE,453.4 BCE
Zhen,110,30,115.0,35,770.1 BCE,700.5 BCE
Zheng,110,30,120.0,40,770.1 BCE,375.5 BCE
Zhi clan,110,35,115.0,40,500.1 BCE,453.6 BCE
Zhonghang clan,110,35,120.0,40,500.1 BCE,491.4 BCE
Zhongli,115,30,120.0,35,770.1 BCE,560.5 BCE
Zhongshan,110,35,120.0,40,506.5 BCE,296.5 BCE
Zhongwu,115,30,120.0,35,770.1 BCE,512.5 BCE
Zhou,100,30,125.0,40,1125.5 BCE,1045.5 BCE
Zhou Dynasty,100,25,125.0,45,1045.5 BCE,1 BCE
Zhou(2),110,25,115.0,35,770.1 BCE,700.5 BCE
Zhou(3),115,35,120.0,40,770.1 BCE,706.5 BCE
Zhoulai,115,30,120.0,35,770.1 BCE,600.5 BCE
Zhu,115,30,120.0,40,770.1 BCE,1 BCE
Zhu(2),115,35,120.0,40,770.1 BCE,517.5 BCE
Zhu(3),115,35,120.0,40,770.1 BCE,768.5 BCE
Zhuan,115,30,120.0,35,770.1 BCE,585.5 BCE
Zhuanyu,115,35,120.0,40,770.1 BCE,483.5 BCE
Zimbabwe,25,-25,35.0,-15,1990 CE,present
Zippasla,25,30,35.0,40,1415.5 BCE,1395.5 BCE
Zong,115,30,120.0,35,770.1 BCE,615.5 BCE
Zuo,110,30,115.0,40,770.1 BCE,750.5 BCE
the Netherlands,-75,10,8.0,55,1990 CE,present
