Search Term,Date From,Date To,Center Lat,Center Lon
europe,,,53.0,10.0
mediterranean sea,-1000,,38.0,15.0
black sea,-1000,,44.0,34.5
red sea,-2400,,21.0,38.0
mesopotamia,-2400,-539,33.5,44.0
fertile crescent,-2400,-539,33.5,42.5
sumer,-2400,-2004,31.0,45.5
nile valley,-2400,,22.0,32.5
north africa,,,26.5,9.5
sub-saharan africa,,,-7.5,17.0
horn of africa,,,10.0,45.0
canaan,-2000,-900,31.5,35.0
arabia (ancient),-2000,,21.0,46.0
indus valley,,,29.0,72.0
caucasus,,,41.0,44.0
central asia,,,45.0,67.5
great britain,1990,1990,55.0,-3.0
uk,1990,1990,55.0,-3.0
britain,1990,1990,55.0,-3.0
england,1990,1990,53.0,-2.0
scotland,1990,1990,57.5,-4.5
wales,1990,1990,52.5,-4.0
netherlands,1990,1990,52.0,5.5
serbia,1990,1990,44.0,21.0
north macedonia,1990,1990,41.5,21.5
bosnia,1990,1990,44.0,17.5
palestine,1990,1990,31.5,35.0
uae,1990,1990,24.5,53.5
korea,1990,1990,38.0,128.0
burma,1990,1990,19.5,97.0
ceylon,1990,1990,8.0,81.0
united states,1990,1990,37.0,-96.0
usa,1990,1990,37.0,-96.0
us,1990,1990,37.0,-96.0
america,1990,1990,37.0,-96.0
(marhashi),-2400,-2006,28.0,55.5
abhiras,-610,-318,27.5,72.5
abilianikhi,-880,-592,42.5,45.0
abisara,-338,-326,32.5,75.0
aboriginal peoples,-2400,-1,-12.8,128.4
acarnania,-696,-1,37.5,22.5
achaea,-720,-280,38.5,19.1
achaean league,-280,-1,37.5,22.5
achaeans,-1100,-720,39.3,22.0
adena culture,-800,-1,39.1,-82.7
aegina,-520,-338,37.5,22.5
aeniania,-696,-274,37.5,22.5
aeolian league,-696,-544,37.5,27.5
aeolians,-1224,-696,39.4,26.4
aequi,-800,-302,42.5,15.0
aetolia,-696,371,37.5,22.5
aetolian league,-310,-1,37.5,22.5
afghanistan,1990,,32.5,67.5
agathoclid ally,-308,-290,39.0,14.0
ahhiya,-1430,-1202,37.4,28.6
ainu,-2400,-1,47.4,145.3
aitna,-466,-462,37.5,15.0
akkadian empire,-2279,-2154,33.0,45.8
akkadian tributary,-2298,-2220,28.3,54.3
akraephia,-386,-379,37.5,22.5
akragas,-500,-268,37.5,12.7
alasiya,-1876,-1201,34.9,32.5
alavi,-610,-468,27.5,82.5
albania,1990,,40.0,20.0
albanians,-612,-1,39.6,47.1
aleuts,-2400,-1,60.8,-159.7
alfaterni,-438,-1,42.5,15.0
algeria,1990,,27.5,2.5
allabria,-860,-717,37.5,47.5
allakappa,-610,-468,27.5,82.5
allied armies of the eastern satraps,-318,-317,34.9,56.2
alshe,-1368,-1240,37.5,42.5
alzi,-931,-804,37.5,42.5
amazonian peoples,-2400,-1,-4.4,-60.6
ambashthas,-610,-400,32.5,72.5
ambracia,-366,-295,37.5,22.5
ammonites,-1280,-587,32.5,37.5
amorite ebla,-1900,-1826,34.9,37.5
amorite mari,-2100,-1761,35.8,39.5
amorite tuttul,-1900,-1826,37.5,40.0
amorites,-2400,-1081,33.6,40.8
amurru,-1728,-968,33.9,37.3
anarta,-610,-318,22.5,72.5
andean peoples,-2400,-1,-15.4,-73.1
andhra,-610,-300,17.5,82.5
andorra,1990,,42.5,3.0
anga,-775,-530,25.4,87.5
angola,1990,,-10.0,17.5
anshan,-2400,-653,28.7,52.3
antandros,-478,-410,37.5,27.5
antarctica,1990,,-75.0,32.5
anti macedon alliance,-339,-262,37.5,23.3
anti roman alliance,-341,-338,42.5,15.0
anti spartan alliance,-395,-386,38.5,25.3
antigonid ally,-313,-290,37.6,23.5
antigonid kingdom,-306,-1,38.1,26.7
antigua and barbuda,1990,,17.5,-62.5
antipatrid ally,-310,-306,41.0,27.2
anupa,-610,-348,22.5,77.5
anuradhapura,-326,-1,7.5,78.7
aparytae,-610,-544,32.5,72.5
apollonia,-491,-283,42.5,21.0
arabs,-1000,-1,25.5,45.4
aram damascus,-1146,-606,33.0,37.4
aram-naharim,-1146,-1106,37.5,37.5
aram-zobah,-1146,-750,32.5,37.5
aramaeans,-1280,-1,33.8,40.6
arcadia,-742,-446,37.5,22.5
arcadian league,-370,-1,37.5,22.5
arctic marine mammal hunters,-2400,-1,69.5,150.4
arctic peoples,-2400,-1,66.3,-100.8
ardiaei,-346,-1,42.5,21.0
argaric culture,-2200,-1500,37.5,-2.5
argentina,1990,,-40.0,-65.0
argos,-494,-272,37.5,22.5
armenia,1990,,40.0,45.0
aryan people,-2400,-532,31.8,70.3
arzawa,-1776,-1202,37.7,29.3
asinia,-780,-758,37.5,22.5
assaka,-725,-300,17.5,80.0
assakenoi,-610,-516,34.9,72.5
assyrian kingdoms,-2400,-1920,35.6,43.1
assyrian revolt,-1196,-1056,36.2,42.5
asvaka,-610,-516,34.1,72.5
athamania,-431,-1,37.5,22.5
athenian ally,-384,-379,37.5,27.5
athens,-900,268,38.6,24.4
atropatene,-320,-1,39.3,47.1
atuna,-827,-680,37.5,33.8
audumbaras,-600,-323,32.5,75.8
aurunci,-800,-334,42.5,15.0
australia,1990,,-30.0,121.0
austria,1990,,47.5,12.0
austro-asiatic peoples,-2400,-1,18.6,102.6
austronesians,-2400,-1,4.1,117.9
avanti,-850,-400,24.4,75.5
azerbaijan,1990,,40.0,47.0
azzi-hayasa,-1506,-1200,38.9,39.1
ba,-1075,-316,30.8,108.4
babylonia,-978,-732,32.4,45.3
babylonia (chaldaeans),-780,-616,32.3,45.4
babylonia (isin dynasty),-1158,-978,32.6,45.9
babylonian revolt,-852,-549,32.2,44.9
babylonian tributary,-1764,-1702,34.8,43.1
bactrians,-1700,-546,36.8,65.0
bahamas,1990,,25.0,-77.5
bahrain,1990,,27.5,52.5
baipu,-770,-524,29.1,110.8
balts,-2050,-1,54.2,26.2
bangladesh,1990,,25.0,90.0
bantu peoples,-2000,-1,-1.0,18.7
bao,-771,-500,32.5,107.5
bao clan,-500,-482,37.5,117.5
barbados,1990,,12.5,-57.5
bedouins,-2400,-843,30.6,34.7
belarus,1990,,55.0,28.0
belgium,1990,,50.0,4.0
belize,1990,,17.5,-87.5
bell beaker peoples,-2400,-2050,52.9,12.4
benin,1990,,10.0,2.5
berbers,-2400,-1,33.8,-0.9
bessaei,-470,-342,42.5,24.0
bhagga,-610,-560,27.5,82.5
bhojas,-322,-302,22.5,77.5
bhutan,1990,,27.5,90.0
bit agusi,-900,-606,37.5,37.5
bit-adini,-1076,-857,37.5,37.5
bit-bahiani,-1076,-896,37.5,40.0
bit-halupe,-1076,-894,37.5,40.0
bit-zamani,-1026,-882,37.5,40.0
bithynia,-323,-1,42.5,30.3
bithynians,-696,-552,42.5,29.6
biyang,-770,-564,32.5,117.5
bo,-770,-640,32.5,112.5
boeotia,-730,-288,37.5,22.5
bolivia,1990,,-15.0,-62.5
bosnia and herzegovina,1990,,45.0,18.0
bosporan kingdom,-480,-1,46.7,37.3
botswana,1990,,-22.5,22.5
bottiaeans,-650,-650,42.5,21.0
brahmana,-610,-468,27.5,82.5
brazil,1990,,-12.5,-50.0
brunei,1990,,5.0,115.0
bruttian league,-356,-268,38.4,17.0
bruttians,-450,-400,37.5,17.5
bruttii,-500,-436,37.5,17.5
bu geng,-770,-534,32.5,112.5
bulgaria,1990,,42.5,24.0
burkina faso,1990,,12.5,-2.5
burundi,1990,,-2.5,30.0
byzantium,-356,-1,42.5,27.0
cai,-770,-448,32.5,114.8
california peoples,-2400,-1,37.0,-120.6
callatis,-360,-1,42.5,27.0
cambodia,1990,,12.5,105.0
cameroon,1990,,7.5,12.5
campania,-438,-343,42.5,15.0
campanians,-370,-345,37.5,12.5
canaanites,-1850,-1146,32.5,35.9
canada,1990,,62.5,-97.5
cao,-770,-488,35.1,116.6
cape verde,1990,,15.0,-25.0
carduchii,-386,-384,37.5,42.5
carians,-1202,-544,37.5,27.5
caribbean peoples,-2400,-1,16.4,-72.5
carthage,-602,-1,37.2,11.4
carthaginian ally,-500,-256,35.5,5.5
carthaginian tributary,-405,-376,37.5,12.5
carystus,-386,-294,37.5,22.5
catane,-462,-270,37.5,14.6
caucasians,-2400,-690,39.9,42.1
cedi,-825,-320,25.2,80.3
celtic mercenaries,-277,-273,41.4,23.6
celto-ligurians,-2050,-1,49.1,5.2
celts,-1250,-1,44.4,17.1
central african peoples,-2400,-1,2.7,22.2
central african republic,1990,,7.5,20.0
chad,1990,,15.0,17.5
chadian people,-2250,-1,13.9,12.3
chalcidian league,-422,-353,41.9,24.1
chalcis,-710,-294,37.5,22.5
chaldaea,-800,-790,31.5,46.5
changdi,-770,-608,37.5,117.5
chao,-992,-602,32.5,117.5
chaonia,-431,-350,38.3,20.0
chaonians,-500,-431,42.5,21.0
chavin culture,-900,-1,-11.0,-76.5
chen,-770,-480,32.5,114.6
cheng,-770,-408,37.5,115.8
chera,-326,-1,10.0,77.5
chile,1990,,-37.5,-87.0
china,1990,,35.0,104.0
chinchorro culture,-2400,-1,-18.5,-69.5
chios,-386,-1,37.5,27.5
chola,-326,-1,12.5,80.0
chorrera culture,-1300,-1,-2.5,-80.8
chu,-1075,-1,31.6,116.8
cilicia,-588,-539,37.5,34.4
cimmerian kingdom,-654,-638,38.5,32.7
cimmerians,-1450,-1,44.0,35.5
civil war,-548,-314,37.5,82.5
clan warfare,-547,-532,37.5,117.5
colchis,-1250,-1,42.5,41.6
colombia,1990,,5.0,-75.0
comoros,1990,,-12.5,45.0
cong,-770,-600,32.5,107.5
congo,1990,,-2.5,15.0
corcyra,-666,-300,38.8,20.0
corinthia,-748,-339,38.3,20.3
coronea,-386,-379,37.5,22.5
cossaeans,-330,-324,32.5,47.5
costa rica,1990,,10.0,-85.0
cretan city states,-500,-1,36.6,25.2
croatia,1990,,45.0,18.0
croton,-550,-430,37.5,17.5
cuba,1990,,20.0,-77.5
cushitic people,-1000,-1,6.0,43.9
cypriot kingdoms,-1180,-1050,34.9,32.5
cyprus,1990,,35.0,32.5
cyzicus,-323,-280,42.5,27.0
czech republic,1990,,50.0,16.0
côte d'ivoire,1990,,7.5,-5.0
d'mt,-980,-1,17.3,40.9
dai,-770,-458,41.0,113.5
dai(2),-770,-714,32.5,115.0
dali,-550,-272,37.5,107.5
dan,-770,-670,29.9,107.5
dao,-770,-638,32.5,112.5
daoi,-330,-1,41.6,54.0
dapeng,-1350,-1208,32.5,117.5
daradas,-610,-1,37.5,72.5
dardani,-800,-1,42.5,21.0
dasarnas,-610,-350,22.5,77.5
dassaretis,-500,-400,42.5,21.0
daunians,-800,-324,42.5,15.0
dayenu,-735,-734,37.5,42.5
delian league,-478,-405,38.4,24.5
delphi,-449,-448,37.5,22.5
deng,-772,-678,32.5,112.5
denmark,1990,,67.5,-37.0
desert cultures,-2400,-1,32.4,-108.6
di,-771,-408,37.2,113.1
di(2),-771,-362,32.5,105.0
diauekhi,-931,-592,41.0,42.1
dilmun,-2400,-1550,27.2,50.7
djibouti,1990,,12.5,42.5
dolopia,-696,-276,37.5,22.5
domain of amphimakhos,-320,-317,35.5,41.3
domain of antigenes,-320,-317,30.8,49.1
domain of antigonus,-319,-306,36.5,34.7
domain of asandros,-320,-315,37.5,27.6
domain of cassander,-320,-306,38.5,23.1
domain of eudemus,-320,-316,31.4,73.2
domain of eumenes,-317,-316,33.8,52.8
domain of lysimakhos,-314,-306,42.9,26.5
domain of mithridates,-301,-281,41.6,33.8
domain of oxyartes,-320,-308,34.1,70.8
domain of peithon,-320,-317,35.2,53.9
domain of peithon (son of agenor),-320,-316,23.9,67.7
domain of peukestas,-320,-316,28.6,53.0
domain of philip,-320,-318,34.9,57.5
domain of philoxenos,-320,-319,37.5,34.5
domain of polyperchon,-317,-315,37.5,22.9
domain of ptolemy,-320,-306,32.7,31.6
domain of seleucus,-320,-306,31.4,55.2
domain of sibyrtios,-320,-306,29.6,65.3
domain of stasandros,-320,-316,33.1,61.8
domain of stasanor,-320,-306,36.8,64.6
domain of tlepolemos,-320,-316,30.8,58.4
dominica,1990,,17.5,-62.5
dominican republic,1990,,17.5,-70.0
donghu,-770,-1,44.9,120.0
dongyi peoples,-1500,-770,37.5,121.5
dorians,-1224,-1,37.4,25.2
doris,-696,-268,37.5,22.5
dravidians,-2400,-1,20.4,80.1
du,-771,-688,32.5,107.5
duan,-744,-722,33.3,112.5
duchy of jin,-678,-350,36.0,113.0
dun,-770,-496,32.5,115.0
dvaraka,-610,-318,22.5,69.5
e,-862,-700,30.8,114.6
east african peoples,-2400,-1,6.1,44.0
eastern guo,-772,-768,32.5,112.5
eastern woodland peoples,-2400,-1,41.2,-80.5
ecuador,1990,,0.0,-85.0
edomites,-1280,-526,30.4,35.4
egypt,1990,,27.5,30.0
egypt: (herakleopolis),-756,-726,27.5,32.5
egypt: (hermopolis),-756,-726,27.5,32.5
egypt: areas of unrest,-1992,-410,30.8,32.5
egypt: heracleopolitans,-2400,-2160,30.8,32.5
egypt: hyksos,-1720,-1566,30.9,32.4
egypt: middle kingdom,-2003,-1662,29.8,31.9
egypt: new kingdom,-1568,-1086,30.7,34.2
egypt: old kdm,-2400,-2400,30.8,32.5
egypt: rebellion of pedubast,-830,-828,26.6,32.5
egypt: revolt of amasis,-572,-571,32.5,27.5
egypt: tanites,-1086,-945,32.3,32.5
egypt: thebans,-2151,-1568,28.9,32.4
egypt: thirtieth dynasty,-380,-342,31.2,32.4
egypt: twenty eighth dynasty,-402,-399,30.7,32.3
egypt: twenty fourth dynasty,-716,-714,32.2,32.4
egypt: twenty ninth dynasty,-399,-380,30.7,32.3
egypt: twenty second dynasty,-946,-720,30.5,32.6
egypt: twenty sixth dynasty,-652,-526,31.1,32.8
egypt: twenty sixth dynasty tributary,-610,-606,32.5,35.6
egypt: twenty third dynasty,-880,-756,26.9,32.5
el paraiso culture,-2000,-900,-10.6,-76.3
el salvador,1990,,12.5,-90.0
elam,-2400,-520,31.4,48.7
elamite tributary,-1770,-694,34.2,44.6
elimiotis,-540,-358,42.5,21.0
elis,-726,-1,37.5,22.5
ellipi,-970,-703,32.5,47.5
elymians,-1150,-500,37.5,12.5
enchele,-650,-500,42.5,21.0
enzite,-931,-802,37.5,40.0
eordaia,-540,-476,42.5,21.0
epicnemidian locris,-696,-264,38.6,22.2
epidauria,-780,-670,37.5,22.5
epirote ally,-278,-277,39.6,16.6
equatorial guinea,1990,,0.0,10.0
er,-770,-700,32.5,112.5
eretria,-710,-294,37.5,22.7
eriakhi,-880,-704,42.5,45.0
erikuakhi,-880,-706,40.1,43.8
eritrea,1990,,15.0,40.0
erligang culture,-1600,-1400,37.1,109.6
erlitou culture,-1900,-1600,37.2,110.1
estonia,1990,,57.5,24.0
ethiopia,1990,,7.5,40.0
etiukhi,-931,-710,40.1,43.8
etiuni,-880,-704,42.5,45.0
etruria,-760,-266,42.5,13.2
etruscans,-1725,-516,42.7,11.0
euboea,-447,-446,37.5,22.5
fan,-770,-504,32.5,117.5
fan clan,-500,-491,37.5,112.5
fan(2),-770,-660,37.5,112.5
fang,-770,-638,32.5,112.5
fei,-770,-530,37.5,115.0
feng,-771,-550,32.5,107.5
fiji,1990,,-17.5,180.0
finland,1990,,65.0,25.0
finns,-2400,-1,58.1,43.9
france,1990,,0.0,15.0
gabon,1990,,0.0,10.0
gambia,1990,,12.5,-15.0
gandhara,-975,-518,33.1,73.1
gao,-770,-722,32.5,117.5
gao clan,-500,-490,37.5,117.5
gaoluo,-770,-660,37.5,112.5
garamantes,-500,-1,27.5,20.0
ge,-1750,-594,32.5,117.5
gedrosia,-330,-325,29.4,61.5
gela,-506,-311,37.5,15.1
geng,-770,-662,37.5,112.5
genmou,-770,-600,37.5,117.5
georgia,1990,,42.5,42.0
germany,1990,,52.5,9.0
geshur,-1152,-988,32.5,37.5
getae,-470,-1,44.0,27.0
ghana,1990,,7.5,0.0
gilead,-1152,-740,32.5,37.5
gilzanu,-864,-714,37.5,42.5
gojoseon,-770,-280,39.3,122.7
gong,-770,-280,32.2,109.9
gong(2),-770,-670,27.5,107.5
great chiefs of the meshwesh,-746,-726,32.5,32.5
greco-bactrian kingdom,-256,-1,37.5,65.4
greece,1990,,37.5,22.5
greek alliance,-481,-478,37.6,25.5
greek mercenaries,-333,-332,36.0,31.8
greeks,-631,-630,38.9,33.5
grenada,1990,,12.5,-62.5
gu,-1750,-700,34.9,114.9
gu(2),-770,-520,37.5,117.5
guang,-770,-650,32.5,115.0
guatemala,1990,,15.0,-90.0
gui,-771,-688,32.5,107.5
guifang,-1400,-1,40.4,103.6
guinea,1990,,10.0,-12.5
guinea bissau,1990,,12.5,-15.0
guo,-770,-670,37.5,117.5
guo clan,-500,-490,37.5,117.5
gurgum,-1190,-605,37.5,37.5
guti,-2400,-2120,34.5,46.2
guti tributary,-2193,-2120,32.5,46.1
guyana,1990,,5.0,-60.0
guzanu,-810,-758,37.5,40.0
guzhu,-770,-662,40.1,117.2
haihayas,-610,-550,22.5,75.0
haiti,1990,,20.0,-72.5
haliartos,-386,-379,37.5,22.5
hamaranu,-812,-746,32.5,44.2
han,-770,-616,32.5,117.5
han(2),-770,-758,37.5,112.5
hann,-453,-1,33.8,112.9
hann clan,-500,-453,34.9,112.5
hapalla,-1396,-1386,37.5,32.5
harhar,-970,-737,32.5,46.2
harshi,-1986,-1600,34.9,45.0
hattians,-2400,-1862,38.2,34.7
hellenic league,-323,-322,37.8,23.1
helmand and jiroft cultures,-2400,-1750,30.3,62.4
helot revolt,-466,-457,37.5,22.5
heraklea pontica,-274,-1,42.5,33.0
hermionis,-780,-670,37.5,22.5
hernici,-600,-359,42.5,15.0
hilakku,-836,-636,37.5,32.5
himera,-472,-409,37.5,13.5
hindanu,-1120,-612,34.2,40.8
hittites,-2400,-1180,38.6,33.1
honduras,1990,,15.0,-85.0
hu,-770,-496,32.5,117.5
hu(2),-770,-764,32.5,112.5
hu(3),-770,-764,32.5,112.5
hua,-770,-627,32.5,112.5
huaiyi,-770,-512,34.1,119.2
huaiyi peoples,-1500,-584,32.5,119.4
huang,-770,-648,32.5,114.2
hubushkia,-864,-698,37.5,42.5
hungary,1990,,47.5,18.0
huo,-770,-662,37.5,112.5
hupis(h)na,-827,-738,37.5,32.5
hurrian kingdom,-1616,-1346,37.5,40.4
hurrian kingdoms,-2400,-1826,37.5,41.7
hurrians,-2400,-864,37.4,41.4
iapygii,-500,-318,42.5,15.0
iberians,-1725,-1,41.2,1.6
iceland,1990,,65.0,-23.0
idamaraz,-1742,-1616,35.4,42.5
ikshvakus,-364,-362,27.5,82.5
illyrian kingdom,-279,-1,42.0,21.1
illyrian tributary,-372,-370,42.5,21.0
illyrians,-2400,-1,42.7,18.6
illyrioi,-500,-1,42.5,15.0
imbros,-282,-1,42.5,27.0
india,1990,,22.5,82.5
indo-aryans,-1500,-300,25.8,75.8
indonesia,1990,,-2.5,120.0
indus valley civilization,-2400,-1750,23.4,69.0
indus valley peoples,-2400,-775,25.2,69.7
ionian league,-690,-478,38.3,27.5
ionians,-1202,-1,39.6,24.9
iran,1990,,32.5,52.5
iranians,-2400,-532,39.7,62.6
iraq,1990,,32.5,42.5
ireland,1990,,55.0,-8.0
ishtu(a)nda,-827,-738,37.5,37.5
israel,1990,,30.0,35.0
israel/samaria,-932,-720,32.5,36.9
israelites,-1230,-1036,32.4,36.7
istros,-360,-314,44.1,27.0
isuwa,-1506,-1434,37.5,40.0
itabalhum,-1850,-1600,37.5,45.0
italics,-2050,-450,42.1,14.5
italiote league,-430,-274,40.2,16.4
italy,1990,,42.5,14.5
jamaica,1990,,17.5,-77.5
japan,1990,,35.0,137.5
ji,-770,-658,37.5,112.5
ji(2),-770,-690,37.5,117.5
ji(3),-770,-722,34.9,117.5
ji(4),-770,-750,32.5,112.5
ji(5),-770,-770,40.1,117.2
ji(6),-771,-688,32.5,107.5
jia,-770,-678,37.5,112.5
jiang,-770,-624,32.5,112.5
jiang qi,-481,-386,37.5,117.5
jiang(2),-770,-618,32.5,117.5
jiao,-770,-700,32.5,112.5
jie,-770,-600,37.5,117.5
jin,-770,-678,36.0,112.5
jomon culture,-2400,-1,35.9,137.3
jordan,1990,,30.0,35.0
ju,-770,-432,36.8,117.8
ju(2),-771,-550,32.5,107.5
judah,-932,-582,32.2,35.6
judah tributary,-794,-736,30.4,35.5
jun,-770,-612,32.5,110.8
kaccha,-610,-318,22.5,70.0
kadmuhu,-1136,-1112,37.5,40.0
kalama,-610,-518,27.5,82.5
kalasma,-1324,-1322,37.5,37.5
kalaurian amphictiony,-670,-494,37.5,22.5
kalinga,-700,262,19.5,83.8
kamarina,-466,-405,37.5,12.5
kamboja,-700,-536,34.6,70.3
kappadokia,-330,-1,38.9,35.9
karakhar,-2072,-1168,32.5,47.5
karalla,-718,-706,37.5,47.5
karmania,-330,-325,30.4,56.5
karusha,-610,-302,22.5,82.5
kasheyas,-364,-364,24.9,82.5
kasi,-850,-600,25.8,82.5
kaskas,-1600,-712,41.4,35.5
kasmira,-500,-256,34.9,75.0
kassites,-2400,-1313,33.5,46.1
kazakhstan,1990,,50.0,65.0
kekaya,-950,-516,32.5,72.5
kenya,1990,,2.5,37.5
khoisan peoples,-2400,-1,-16.8,27.1
khorasmia,-330,-1,40.6,59.4
kimash,-1752,-1600,32.5,47.5
kingdom of adab,-2354,-2253,31.9,47.0
kingdom of adanaya,-1850,-1518,37.5,35.0
kingdom of akshak,-2372,-2284,33.3,43.0
kingdom of alakhtum,-2400,-2200,37.5,37.5
kingdom of andarig,-1826,-1726,37.5,42.5
kingdom of argos,-780,-494,37.5,22.5
kingdom of armenia,-323,-1,38.9,41.1
kingdom of arrapha,-1726,-760,37.5,44.5
kingdom of assyria,-1920,-906,36.4,42.4
kingdom of awan,-2400,-1170,31.1,50.6
kingdom of babylon,-1898,-482,32.8,44.8
kingdom of carchemish,-1190,-606,37.5,37.5
kingdom of cyrene,-632,-1,33.1,20.7
kingdom of der,-2075,-1228,32.5,46.1
kingdom of ebla,-2400,-2000,35.6,38.6
kingdom of epirus,-330,-1,39.4,19.5
kingdom of eshnunna,-2026,-1730,34.0,43.8
kingdom of hamath,-1180,-606,35.3,37.5
kingdom of illyria,-400,-1,41.6,20.9
kingdom of irqata,-2400,-2198,34.9,37.5
kingdom of isin,-2018,-1795,32.7,46.7
kingdom of israel,-1036,-932,32.2,36.2
kingdom of judah,-1004,-1004,32.5,36.5
kingdom of kanesh,-1850,-1648,38.2,36.3
kingdom of kazallu,-2020,-1790,32.5,44.5
kingdom of kish,-2380,-1839,33.0,43.9
kingdom of kisurra,-2138,-2112,32.5,47.5
kingdom of kummuh,-1190,-607,37.5,37.5
kingdom of kush,-1776,-1,29.0,32.3
kingdom of kussara,-1800,-1676,38.3,36.1
kingdom of lagash,-2340,-1920,32.5,48.2
kingdom of larsa,-2270,-1736,32.5,46.4
kingdom of lysimakhos,-306,-281,40.0,26.3
kingdom of macedon,-650,-301,36.1,34.5
kingdom of macedonia,-277,-1,39.5,22.8
kingdom of malgium,-1936,-1846,32.5,45.0
kingdom of mari,-2400,-2190,34.3,41.7
kingdom of melid,-1190,-626,37.5,37.5
kingdom of mitanni,-1586,-1290,37.2,38.5
kingdom of purushanda,-1776,-1627,37.5,35.0
kingdom of qadesh,-1362,-1336,34.9,37.5
kingdom of qatna,-1930,-1444,34.9,37.5
kingdom of rome,-725,-510,42.5,15.0
kingdom of sam'al,-920,-605,37.5,37.5
kingdom of sindica,-480,-380,46.2,39.0
kingdom of sparta,-778,-1,37.1,22.9
kingdom of syracuse,-304,-263,38.0,15.9
kingdom of terqa,-1742,-1512,34.9,40.0
kingdom of the grabaei,-429,-296,42.5,21.0
kingdom of tuttul,-2400,-2196,37.5,40.0
kingdom of tylis,-277,-1,42.5,27.0
kingdom of ugarit,-2400,-1336,37.5,37.5
kingdom of ur,-2280,-2006,34.0,46.2
kingdom of uruk,-2400,-1810,33.1,44.5
kingdom of zalpa,-1950,-1676,41.0,35.9
kios,-274,-1,42.5,27.0
kirati,-610,-1,27.5,85.0
kiribati,1990,,-5.0,2.5
kirruru,-735,-708,37.5,45.0
kizzuwatna,-1515,-1420,37.5,35.0
koliya,-610,-480,27.5,82.5
konkana,-610,-1,17.5,72.5
kopai,-386,-379,37.5,22.5
koreans,-2400,-1,37.1,127.5
kosala,-950,-466,27.1,82.5
kotosh culture,-2300,-1199,-9.5,-77.5
ksudrakas,-610,-326,32.5,72.5
kuai,-770,-770,32.5,112.5
kui,-770,-634,32.5,112.5
kuninda,-450,-322,32.5,77.5
kuntala,-600,-300,17.5,77.5
kunti,-610,-536,27.5,77.5
kunwu,-1750,-1604,37.5,112.5
kuru,-1150,-500,29.9,76.1
kush tributary,-726,-668,32.1,32.4
kuwait,1990,,30.0,47.5
kyme,-500,-422,42.5,15.0
kyrgyzstan,1990,,40.0,74.5
lagash,-2400,-2352,32.5,46.7
lai,-1040,-568,37.5,119.5
lai(2),-770,-640,32.5,112.5
laiyi,-770,-500,37.5,120.0
land of bel-harran-beli-user,-754,-745,37.5,40.0
land of shamash-resha-user,-754,-745,34.4,40.5
land of tartanu shamshi-ilu,-754,-745,37.5,37.5
laos,1990,,17.5,105.0
laqe,-1080,-608,35.4,40.5
larak,-2395,-2284,32.5,44.5
larissa,-406,-345,37.5,22.5
latin league,-730,-534,42.5,15.0
latins,-800,-730,42.5,15.0
latvia,1990,,57.5,24.0
lauhitya,-610,-1,27.5,92.5
league of argos,-422,-418,39.4,23.8
lebadeia,-386,-379,37.5,22.5
lebanon,1990,,32.5,37.5
leichtenstein,1990,,47.5,9.0
leontini,-466,-270,37.5,15.0
lesbos,-386,-1,37.5,27.5
lesotho,1990,,-30.0,27.5
li,-770,-538,32.5,117.5
li rong,-770,-672,37.5,112.5
li(2),-770,-664,37.5,112.5
li(3),-698,-680,32.5,112.5
liang,-772,-642,35.8,110.0
liao,-770,-622,32.5,117.5
liao(2),-770,-700,32.5,112.5
liberia,1990,,5.0,-10.0
liburnians,-1000,-1,42.5,15.1
libya,1990,,25.0,17.5
libyans,-2400,-1,31.6,23.8
libyphoenices,-500,-1,32.5,17.5
ligurians,-800,-1,44.1,8.3
lingzhi,-770,-662,40.1,117.2
linhu,-770,-1,40.1,109.0
lithuania,1990,,55.0,24.0
little guo,-771,-688,32.5,107.5
liu,-770,-622,32.5,117.5
locri,-346,-274,37.5,17.5
longshan culture,-2400,-1900,36.7,112.5
loufan,-771,-308,38.3,112.3
lower macedon,-454,-432,42.5,21.0
lu,-808,-562,35.7,117.5
lu(2),-770,-688,32.5,112.5
lu(3),-770,-690,32.5,112.5
lucani,-500,-436,42.5,15.0
lucanians,-450,-268,39.3,16.6
luhun rong,-771,-526,32.5,111.2
lukka,-1536,-1236,37.5,28.6
lullubi,-2400,-2050,37.5,46.7
lullubum,-2054,-2051,37.5,45.0
luo,-770,-690,32.5,112.5
luwians,-2023,-1000,38.6,30.1
luxembourg,1990,,50.0,6.0
lycians,-1000,-362,37.5,29.4
lydia,-850,-547,38.7,29.2
lydians,-1000,-850,37.5,27.5
lynkestis,-540,-392,42.5,21.0
macedon,-281,-277,39.9,23.0
macedonia,1990,,42.5,21.0
macedonian ally,-338,-322,37.9,26.3
madagascar,1990,,-20.0,47.5
madra,-950,-326,32.5,75.0
maeotians,-380,-326,44.9,39.0
magadha,-775,-355,26.2,82.5
magan,-2400,-1550,26.9,57.2
magnesia,-650,-580,37.5,22.5
malavas,-610,-326,32.5,72.5
malawi,1990,,-12.5,35.0
malaysia,1990,,5.0,107.5
maldives,1990,,2.5,72.5
mali,1990,,20.0,-5.0
malis,-696,-371,37.5,22.5
malla,-750,-364,27.5,84.2
malta,1990,,37.5,12.5
mama,-1850,-1644,37.5,37.5
mamertine mercenaries,-289,-288,37.5,17.5
mamertines,-288,-263,37.5,16.1
manchurian peoples,-2400,-1,47.1,127.5
mannaea,-843,-608,37.5,46.5
manshi,-770,-492,32.5,112.5
mantineia,-423,-268,37.5,22.5
mao,-771,-688,32.5,107.5
mao(2),-770,-560,34.9,117.5
margiana,-522,-328,34.9,65.0
marrucini,-438,-304,42.5,15.0
marshall islands,1990,,7.5,167.5
marsi,-492,-304,42.5,15.0
masa,-1536,-1228,39.0,31.0
masaesyli,-310,-1,34.9,2.5
massagetai,-330,-1,42.5,62.9
massylii,-310,-1,35.8,7.5
matsya,-925,-318,27.5,75.5
mauritania,1990,,20.0,-10.0
mauritius,1990,,-17.5,60.0
maurya,-324,-322,31.1,75.2
maurya empire,-322,-1,23.7,81.4
maya,-1000,-1,17.5,-89.7
medes,-800,-674,35.2,50.1
media,-713,-522,37.1,45.7
median vassal,-586,-550,29.5,53.0
megalopolis,-300,-272,37.5,22.5
megaris,-744,-268,39.5,23.6
mercenaries of bithynia,-279,-278,42.5,29.0
mercenaries under agathocles,-326,-316,37.5,15.3
mercenaries under amyntas,-333,-333,31.6,33.3
mercenaries under cleonymus,-304,-302,40.9,17.4
mercenaries under harpalus,-324,-324,37.5,26.5
mercenaries under leosthenes,-324,-323,37.5,22.5
mercenaries under phalaecus,-344,-344,37.5,25.5
mercenaries under thibron,-324,-324,34.9,22.5
mercenaries under xanthippus,-256,-256,37.5,17.5
mesoamerican peoples,-2400,-1,14.8,-88.0
messapians,-800,-268,42.0,16.7
messapii,-500,280,41.0,17.9
messenia,-770,-1,37.5,21.4
mexico,1990,,22.5,-102.5
mianzhu,-771,-362,32.5,107.5
micronesia,1990,,10.0,150.0
middle assyrian empire,-1346,-1076,35.2,42.0
minoans,-2000,-1488,36.0,25.2
mithila,-364,-364,27.5,85.0
mixtecs,-1500,-1,17.5,-97.5
moabites,-1280,-587,32.5,37.5
moldova,1990,,47.5,30.0
molossis,-431,-350,40.4,21.6
mongolia,1990,,47.5,102.0
moriya,-610,-468,27.5,82.5
morocco,1990,,30.0,-10.0
mou,-770,-650,37.5,117.5
mozambique,1990,,-20.0,37.5
mulaka,-610,-302,17.5,75.0
musasir,-735,-724,37.5,45.0
musicanus,-338,-325,27.5,67.5
musri,-900,-826,37.5,37.5
mutibas,-610,-600,17.5,80.0
mutinous troops,-342,-342,42.5,15.0
myanmar,1990,,17.5,97.5
mycenaean kingdoms,-1220,-1210,37.5,23.8
mycenaeans,-1506,-1100,37.3,24.9
mysians,-1000,-542,38.9,27.4
nabataean kingdom,-331,-1,29.9,35.3
nabataeans,-843,-526,28.3,37.5
nairi,-860,-860,37.5,42.5
namibia,1990,,-22.5,20.0
namri,-852,-738,34.4,47.0
nanda empire,-356,-322,24.9,81.0
nanyan,-770,-640,37.5,112.5
nauru,1990,,-2.5,167.5
naxos,-466,-404,37.5,17.5
neo assyrian empire,-911,-608,34.0,39.6
neo assyrian revolt,-828,-520,34.1,44.2
neo assyrian tributary,-896,-612,33.2,38.4
neo babylonian empire,-616,-550,33.5,38.5
neo babylonian empire tributary,-606,-554,32.1,36.2
neo-assyrian empire,-906,-608,35.9,42.5
neo-babylonian empire,-616,-539,33.3,39.9
nepal,1990,,30.0,85.0
new hittite kingdom,-1368,-1336,38.2,34.2
new zealand,1990,,-30.0,8.0
ni,-770,-335,34.9,117.5
nicaragua,1990,,15.0,-85.0
niger,1990,,17.5,10.0
nigeria,1990,,7.5,7.5
nilotic peoples,-1000,-1,9.3,30.7
nok people,-1500,-1,10.7,6.6
norte chico civilization,-2400,-1800,-8.7,-77.5
north arabian semites,-500,-1,29.9,42.5
north korea,1990,,40.0,126.0
northern league,-282,-274,42.5,27.9
northern zone peoples,-1400,-1000,36.8,109.4
northwest coast peoples,-2400,-1,55.3,-131.7
norway,1990,,15.0,15.0
nu,-770,-600,29.9,107.5
nubia,-1086,-776,22.5,32.5
nubians,-2400,-1,19.6,33.6
nuhashshi,-1351,-1336,37.5,37.5
numidians,-1000,-1,34.7,2.9
odra,-610,-344,22.5,85.0
odrysia,-360,-1,42.5,26.4
odrysian kingdom,-476,-342,42.0,25.8
oetaea,-696,-274,37.5,22.5
old hittite kingdom,-1760,-1438,38.1,35.8
olmecs,-1250,-1,17.5,-95.0
oman,1990,,22.5,55.0
opuntian locris,-696,-272,37.5,22.5
oreitai,-330,-325,26.9,67.5
orestis,-540,-476,42.5,21.0
oxycanus,-338,-325,27.5,70.0
ozolian locris,-696,-379,37.5,18.8
paeligni,-438,-304,42.5,15.0
paeonia,-352,-260,42.5,21.0
paeonians,-850,-340,42.5,21.0
paiones,-500,-356,42.5,21.0
pakistan,1990,,30.0,70.0
pala,-1536,-1382,42.5,33.0
palau,1990,,5.0,132.5
paleosiberians,-2400,-1,63.6,112.9
pampas cultures,-2400,-1,-37.9,-64.6
pamphylians,-1000,-558,37.5,32.5
panama,1990,,7.5,-80.0
panchala,-826,-610,27.9,79.2
pandya,-326,-1,10.0,77.5
paphlagonia,-323,-1,40.6,32.8
papua new guinea,1990,,-7.5,150.0
papuans,-1600,-1,-4.9,140.6
paraguay,1990,,-22.5,-57.5
parauaea,-431,-350,42.5,21.0
pardabathra,-338,-325,22.9,67.5
parsua,-860,-744,34.9,45.0
parthia,-522,-521,35.8,57.0
pashime,-2400,-1346,28.2,52.1
patagonian peoples,-2400,-1,-49.5,-72.0
patin (unqi),-1190,-605,37.5,37.5
paurava,-338,-326,32.5,72.5
pelagonia,-540,-476,42.5,21.0
pelasgians,-2400,-1506,37.5,23.2
peloponnesian league,-426,-366,38.3,24.3
peng,-770,-650,32.5,115.0
pengzhi,-771,-698,32.5,110.0
pergamon,-262,-1,37.5,27.5
persia,-653,-550,29.2,53.0
persian empire,-550,-1,35.2,36.7
persian revolt,-522,-521,29.4,54.0
persian vassal,-492,-410,37.7,23.0
peru,1990,,-10.0,-75.0
peucetians,-800,-268,42.5,15.0
pharsalos,-406,-375,37.5,22.5
pherae,-406,-345,37.7,22.4
philippines,1990,,12.5,122.5
philistia,-1020,-604,32.5,34.7
philistines,-1180,-1020,32.5,36.6
phlius,-656,-338,37.5,22.5
phocis,-696,-1,37.5,21.6
phoenicians,-1146,-602,34.5,21.3
phrygian kingdom,-1120,-654,39.8,31.4
phrygians,-1224,-586,40.3,31.2
pi,-770,-416,32.5,117.5
piceni,-500,-438,42.5,15.0
picentes,-800,-438,42.5,15.0
picenum,-438,-269,42.5,15.0
ping zhou,-771,-550,32.5,107.5
pirate mercenaries,-276,-274,38.9,30.6
pirates,-345,-344,37.5,25.0
pisatis,-684,-572,37.5,22.5
pisidians,-558,-1,37.5,32.5
pitassa,-1546,-1432,37.5,32.5
plains peoples,-2400,-1,44.1,-102.3
plateau peoples,-2400,-1,47.3,-117.0
plebian secession,-494,-287,42.5,15.0
poland,1990,,50.0,20.0
pontians,-612,-514,42.5,39.0
pontus,-281,-1,41.6,35.0
portugal,1990,,37.5,-20.0
poverty point culture,-2200,-1,32.5,-90.4
praeneste,-360,-341,42.5,15.0
proto-burmese,-2400,-1,29.0,96.6
proto-canaanites,-2400,-1850,32.5,35.8
proto-ethiopians,-2400,-1,10.4,38.2
proto-greeks,-2400,-1224,39.4,21.9
proto-mongol peoples,-2400,-1,50.3,107.9
proto-tibetans,-2400,-1,32.4,85.1
proto-turkic peoples,-2400,-1,40.9,97.5
ptolemaic ally,-315,-313,37.5,27.2
ptolemaic kingdom,-290,-1,34.5,29.7
pu,-770,-678,37.5,112.5
pugu,-1036,-1026,37.5,117.5
pulinda,-610,-320,22.5,80.0
pundra,-610,-312,24.9,87.5
punt,-2400,-1100,16.2,41.8
qatar,1990,,25.0,52.5
qedarite confederation,-870,-550,31.1,41.2
qedarites,-925,-1,32.1,38.8
qi,-770,-1,36.7,117.0
qi(2),-770,-446,37.5,117.5
qi(3),-770,-706,37.5,117.5
qiang,-771,-1,37.5,100.0
qin,-772,-1,33.9,110.2
qiuyou,-770,-458,37.5,112.5
qu,-770,-678,37.5,112.5
quaman,-770,-612,32.5,110.8
quan,-770,-704,32.5,112.5
quanrong,-2400,-1,35.2,105.5
que,-1180,-588,37.5,35.2
quwo,-746,-678,37.1,112.5
rang,-770,-670,29.9,107.5
rathikas,-322,-300,20.0,72.5
rebel aranzik,-1696,-1690,37.5,37.5
rebel irridu,-1718,-1710,37.5,40.0
rebel israelites,-1098,-1096,32.5,37.5
red di,-770,-594,37.5,112.5
ren,-770,-336,37.5,117.5
revolt,-553,-258,37.2,33.7
revolt of antigonus,-322,-321,37.5,30.0
revolt of antipater,-322,-321,41.3,22.8
revolt of ariobarzanes,-367,-362,40.7,27.5
revolt of artabazus,-356,-353,40.5,27.5
revolt of autophradates,-364,-360,37.5,27.9
revolt of cyrus the younger,-402,-401,37.2,35.5
revolt of datames,-372,-360,39.5,34.7
revolt of eumenes,-320,-320,37.0,35.1
revolt of hermias,-346,-342,37.5,27.5
revolt of hua clan,-522,-520,32.5,117.5
revolt of inaros,-462,-450,31.5,31.5
revolt of khababash,-336,-336,32.5,32.5
revolt of luan,-552,-550,37.5,112.5
revolt of lysimachus,-322,-321,42.5,26.0
revolt of mausolus,-364,-360,37.5,27.5
revolt of orontes,-364,-360,40.1,42.0
revolt of pissuthnes,-420,-416,37.5,28.1
revolt of ptolemy,-322,-321,30.9,32.1
revolt of wangzi tui,-676,-674,34.6,112.5
revolt of wangzi zhao,-520,-516,33.7,112.5
rhegion,-622,-1,38.3,17.1
rhodos,-320,-1,37.5,27.5
roman ally,-308,-1,41.3,14.3
roman latin colony,-496,-1,42.5,14.8
roman republic,-509,-1,41.9,14.8
romania,1990,,45.0,24.0
rong,-770,-594,34.4,115.5
rui,-772,-642,33.7,110.0
ruo,-770,-622,32.5,112.5
ruo'ao revolt,-606,-604,32.5,112.5
russia,1990,,62.5,97.5
rwanda,1990,,-2.5,30.0
saba,-1100,-1,14.5,44.5
sabines,-800,-438,42.5,15.0
sabini,-438,-290,42.5,15.0
saharan peoples,-2400,-1,22.9,8.1
sakas,-750,-1,47.3,72.5
sakya,-750,-480,27.5,82.5
salamis,-411,-380,34.8,32.9
salva,-610,-600,27.5,77.5
salwa,-610,-322,27.5,72.5
sambus,-330,-325,23.2,67.7
samian thalassocracy,-542,-522,37.5,27.1
samnite ally,-326,-304,42.5,15.8
samnite confederation,-438,-268,42.5,15.0
samnites,-800,-438,42.5,15.0
samnium,-500,-438,42.5,15.0
samoa,1990,,-12.5,-172.5
samos,-386,-338,37.5,27.5
san marino,1990,,42.5,15.0
sanxingdui culture,-1700,-1000,31.3,103.6
sardinians,-1250,-510,40.1,8.3
sattagydia,-610,-516,32.5,70.0
sattyaputas,-326,-1,12.5,75.0
saudi arabia,1990,,25.0,45.0
saurashtra,-610,-318,22.5,70.0
sauromatians,-550,-1,46.3,46.7
sauvira,-610,-516,27.5,67.5
savanna peoples,-2400,-1,-20.0,-51.4
savaras,-610,-430,17.5,82.5
scythia,-678,-1,41.9,39.4
scythians,-1201,-1,46.6,58.0
sea peoples,-1233,-1180,35.4,31.4
sealand,-1734,-1438,32.5,45.6
second athenian league,-376,-338,39.1,24.4
seleucid ally,-282,-1,38.5,27.8
seleucid kingdom,-306,-1,35.7,41.9
semitic nomads,-2400,-1000,24.2,47.1
senegal,1990,,15.0,-15.0
seychelles,1990,,-7.5,52.5
shang,-1750,-1104,34.6,114.3
shang dynasty,-1600,-1044,35.8,113.4
shanrong,-771,-282,40.1,117.2
shao,-771,-688,32.5,107.5
shen,-772,-688,33.2,109.7
shen(2),-770,-507,32.5,115.0
shi,-770,-560,34.9,117.5
shimashki,-2400,-1970,29.9,53.0
shinuhtu,-827,-718,37.5,35.0
shu,-1075,-316,30.4,105.7
shu bao,-770,-602,32.5,117.5
shu jiu,-770,-602,32.5,117.5
shu long,-770,-602,32.5,117.5
shu yong,-770,-602,32.5,117.5
shu(2),-770,-616,32.5,117.5
shubria,-735,-674,37.5,42.5
shurparaka,-610,-302,18.5,72.5
sicans,-1450,-409,37.5,13.1
sicelia,-461,-392,37.5,13.4
sicels,-1000,-409,37.5,14.2
sicyon,-656,-446,37.5,22.5
sidicini,-438,-334,42.5,15.0
sierra leone,1990,,10.0,-12.5
sikanoi,-500,-405,37.5,12.5
sikeloi,-500,-440,37.5,15.0
simurrum,-2064,-1600,34.9,47.5
sindhu,-610,-516,27.5,70.0
singapore,1990,,2.5,102.5
sinope,-323,-1,42.5,33.0
sivi,-610,-544,27.5,67.5
slavs,-2050,-1,52.3,26.6
slovakia,1990,,47.5,18.0
slovenia,1990,,47.5,15.0
sogdians,-1700,-532,38.3,68.9
solomon islands,1990,,-10.0,162.5
somalia,1990,,5.0,47.5
song,-770,-286,33.8,116.1
south africa,1990,,-35.0,28.5
south china peoples,-2400,-1,30.2,112.8
south korea,1990,,35.0,127.5
spain,1990,,35.0,-7.0
spratly islands,1990,,10.0,115.0
sri lanka,1990,,7.5,80.0
st. kitts and nevis,1990,,17.5,-62.5
st. lucia,1990,,12.5,-62.5
st. vincent and the grenadines,1990,,12.5,-62.5
stasis,-637,264,37.7,22.2
su,-770,-684,37.5,117.5
subarctic peoples,-2400,-1,59.2,-110.3
subartum,-1742,-1616,37.5,42.5
succession struggle,-817,-268,36.3,88.3
sudan,1990,,12.5,30.0
suhma,-610,-346,22.5,87.5
suhne,-931,-864,37.5,42.5
suhu,-1120,-612,32.5,42.5
sui,-770,-640,32.5,112.5
sui(2),-770,-682,37.5,117.5
surasena,-900,-360,27.5,77.5
suriname,1990,,5.0,-55.0
swaziland,1990,,-27.5,32.5
sweden,1990,,62.5,22.0
switzerland,1990,,47.5,6.0
syracuse,-716,-266,37.9,15.0
syracuse exiles,-316,-306,37.5,13.4
syria,1990,,35.0,40.0
são tomé and príncipe,1990,,0.0,7.5
tabal,-1190,-678,37.5,35.8
taiwan,1990,,25.0,120.0
tajikistan,1990,,40.0,72.5
tan,-770,-473,34.1,117.5
tan(2),-770,-684,37.5,117.5
tanagra,-386,-382,37.5,22.5
tang,-770,-505,32.5,112.5
tanzania,1990,,-7.5,35.0
taras,-500,-380,42.5,15.9
tarhuntassa,-1536,-1200,37.5,32.5
tartessos,-1000,-1,37.5,-6.6
taulanti,-800,-279,41.3,20.9
tauromenion,-288,-268,37.5,17.5
taxila,-338,-326,33.9,72.5
tegea,-423,-1,37.5,22.5
teng,-770,-298,35.4,117.5
terramare culture,-1550,-1250,45.7,9.0
teutons,-2050,-1,56.0,11.7
thai peoples,-2400,-1,28.2,102.4
thailand,1990,,15.0,102.5
the netherlands,1990,,32.5,-33.5
theban ally,-371,-338,38.0,22.4
thebes,-386,-268,38.2,23.4
thespiae,-386,-379,37.5,22.5
thesprotia,-396,-350,37.5,22.5
thesprotians,-500,-431,37.5,22.5
thessaly,-650,-276,38.0,22.3
thrace,-277,-1,42.5,26.0
thracians,-1450,-1,43.6,25.4
thraco cimmerians,-2400,-1450,45.8,31.7
thraikes,-500,-1,42.5,24.0
three guards rebellion,-1042,-1040,35.1,116.4
three yi tribes,-770,-1,27.5,120.0
thyni,-470,-400,42.5,27.0
tian clan,-500,-481,37.5,117.5
tian qi,-481,-1,36.2,117.7
tibur,-388,-341,42.5,15.0
togo,1990,,10.0,0.0
tong,-770,-616,32.5,117.5
tonga,1990,,-20.0,5.0
triballi,-446,-1,42.5,25.3
trigarta,-950,-323,32.5,75.3
trinidad and tobago,1990,,12.5,-62.5
triphylia,-726,-1,37.5,22.5
troezen,-494,-1,37.5,22.5
tuhe,-770,-308,42.5,119.0
tummanna,-1536,-1326,40.3,32.8
tunisia,1990,,35.0,10.0
turkey,1990,,40.0,36.0
turkmenistan,1990,,40.0,59.0
turks and caicos islands,1990,,22.5,-72.5
tuvalu,1990,,-7.5,177.5
tuwana,-827,-636,37.5,35.0
tymphaea,-431,-368,40.1,21.7
tyranny of syracuse,-478,-278,37.4,14.0
uelikukhi,-880,-706,39.9,45.0
uganda,1990,,0.0,32.5
ugrians,-750,-1,62.4,59.7
ukraine,1990,,47.5,29.0
umbri,-800,-308,42.5,15.0
umbria,-438,-266,42.5,14.0
umbrii,-500,-438,42.5,15.0
umma,-2395,-2310,32.5,47.5
united arab emirates,1990,,25.0,55.0
united kingdom,1990,,2.5,-30.0
ur iii tributary,-2108,-2019,33.2,47.8
urartu,-935,-592,38.9,44.0
urartu tributary,-802,-715,39.9,42.3
uruguay,1990,,-35.0,-55.0
usinara,-610,-354,29.4,77.5
utica,-950,-948,37.5,10.0
utkala,-610,-346,21.2,87.5
uzbekistan,1990,,42.5,66.0
vajjika league,-610,-468,27.5,85.4
valdivia culture,-2400,-1700,-2.5,-82.5
vanga,-675,-312,22.5,91.2
vanuatu,1990,,-17.5,170.0
vatsa,-875,-492,26.5,81.5
vemaka,-450,-1,32.5,77.5
veneti,-800,-1,47.5,12.0
venezuela,1990,,7.5,-65.0
vestini,-438,-302,42.5,15.0
vidarbha,-700,-302,21.0,78.9
videha,-800,-610,27.5,85.0
vietnam,1990,,15.0,105.0
vitihotras,-400,-350,22.5,73.5
volga battle axe culture,-2050,-1250,56.2,44.1
volsci,-800,-341,42.5,15.0
vriji,-700,-610,27.5,85.0
wahsusana,-1776,-1626,37.5,32.5
wei,-1750,-1,35.4,113.6
wei clan,-500,-453,37.5,112.5
wen,-1750,-1606,32.5,112.5
west african peoples,-2400,-1,11.4,-1.2
western guo,-772,-656,34.3,112.5
western mediterraneans,-2400,-1,44.1,2.8
western odrysia,-360,-352,42.5,24.0
western rong,-771,-362,34.9,105.0
wey,-770,-1,36.4,114.9
white di,-770,-408,37.5,110.0
wilusa,-1536,-1206,39.9,27.3
wu,-1200,-470,32.0,119.2
wucheng culture,-1450,-958,30.7,115.1
wushi rong,-771,-314,37.5,107.5
wuzhong,-770,-456,38.9,116.2
xi,-770,-680,32.5,114.5
xia dynasty,-2035,-1600,34.9,112.5
xian,-770,-656,32.5,112.5
xian peoples,-1424,-1414,32.5,107.5
xiang,-770,-722,37.5,117.5
xiang(2),-770,-644,32.5,117.5
xianyu,-771,-506,37.5,113.6
xiao,-500,-496,32.5,117.5
xing,-770,-636,37.5,115.4
xirong,-770,-690,32.5,112.5
xu,-946,-512,31.5,115.7
xu(2),-770,-372,32.5,112.5
xue,-1750,-336,35.9,118.4
xun,-770,-684,37.5,112.5
xuqu,-770,-620,37.5,117.5
yaminites,-1770,-1768,37.5,42.5
yamkhad,-2004,-1544,37.0,39.0
yan,-770,-1,38.5,120.7
yan(2),-770,-764,32.5,112.5
yan(3),-770,-680,32.5,120.0
yang,-770,-678,37.5,112.5
yang(2),-770,-660,37.5,117.5
yangyue,-770,-500,27.5,115.0
yaudheya,-550,-322,29.1,75.0
yemen,1990,,15.0,47.5
yi,-770,-660,37.5,122.5
yi-luo rong,-770,-588,32.5,112.5
yihu,-770,-492,32.5,117.5
ying,-770,-678,32.5,112.5
yingshi,-770,-646,32.5,117.5
yiqu,-771,-272,35.8,107.5
yong,-770,-612,32.5,110.0
yu,-770,-656,34.9,112.5
yu(2),-770,-612,32.5,110.0
yu(3),-770,-524,37.5,117.5
yue,-770,-306,30.7,121.9
yue peoples,-1200,-504,27.9,118.8
yueshi culture,-1900,-1500,36.8,119.6
yuezhi,-2400,-1,42.5,82.9
yugoslavia,1990,,45.0,21.0
yun,-770,-700,32.5,112.5
yuqui,-770,-692,32.5,117.5
zabakhi,-880,-592,42.5,45.0
zahara,-2400,-2206,30.8,52.1
zaire,1990,,-2.5,22.5
zalmaqum,-1778,-1616,37.5,40.0
zambia,1990,,-12.5,27.5
zamua,-882,-880,37.5,44.2
zapotecs,-1400,-1,17.5,-97.5
zeng,-772,-678,32.5,112.5
zeng(2),-770,-568,34.9,117.5
zhang,-770,-664,37.5,117.5
zhangzhung,-500,-1,33.2,81.7
zhao,-453,-1,38.2,114.0
zhao clan,-500,-453,37.5,112.5
zhen,-770,-700,32.5,112.5
zheng,-770,-376,33.0,113.0
zhi clan,-500,-454,37.5,112.5
zhonghang clan,-500,-490,37.5,113.5
zhongli,-770,-560,32.5,117.5
zhongshan,-506,-296,37.5,113.5
zhongwu,-770,-512,32.5,117.5
zhou,-1126,-1046,34.7,110.0
zhou dynasty,-1046,-1,34.2,113.2
zhou(2),-770,-700,29.9,112.5
zhou(3),-770,-706,37.5,117.5
zhoulai,-770,-600,32.5,117.5
zhu,-770,-256,36.8,117.5
zhu(2),-770,-518,37.5,117.5
zhu(3),-770,-768,37.5,117.5
zhuan,-770,-586,32.5,117.5
zhuanyu,-770,-484,37.5,117.5
zimbabwe,1990,,-20.0,30.0
zippasla,-1422,-1396,37.0,31.1
zong,-770,-616,32.5,117.5
zuo,-770,-750,34.9,112.5
