Search Term,Date From,Date To,Center Lat,Center Lon,
red sea,-2400,,21,38,
mesopotamia,-2400,-539,33.5,44,
fertile crescent,-2400,-539,33.5,42.5,
sumer,-2400,-2004,31,45.5,
nile valley,-2400,-261,22,32.5,
nubia,-2400,-261,17.5,32.5,DELETE
levant,-2400,-200,32.5,35.5,DELETE
near east,-2400,-261,33.5,45,DELETE
middle east,-2400,-261,28.5,45,DELETE
anatolia,-2400,-261,39,35.5,DELETE
asia minor,-2400,-261,39,35.5,DELETE
aboriginal peoples,-2400,-1,-12.8,128.4,
ainu,-2400,-1,47.4,145.3,
aleuts,-2400,-1,60.8,-159.7,
amazonian peoples,-2400,-1,-4.4,-60.6,
andean peoples,-2400,-1,-15.4,-73.1,
arctic marine mammal hunters,-2400,-1,69.5,150.4,
arctic peoples,-2400,-1,66.3,-100.8,
austro-asiatic peoples,-2400,-1,18.6,102.6,
austronesians,-2400,-1,4.1,117.9,
bell beaker peoples,-2400,-2050,52.9,12.4,
berbers,-2400,-1,33.8,-0.9,
california peoples,-2400,-1,37,-120.6,
caribbean peoples,-2400,-1,16.4,-72.5,
caucasians,-2400,-690,39.9,42.1,
central african peoples,-2400,-1,2.7,22.2,
chinchorro culture,-2400,-1,-18.5,-69.5,
desert cultures,-2400,-1,32.4,-108.6,
dilmun,-2400,-1550,27.2,50.7,
dravidians,-2400,-1,20.4,80.1,
east african peoples,-2400,-1,6.1,44,
eastern woodland peoples,-2400,-1,41.2,-80.5,
egypt: old kdm,-2400,-9998,30.8,32.5,
finns,-2400,-1,58.1,43.9,
helmand and jiroft cultures,-2400,-1750,30.3,62.4,
hurrians,-2400,-864,37.4,41.4,
indus valley civilization,-2400,-1750,23.4,69,
iranians,-2400,-532,39.7,62.6,
jomon culture,-2400,-1,35.9,137.3,
khoisan peoples,-2400,-1,-16.8,27.1,
koreans,-2400,-1,37.1,127.5,
libyans,-2400,-1,31.6,23.8,
longshan culture,-2400,-1900,36.7,112.5,
magan,-2400,-1550,26.9,57.2,
manchurian peoples,-2400,-1,47.1,127.5,
mesoamerican peoples,-2400,-1,14.8,-88,
norte chico civilization,-2400,-1800,-8.7,-77.5,
northwest coast peoples,-2400,-1,55.3,-131.7,
nubians,-2400,-1,19.6,33.6,
paleosiberians,-2400,-1,63.6,112.9,
pampas cultures,-2400,-1,-37.9,-64.6,
patagonian peoples,-2400,-1,-49.5,-72,
pelasgians,-2400,-1506,37.5,23.2,
plains peoples,-2400,-1,44.1,-102.3,
plateau peoples,-2400,-1,47.3,-117,
proto-burmese,-2400,-1,29,96.6,
proto-ethiopians,-2400,-1,10.4,38.2,
proto-mongol peoples,-2400,-1,50.3,107.9,
proto-tibetans,-2400,-1,32.4,85.1,
proto-turkic peoples,-2400,-1,40.9,97.5,
punt,-2400,-1100,16.2,41.8,
saharan peoples,-2400,-1,22.9,8.1,
savanna peoples,-2400,-1,-20,-51.4,
semitic nomads,-2400,-1000,24.2,47.1,
south china peoples,-2400,-1,30.2,112.8,
subarctic peoples,-2400,-1,59.2,-110.3,
thai peoples,-2400,-1,28.2,102.4,
thraco cimmerians,-2400,-1450,45.8,31.7,
valdivia culture,-2400,-1700,-2.5,-82.5,
west african peoples,-2400,-1,11.4,-1.2,
western mediterraneans,-2400,-1,44.1,2.8,
lagash,-2397,-2352,32.5,46.7,
larak,-2395,-2284,32.5,44.5,
umma,-2395,-2310,32.5,47.5,
kingdom of ebla,-2380,-2000,35.6,38.6,
kingdom of kish,-2380,-1839,33,43.9,
kingdom of tuttul,-2380,-2196,37.5,40,
kingdom of akshak,-2372,-2284,33.3,43,
kingdom of adab,-2354,-2253,31.9,47,
anshan,-2348,-653,28.7,52.3,
elam,-2348,-539,31.4,48.7,
guti,-2348,-2120,34.5,46.2,
kingdom of ugarit,-2348,-2200,37.5,37.5,
pashime,-2348,-1346,28.2,52.1,
kingdom of lagash,-2340,-1920,32.5,48.2,
kingdom of uruk,-2334,-1810,33.1,44.5,
kingdom of mari,-2311,-2190,34.3,41.7,
kotosh culture,-2300,-1199,-9.5,-77.5,
proto-canaanites,-2300,-1850,32.5,35.8,
akkadian tributary,-2298,-2220,28.3,54.3,
(marhashi),-2286,-2006,28,55.5,
kingdom of awan,-2286,-1170,31.1,50.6,
kingdom of ur,-2280,-2006,34,46.2,
akkadian empire,-2279,-2193,33,45.8,
kingdom of irqata,-2279,-2198,34.9,37.5,
kingdom of larsa,-2270,-1736,32.5,46.4,
chadian people,-2250,-1,13.9,12.3,
assyrian kingdoms,-2218,-1920,35.6,43.1,
hurrian kingdoms,-2218,-1826,37.5,41.7,
kingdom of alakhtum,-2218,-2200,37.5,37.5,
shimashki,-2214,-1970,29.9,53,
amorites,-2200,-1280,33.6,40.8,
argaric culture,-2200,-1500,37.5,-2.5,
poverty point culture,-2200,-1,32.5,-90.4,
hattians,-2199,-1862,38.2,34.7,
guti tributary,-2193,-2120,32.5,46.1,
egypt: heracleopolitans,-2160,-2160,30.8,32.5,
kingdom of kisurra,-2138,-2112,32.5,47.5,
ur iii tributary,-2108,-2019,33.2,47.8,
amorite mari,-2100,-1761,35.8,39.5,
kassites,-2100,-1618,33.5,46.1,
karakhar,-2072,-1168,32.5,47.5,
lullubum,-2054,-2051,37.5,45,
simurrum,-2053,-1600,34.9,47.5,
aryan people,-2050,-532,31.8,70.3,
balts,-2050,-1,54.2,26.2,
celto-ligurians,-2050,-1,49.1,5.2,
hittites,-2050,-1180,38.6,33.1,
italics,-2050,-450,42.1,14.5,
slavs,-2050,-1,52.3,26.6,
teutons,-2050,-1,56,11.7,
volga battle axe culture,-2050,-1250,56.2,44.1,
xia dynasty,-2035,-1600,34.9,112.5,
kingdom of eshnunna,-2026,-1730,34,43.8,
luwians,-2023,-1000,38.6,30.1,
kingdom of kazallu,-2020,-1790,32.5,44.5,
kingdom of der,-2019,-1228,32.5,46.1,
kingdom of isin,-2018,-1795,32.7,46.7,
yamkhad,-2004,-1544,37,39,
egypt: middle kingdom,-2003,-1662,29.8,31.9,
canaan,-2000,-900,31.5,35,
persia (ancient),-2000,-261,32.5,54.5,DELETE
arabia (ancient),-2000,-261,21,46,
arabian peninsula,-2000,-261,21,46,DELETE
bantu peoples,-2000,-1,-1,18.7,
el paraiso culture,-2000,-900,-10.6,-76.3,
minoans,-2000,-1488,36,25.2,
egypt: areas of unrest,-1992,-1990,30.8,32.5,
bedouins,-1990,-843,30.6,34.7,
harshi,-1986,-1600,34.9,45,
kingdom of zalpa,-1950,-1676,41,35.9,
proto-greeks,-1950,-1224,39.4,21.9,
kingdom of malgium,-1936,-1846,32.5,45,
kingdom of qatna,-1930,-1444,34.9,37.5,
kingdom of assyria,-1920,-906,36.4,42.4,
amorite ebla,-1900,-1826,34.9,37.5,
amorite tuttul,-1900,-1826,37.5,40,
erlitou culture,-1900,-1600,37.2,110.1,
yueshi culture,-1900,-1500,36.8,119.6,
kingdom of babylon,-1898,-1596,32.8,44.8,
alasiya,-1876,-1201,34.9,32.5,
canaanites,-1850,-1146,32.5,35.9,
itabalhum,-1850,-1600,37.5,45,
kingdom of adanaya,-1850,-1518,37.5,35,
kingdom of kanesh,-1850,-1648,38.2,36.3,
mama,-1850,-1644,37.5,37.5,
kingdom of andarig,-1826,-1726,37.5,42.5,
kingdom of kussara,-1800,-1676,38.3,36.1,
zalmaqum,-1778,-1616,37.5,40,
arzawa,-1776,-1202,37.7,29.3,
kingdom of kush,-1776,-1,29,32.3,
kingdom of purushanda,-1776,-1627,37.5,35,
wahsusana,-1776,-1626,37.5,32.5,
elamite tributary,-1770,-708,34.2,44.6,
yaminites,-1770,-1768,37.5,42.5,
babylonian tributary,-1764,-1702,34.8,43.1,
old hittite kingdom,-1760,-1438,38.1,35.8,
kimash,-1752,-1600,32.5,47.5,
ge,-1750,-594,32.5,117.5,
gu,-1750,-700,34.9,114.9,
indus valley peoples,-1750,-775,25.2,69.7,
kunwu,-1750,-1604,37.5,112.5,
shang,-1750,-1104,34.6,114.3,
wei,-1750,-1,35.4,113.6,
wen,-1750,-1606,32.5,112.5,
xue,-1750,-336,35.9,118.4,
idamaraz,-1742,-1616,35.4,42.5,
kingdom of terqa,-1742,-1512,34.9,40,
subartum,-1742,-1616,37.5,42.5,
sealand,-1734,-1440,32.5,45.6,
amurru,-1728,-968,33.9,37.3,
kingdom of arrapha,-1726,-760,37.5,44.5,
etruscans,-1725,-516,42.7,11,
iberians,-1725,-1,41.2,1.6,
illyrians,-1725,-1,42.7,18.6,
egypt: hyksos,-1720,-1566,30.9,32.4,
rebel irridu,-1718,-1710,37.5,40,
bactrians,-1700,-546,36.8,65,
sanxingdui culture,-1700,-1000,31.3,103.6,
sogdians,-1700,-532,38.3,68.9,
rebel aranzik,-1696,-1690,37.5,37.5,
hurrian kingdom,-1616,-1346,37.5,40.4,
erligang culture,-1600,-1400,37.1,109.6,
kaskas,-1600,-712,41.4,35.5,
papuans,-1600,-1,-4.9,140.6,
shang dynasty,-1600,-1044,35.8,113.4,
kingdom of mitanni,-1586,-1344,37.2,38.5,
egypt: new kingdom,-1568,-1086,30.7,34.2,
egypt: thebans,-1568,-1568,28.9,32.4,
terramare culture,-1550,-1250,45.7,9,
pitassa,-1546,-1438,37.5,32.5,
lukka,-1536,-1236,37.5,28.6,
masa,-1536,-1228,39,31,
pala,-1536,-1382,42.5,33,
tarhuntassa,-1536,-1200,37.5,32.5,
tummanna,-1536,-1326,40.3,32.8,
wilusa,-1536,-1206,39.9,27.3,
kizzuwatna,-1511,-1420,37.5,35,
azzi-hayasa,-1506,-1200,38.9,39.1,
isuwa,-1506,-1460,37.5,40,
mycenaeans,-1506,-1100,37.3,24.9,
pontic steppe,-1500,-261,48,41.5,DELETE
steppe,-1500,-261,51.5,75,DELETE
dongyi peoples,-1500,-1080,37.5,121.5,
huaiyi peoples,-1500,-584,32.5,119.4,
indo-aryans,-1500,-300,25.8,75.8,
mixtecs,-1500,-1,17.5,-97.5,
nok people,-1500,-1,10.7,6.6,
cimmerians,-1450,-1,44,35.5,
sicans,-1450,-409,37.5,13.1,
thracians,-1450,-1,43.6,25.4,
wucheng culture,-1450,-958,30.7,115.1,
new hittite kingdom,-1439,-1190,38.2,34.2,
ahhiya,-1430,-1202,37.4,28.6,
xian peoples,-1424,-1414,32.5,107.5,
zippasla,-1416,-1396,37,31.1,
guifang,-1400,-1,40.4,103.6,
northern zone peoples,-1400,-1000,36.8,109.4,
zapotecs,-1400,-1,17.5,-97.5,
hapalla,-1396,-1386,37.5,32.5,
alshe,-1368,-1240,37.5,42.5,
kingdom of qadesh,-1362,-1336,34.9,37.5,
dapeng,-1350,-1208,32.5,117.5,
middle assyrian empire,-1346,-1076,35.2,42,
nuhashshi,-1338,-1336,37.5,37.5,
kalasma,-1324,-1322,37.5,37.5,
chorrera culture,-1300,-1,-2.5,-80.8,
ammonites,-1280,-587,32.5,37.5,
aramaeans,-1280,-1,33.8,40.6,
edomites,-1280,-526,30.4,35.4,
moabites,-1280,-587,32.5,37.5,
celts,-1250,-1,44.4,17.1,
colchis,-1250,-1,42.5,41.6,
olmecs,-1250,-1,17.5,-95,
sardinians,-1250,-510,40.1,8.3,
yuezhi,-1235,-1,42.5,82.9,
israelites,-1230,-1036,32.4,36.7,
aeolians,-1224,-696,39.4,26.4,
dorians,-1224,-1,37.4,25.2,
phrygians,-1224,-586,40.3,31.2,
mycenaean kingdoms,-1220,-1210,37.5,23.8,
sea peoples,-1205,-1180,35.4,31.4,
carians,-1202,-544,37.5,27.5,
ionians,-1202,-1,39.6,24.9,
scythians,-1201,-1,46.6,58,
wu,-1200,-470,32,119.2,
yue peoples,-1200,-504,27.9,118.8,
gurgum,-1190,-605,37.5,37.5,
kingdom of carchemish,-1190,-606,37.5,37.5,
kingdom of kummuh,-1190,-607,37.5,37.5,
kingdom of melid,-1190,-626,37.5,37.5,
patin (unqi),-1190,-605,37.5,37.5,
tabal,-1190,-678,37.5,35.8,
cypriot kingdoms,-1180,-1050,34.9,32.5,
kingdom of hamath,-1180,-606,35.3,37.5,
philistines,-1180,-1020,32.5,36.6,
que,-1180,-588,37.5,35.2,
babylonia (isin dynasty),-1158,-978,32.6,45.9,
geshur,-1152,-988,32.5,37.5,
gilead,-1152,-740,32.5,37.5,
elymians,-1150,-500,37.5,12.5,
kuru,-1150,-500,29.9,76.1,
aram damascus,-1146,-606,33,37.4,
aram-naharim,-1146,-1106,37.5,37.5,
aram-zobah,-1146,-750,32.5,37.5,
phoenicians,-1146,-602,34.3,22.8,
kadmuhu,-1136,-1112,37.5,40,
zhou,-1126,-1046,34.7,110,
hindanu,-1120,-612,34.2,40.8,
phrygian kingdom,-1120,-654,39.8,31.4,
suhu,-1120,-612,32.5,42.5,
achaeans,-1100,-720,39.3,22,
saba,-1100,-1,14.5,44.5,
rebel israelites,-1098,-1096,32.5,37.5,
egypt: tanites,-1086,-945,32.3,32.5,
laqe,-1080,-608,35.4,40.5,
bit-adini,-1076,-859,37.5,37.5,
bit-bahiani,-1076,-896,37.5,40,
bit-halupe,-1076,-894,37.5,40,
ba,-1075,-316,30.8,108.4,
chu,-1075,-1,31.5,116.8,
shu,-1075,-316,30.4,105.7,
zhou dynasty,-1046,-1,34.2,113.2,
three guards rebellion,-1042,-1040,35.1,116.4,
lai,-1040,-568,37.5,119.5,
kingdom of israel,-1036,-932,32.2,36.2,
pugu,-1036,-1026,37.5,117.5,
bit-zamani,-1026,-882,37.5,40,
philistia,-1020,-604,32.5,34.7,
kingdom of judah,-1004,-1004,32.5,36.5,
mediterranean sea,-1000,,38,15,
black sea,-1000,,44,34.5,
arabs,-1000,-1,25.5,45.4,
cushitic people,-1000,-1,6,43.9,
liburnians,-1000,-1,42.5,15.1,
lycians,-1000,-362,37.5,29.4,
lydians,-1000,-850,37.5,27.5,
maya,-1000,-1,17.5,-89.7,
mysians,-1000,-542,38.9,27.4,
nilotic peoples,-1000,-1,9.3,30.7,
numidians,-1000,-1,34.3,3.5,
pamphylians,-1000,-558,37.5,32.5,
quanrong,-1000,-1,35.2,105.5,
sicels,-1000,-409,37.5,14.2,
tartessos,-1000,-1,37.5,-7.5,
chao,-992,-602,32.5,117.5,
d'mt,-980,-1,17.3,40.9,
babylonia,-978,-732,32.4,45.3,
gandhara,-975,-518,33.1,73.1,
ellipi,-970,-703,32.5,47.5,
harhar,-970,-737,32.5,46.2,
kekaya,-950,-516,32.5,72.5,
kosala,-950,-466,27.1,82.5,
madra,-950,-326,32.5,75,
trigarta,-950,-323,32.5,75.3,
utica,-950,-948,37.5,10,
egypt: twenty second dynasty,-946,-726,30.5,32.6,
xu,-946,-512,31.5,115.7,
urartu,-935,-592,38.9,44,
israel/samaria,-932,-720,32.5,36.9,
judah,-932,-587,32.2,35.6,
alzi,-931,-804,37.5,42.5,
diauekhi,-931,-592,41,42.1,
enzite,-931,-802,37.5,40,
etiukhi,-931,-710,40.1,43.8,
suhne,-931,-864,37.5,42.5,
matsya,-925,-318,27.5,75.5,
qedarites,-925,-1,32.1,38.8,
kingdom of sam'al,-920,-605,37.5,37.5,
neo-assyrian empire,-906,-608,35.9,42.5,
athens,-900,268,38.6,24.4,
bit agusi,-900,-606,37.5,37.5,
chavin culture,-900,-1,-11,-76.5,
musri,-900,-859,37.5,37.5,
surasena,-900,-360,27.5,77.5,
neo assyrian tributary,-896,-612,33.2,38.4,
zamua,-882,-880,37.5,44.2,
abilianikhi,-880,-592,42.5,45,
egypt: twenty third dynasty,-880,-756,26.9,32.5,
eriakhi,-880,-704,42.5,45,
erikuakhi,-880,-706,40.1,43.8,
etiuni,-880,-704,42.5,45,
uelikukhi,-880,-706,39.9,45,
zabakhi,-880,-592,42.5,45,
vatsa,-875,-492,26.5,81.5,
qedarite confederation,-870,-550,31.1,41.2,
gilzanu,-864,-724,37.5,42.5,
hubushkia,-864,-698,37.5,42.5,
allabria,-860,-717,37.5,47.5,
parsua,-860,-744,34.9,45,
babylonian revolt,-852,-648,32.2,44.9,
namri,-852,-738,34.4,47,
avanti,-850,-400,24.4,75.5,
kasi,-850,-600,25.8,82.5,
lydia,-850,-547,38.7,29.2,
paeonians,-850,-340,42.5,21,
mannaea,-843,-608,37.5,46.5,
nabataeans,-843,-526,28.3,37.5,
neo assyrian empire,-843,-608,34,39.6,
hilakku,-836,-636,37.5,32.5,
egypt: rebellion of pedubast,-830,-828,26.6,32.5,
neo assyrian revolt,-828,-762,34.1,44.2,
atuna,-827,-680,37.5,33.8,
hupis(h)na,-827,-738,37.5,32.5,
ishtu(a)nda,-827,-738,37.5,37.5,
shinuhtu,-827,-718,37.5,35,
tuwana,-827,-636,37.5,35,
panchala,-826,-610,27.9,79.2,
cedi,-825,-320,25.2,80.3,
hamaranu,-812,-746,32.5,44.2,
guzanu,-810,-758,37.5,40,
lu,-808,-562,35.7,117.5,
urartu tributary,-802,-715,39.9,42.3,
iberia (ancient),-800,-261,40,-2.5,DELETE
germania,-800,-261,52.5,15,DELETE
adena culture,-800,-1,39.1,-82.7,
aequi,-800,-304,42.5,15,
aurunci,-800,-334,42.5,15,
chaldaea,-800,-790,31.5,46.5,
dardani,-800,-1,42.5,21,
daunians,-800,-324,42.5,15,
latins,-800,-730,42.5,15,
ligurians,-800,-1,44.1,8.3,
medes,-800,-674,35.2,50.1,
messapians,-800,-268,42,16.7,
peucetians,-800,-268,42.5,15,
picentes,-800,-438,42.5,15,
sabines,-800,-438,42.5,15,
samnites,-800,-438,42.5,15,
taulanti,-800,-279,41.3,20.9,
umbri,-800,-438,42.5,15,
veneti,-800,-1,47.5,12,
videha,-800,-610,27.5,85,
volsci,-800,-341,42.5,15,
judah tributary,-794,-736,30.4,35.5,
succession struggle,-786,-352,36.3,88.3,
asinia,-780,-758,37.5,22.5,
babylonia (chaldaeans),-780,-616,32.3,45.4,
epidauria,-780,-670,37.5,22.5,
hermionis,-780,-670,37.5,22.5,
kingdom of argos,-780,-494,37.5,22.5,
kingdom of sparta,-778,-1,37.1,22.9,
anga,-775,-530,25.4,87.5,
magadha,-775,-355,26.2,82.5,
deng,-772,-678,32.5,112.5,
eastern guo,-772,-768,32.5,112.5,
shen,-772,-688,33.2,109.7,
western guo,-772,-656,34.3,112.5,
zeng,-772,-678,32.5,112.5,
bao,-771,-500,32.5,107.5,
di,-771,-408,37.2,113.1,
di(2),-771,-362,32.5,105,
du,-771,-688,32.5,107.5,
feng,-771,-550,32.5,107.5,
gui,-771,-688,32.5,107.5,
ji(6),-771,-688,32.5,107.5,
ju(2),-771,-550,32.5,107.5,
liang,-771,-642,35.8,110,
little guo,-771,-688,32.5,107.5,
luhun rong,-771,-526,32.5,111.2,
mao,-771,-688,32.5,107.5,
mianzhu,-771,-362,32.5,107.5,
pengzhi,-771,-698,32.5,110,
ping zhou,-771,-550,32.5,107.5,
qiang,-771,-1,37.5,100,
qin,-771,-1,33.9,110.2,
rui,-771,-642,33.7,110,
shao,-771,-688,32.5,107.5,
western rong,-771,-362,34.9,105,
wushi rong,-771,-314,37.5,107.5,
yiqu,-771,-272,35.8,107.5,
baipu,-770,-524,29.1,110.8,
biyang,-770,-564,32.5,117.5,
bo,-770,-640,32.5,112.5,
bu geng,-770,-534,32.5,112.5,
cai,-770,-448,32.5,114.8,
cao,-770,-488,35.1,116.6,
changdi,-770,-608,37.5,117.5,
chen,-770,-480,32.5,114.6,
cheng,-770,-408,37.5,115.8,
cong,-770,-600,32.5,107.5,
dai,-770,-458,41,113.5,
dai(2),-770,-714,32.5,115,
dan,-770,-670,29.9,107.5,
dao,-770,-638,32.5,112.5,
donghu,-770,-1,44.9,120,
dun,-770,-496,32.5,115,
e,-770,-700,30.8,114.6,
er,-770,-700,32.5,112.5,
fan,-770,-504,32.5,117.5,
fan(2),-770,-660,37.5,112.5,
fang,-770,-638,32.5,112.5,
fei,-770,-530,37.5,115,
gao,-770,-722,32.5,117.5,
gaoluo,-770,-660,37.5,112.5,
geng,-770,-662,37.5,112.5,
genmou,-770,-600,37.5,117.5,
gojoseon,-770,-280,39.3,122.7,
gong,-770,-280,32.2,109.9,
gong(2),-770,-670,27.5,107.5,
gu(2),-770,-520,37.5,117.5,
guang,-770,-650,32.5,115,
guo,-770,-670,37.5,117.5,
guzhu,-770,-662,40.1,117.2,
han,-770,-616,32.5,117.5,
han(2),-770,-758,37.5,112.5,
hu,-770,-496,32.5,117.5,
hu(2),-770,-764,32.5,112.5,
hu(3),-770,-764,32.5,112.5,
hua,-770,-627,32.5,112.5,
huaiyi,-770,-512,34.1,119.2,
huang,-770,-648,32.5,114.2,
huo,-770,-662,37.5,112.5,
ji,-770,-658,37.5,112.5,
ji(2),-770,-690,37.5,117.5,
ji(3),-770,-722,34.9,117.5,
ji(4),-770,-750,32.5,112.5,
jia,-770,-678,37.5,112.5,
jiang,-770,-624,32.5,112.5,
jiang(2),-770,-618,32.5,117.5,
jiao,-770,-700,32.5,112.5,
jie,-770,-600,37.5,117.5,
jin,-770,-678,36,112.5,
ju,-770,-432,36.8,117.8,
jun,-770,-612,32.5,110.8,
kui,-770,-634,32.5,112.5,
lai(2),-770,-640,32.5,112.5,
laiyi,-770,-500,37.5,120,
li,-770,-538,32.5,117.5,
li rong,-770,-672,37.5,112.5,
li(2),-770,-664,37.5,112.5,
liao,-770,-622,32.5,117.5,
liao(2),-770,-700,32.5,112.5,
lingzhi,-770,-662,40.1,117.2,
linhu,-770,-1,40.1,109,
liu,-770,-622,32.5,117.5,
loufan,-770,-308,38.3,112.3,
lu(2),-770,-688,32.5,112.5,
lu(3),-770,-690,32.5,112.5,
luo,-770,-690,32.5,112.5,
manshi,-770,-492,32.5,112.5,
mao(2),-770,-560,34.9,117.5,
messenia,-770,-1,37.5,21.4,
mou,-770,-650,37.5,117.5,
nanyan,-770,-640,37.5,112.5,
ni,-770,-335,34.9,117.5,
nu,-770,-600,29.9,107.5,
peng,-770,-650,32.5,115,
pi,-770,-416,32.5,117.5,
pu,-770,-678,37.5,112.5,
qi,-770,-1,36.7,117,
qi(2),-770,-446,37.5,117.5,
qi(3),-770,-706,37.5,117.5,
qiuyou,-770,-458,37.5,112.5,
qu,-770,-678,37.5,112.5,
quaman,-770,-612,32.5,110.8,
quan,-770,-704,32.5,112.5,
rang,-770,-670,29.9,107.5,
red di,-770,-594,37.5,112.5,
ren,-770,-336,37.5,117.5,
rong,-770,-594,34.4,115.5,
ruo,-770,-622,32.5,112.5,
shanrong,-770,-282,40.1,117.2,
shen(2),-770,-507,32.5,115,
shi,-770,-560,34.9,117.5,
shu bao,-770,-602,32.5,117.5,
shu jiu,-770,-602,32.5,117.5,
shu long,-770,-602,32.5,117.5,
shu yong,-770,-602,32.5,117.5,
shu(2),-770,-616,32.5,117.5,
song,-770,-286,33.8,116.1,
su,-770,-684,37.5,117.5,
sui,-770,-640,32.5,112.5,
sui(2),-770,-682,37.5,117.5,
tan,-770,-473,34.1,117.5,
tan(2),-770,-684,37.5,117.5,
tang,-770,-505,32.5,112.5,
teng,-770,-298,35.4,117.5,
three yi tribes,-770,-1,27.5,120,
tong,-770,-616,32.5,117.5,
tuhe,-770,-308,42.5,119,
wey,-770,-1,36.4,114.9,
white di,-770,-408,37.5,110,
wuzhong,-770,-456,38.9,116.2,
xi,-770,-680,32.5,114.5,
xian,-770,-656,32.5,112.5,
xiang,-770,-722,37.5,117.5,
xiang(2),-770,-644,32.5,117.5,
xianyu,-770,-506,37.5,113.6,
xing,-770,-636,37.5,115.4,
xirong,-770,-690,32.5,112.5,
xu(2),-770,-372,32.5,112.5,
xun,-770,-684,37.5,112.5,
xuqu,-770,-620,37.5,117.5,
yan,-770,-1,38.5,120.7,
yan(2),-770,-764,32.5,112.5,
yan(3),-770,-680,32.5,120,
yang,-770,-678,37.5,112.5,
yang(2),-770,-660,37.5,117.5,
yangyue,-770,-500,27.5,115,
yi,-770,-660,37.5,122.5,
yi-luo rong,-770,-588,32.5,112.5,
yihu,-770,-492,32.5,117.5,
ying,-770,-678,32.5,112.5,
yingshi,-770,-646,32.5,117.5,
yong,-770,-612,32.5,110,
yu,-770,-656,34.9,112.5,
yu(2),-770,-612,32.5,110,
yu(3),-770,-524,37.5,117.5,
yue,-770,-306,30.7,121.9,
yun,-770,-700,32.5,112.5,
yuqui,-770,-692,32.5,117.5,
zeng(2),-770,-568,34.9,117.5,
zhang,-770,-664,37.5,117.5,
zhen,-770,-700,32.5,112.5,
zheng,-770,-376,33,113,
zhongli,-770,-560,32.5,117.5,
zhongwu,-770,-512,32.5,117.5,
zhou(2),-770,-700,29.9,112.5,
zhou(3),-770,-706,37.5,117.5,
zhoulai,-770,-600,32.5,117.5,
zhu,-770,-1,36.8,117.5,
zhu(2),-770,-518,37.5,117.5,
zhu(3),-770,-768,37.5,117.5,
zhuan,-770,-586,32.5,117.5,
zhuanyu,-770,-484,37.5,117.5,
zong,-770,-616,32.5,117.5,
zuo,-770,-750,34.9,112.5,
etruria,-760,-266,42.5,13.2,
egypt: (herakleopolis),-756,-726,27.5,32.5,
egypt: (hermopolis),-756,-726,27.5,32.5,
land of bel-harran-beli-user,-754,-745,37.5,40,
land of shamash-resha-user,-754,-745,34.4,40.5,
land of tartanu shamshi-ilu,-754,-745,37.5,37.5,
malla,-750,-364,27.5,84.2,
sakas,-750,-1,47.3,72.5,
sakya,-750,-480,27.5,82.5,
ugrians,-750,-1,62.4,59.7,
corinthia,-748,-339,38.3,20.3,
great chiefs of the meshwesh,-746,-726,32.5,32.5,
quwo,-746,-678,37.1,112.5,
duan,-744,-722,33.3,112.5,
megaris,-744,-268,39.5,23.6,
arcadia,-742,-446,37.5,22.5,
kirruru,-735,-708,37.5,45,
musasir,-735,-724,37.5,45,
shubria,-735,-674,37.5,42.5,
boeotia,-730,-338,37.5,22.5,
latin league,-730,-534,42.5,15,
elis,-726,-1,37.5,22.5,
kush tributary,-726,-680,32.1,32.4,
triphylia,-726,-1,37.5,22.5,
assaka,-725,-300,17.5,80,
kingdom of rome,-725,-510,42.5,15,
achaea,-720,-280,38.5,19.1,
karalla,-718,-706,37.5,47.5,
egypt: twenty fourth dynasty,-716,-714,32.2,32.4,
syracuse,-716,-266,37.9,15,
media,-713,-550,37.1,45.7,
chalcis,-710,-294,37.5,22.5,
eretria,-710,-294,37.5,22.7,
kalinga,-700,262,19.5,83.8,
kamboja,-700,-536,34.6,70.3,
vidarbha,-700,-302,21,78.9,
vriji,-700,-610,27.5,85,
li(3),-698,-680,32.5,112.5,
acarnania,-696,-1,37.5,22.5,
aeniania,-696,-274,37.5,22.5,
aeolian league,-696,-544,37.5,27.5,
aetolia,-696,371,37.5,22.5,
bithynians,-696,-552,42.5,29.6,
dolopia,-696,-339,37.5,22.5,
doris,-696,-268,37.5,22.5,
epicnemidian locris,-696,-264,38.6,22.2,
malis,-696,-371,37.5,22.5,
oetaea,-696,-274,37.5,22.5,
opuntian locris,-696,-272,37.5,22.5,
ozolian locris,-696,-379,37.5,18.8,
phocis,-696,-1,37.5,22.5,
ionian league,-690,-478,38.3,27.5,
pisatis,-684,-572,37.5,22.5,
duchy of jin,-678,-350,36,113,
scythia,-678,-1,41.9,39.4,
revolt of wangzi tui,-676,-674,34.6,112.5,
vanga,-675,-312,22.5,91.2,
kalaurian amphictiony,-670,-494,37.5,22.5,
corcyra,-666,-300,38.8,20,
phlius,-656,-338,37.5,22.5,
sicyon,-656,-446,37.5,22.5,
cimmerian kingdom,-654,-638,38.5,32.7,
persia,-653,-550,29.2,53,
egypt: twenty sixth dynasty,-652,-526,31.1,32.8,
bottiaeans,-650,-492,42.5,21,
enchele,-650,-500,42.5,21,
kingdom of macedon,-650,-301,36.1,34.5,
magnesia,-650,-580,37.5,22.5,
thessaly,-650,-335,38,22.3,
kingdom of cyrene,-632,-1,33.1,20.7,
greeks,-630,-402,38.9,33.5,
rhegion,-622,-1,38.3,17.1,
neo babylonian empire,-616,-574,33.5,38.5,
neo-babylonian empire,-616,-539,33.3,39.9,
albanians,-612,-1,39.6,47.1,
pontians,-612,-514,42.5,39,
abhiras,-610,-318,27.5,72.5,
alavi,-610,-468,27.5,82.5,
allakappa,-610,-468,27.5,82.5,
ambashthas,-610,-400,32.5,72.5,
anarta,-610,-318,22.5,72.5,
andhra,-610,-300,17.5,82.5,
anupa,-610,-348,22.5,77.5,
aparytae,-610,-544,32.5,72.5,
assakenoi,-610,-516,34.9,72.5,
asvaka,-610,-516,34.1,72.5,
bhagga,-610,-560,27.5,82.5,
brahmana,-610,-468,27.5,82.5,
daradas,-610,-1,37.5,72.5,
dasarnas,-610,-350,22.5,77.5,
dvaraka,-610,-318,22.5,69.5,
egypt: twenty sixth dynasty tributary,-610,-606,32.5,35.6,
haihayas,-610,-550,22.5,75,
kaccha,-610,-318,22.5,70,
kalama,-610,-518,27.5,82.5,
karusha,-610,-302,22.5,82.5,
kirati,-610,-1,27.5,85,
koliya,-610,-480,27.5,82.5,
konkana,-610,-1,17.5,72.5,
ksudrakas,-610,-326,32.5,72.5,
kunti,-610,-536,27.5,77.5,
lauhitya,-610,-1,27.5,92.5,
malavas,-610,-326,32.5,72.5,
moriya,-610,-468,27.5,82.5,
mulaka,-610,-302,17.5,75,
mutibas,-610,-600,17.5,80,
odra,-610,-344,22.5,85,
pulinda,-610,-320,22.5,80,
pundra,-610,-312,24.9,87.5,
salva,-610,-600,27.5,77.5,
salwa,-610,-322,27.5,72.5,
sattagydia,-610,-516,32.5,70,
saurashtra,-610,-318,22.5,70,
sauvira,-610,-516,27.5,67.5,
savaras,-610,-430,17.5,82.5,
shurparaka,-610,-302,18.5,72.5,
sindhu,-610,-516,27.5,70,
sivi,-610,-544,27.5,67.5,
suhma,-610,-346,22.5,87.5,
usinara,-610,-354,29.4,77.5,
utkala,-610,-346,21.2,87.5,
vajjika league,-610,-468,27.5,85.4,
neo babylonian empire tributary,-606,-554,32.1,36.2,
ruo'ao revolt,-606,-604,32.5,112.5,
carthage,-602,-1,37.2,12.1,
gaul,-600,-261,47,2.5,DELETE
britannia,-600,-261,55.5,-2.5,DELETE
audumbaras,-600,-323,32.5,75.8,
hernici,-600,-359,42.5,15,
kuntala,-600,-300,17.5,77.5,
cilicia,-588,-539,37.5,34.4,
stasis,-587,264,37.7,22.2,
median vassal,-586,-550,29.5,53,
pisidians,-558,-1,37.5,32.5,
croton,-550,-430,37.5,17.5,
dali,-550,-272,37.5,107.5,
persian empire,-550,-1,35.2,36.7,
sauromatians,-550,-1,46.3,46.7,
yaudheya,-550,-322,29.1,75,
samian thalassocracy,-542,-522,37.5,27.1,
elimiotis,-540,-358,42.5,21,
eordaia,-540,-476,42.5,21,
lynkestis,-540,-392,42.5,21,
orestis,-540,-476,42.5,21,
pelagonia,-540,-476,42.5,21,
revolt of hua clan,-522,-520,32.5,117.5,
aegina,-520,-338,37.5,22.5,
revolt of wangzi zhao,-520,-516,33.7,112.5,
revolt,-519,-1,37.2,33.7,
roman republic,-509,-1,42.1,14.9,
gela,-506,-405,37.5,15.1,
zhongshan,-506,-296,37.5,113.5,
akragas,-500,-268,37.5,12.7,
bao clan,-500,-482,37.5,117.5,
bruttii,-500,-436,37.5,17.5,
carthaginian ally,-500,-277,35.2,6.4,
chaonians,-500,-431,42.5,21,
cretan city states,-500,-1,36.6,25.2,
dassaretis,-500,-400,42.5,21,
fan clan,-500,-491,37.5,112.5,
gao clan,-500,-490,37.5,117.5,
garamantes,-500,-1,27.5,20,
guo clan,-500,-490,37.5,117.5,
hann clan,-500,-453,34.9,112.5,
iapygii,-500,-318,42.5,15,
illyrioi,-500,-1,42.5,15,
kasmira,-500,-1,34.9,75,
kyme,-500,-422,42.5,15,
libyphoenices,-500,-1,32.5,17.5,
lucani,-500,-436,42.5,15,
messapii,-500,280,41,17.9,
north arabian semites,-500,-1,29.9,42.5,
paiones,-500,-356,42.5,21,
piceni,-500,-438,42.5,15,
samnium,-500,-438,42.5,15,
sikanoi,-500,-405,37.5,12.5,
sikeloi,-500,-440,37.5,15,
taras,-500,-380,42.5,15.9,
thesprotians,-500,-431,37.5,22.5,
thraikes,-500,-1,42.5,24,
tian clan,-500,-481,37.5,117.5,
umbrii,-500,-438,42.5,15,
wei clan,-500,-453,37.5,112.5,
xiao,-500,-496,32.5,117.5,
zhangzhung,-500,-1,33.2,81.7,
zhao clan,-500,-453,37.5,112.5,
zhi clan,-500,-454,37.5,112.5,
zhonghang clan,-500,-491,37.5,113.5,
roman latin colony,-496,-1,42.5,14.8,
argos,-494,-272,37.5,22.5,
troezen,-494,-1,37.5,22.5,
marsi,-492,-304,42.5,15,
persian vassal,-492,-410,37.7,23,
apollonia,-490,-283,42.5,21,
greek alliance,-481,-478,37.6,25.5,
jiang qi,-481,-386,37.5,117.5,
tian qi,-481,-1,36.2,117.7,
bosporan kingdom,-480,-1,46.7,37.3,
kingdom of sindica,-480,-380,46.2,39,
antandros,-478,-428,37.5,27.5,
delian league,-478,-405,38.4,24.5,
tyranny of syracuse,-478,-278,37.4,14.1,
odrysian kingdom,-476,-342,42,25.8,
himera,-472,-409,37.5,13.5,
bessaei,-470,-342,42.5,24,
getae,-470,-1,44,27,
thyni,-470,-400,42.5,27,
aitna,-466,-462,37.5,15,
helot revolt,-466,-457,37.5,22.5,
kamarina,-466,-405,37.5,12.5,
leontini,-466,-270,37.5,15,
naxos,-466,-404,37.5,17.5,
civil war,-464,-314,37.5,82.5,
catane,-462,-270,37.5,14.6,
revolt of inaros,-462,-450,31.5,31.5,
sicelia,-461,-392,37.5,13.4,
lower macedon,-454,-432,42.5,21,
hann,-453,-1,33.4,113,
zhao,-453,-1,38.3,114.1,
bruttians,-450,-400,37.5,17.5,
kuninda,-450,-322,32.5,77.5,
lucanians,-450,-268,39.3,16.6,
vemaka,-450,-1,32.5,77.5,
triballi,-446,-1,42.5,25.3,
alfaterni,-438,-1,42.5,15,
campania,-438,-343,42.5,15,
marrucini,-438,-304,42.5,15,
paeligni,-438,-304,42.5,15,
picenum,-438,-269,42.5,15,
sabini,-438,-290,42.5,15,
samnite confederation,-438,-268,42.5,15,
sidicini,-438,-334,42.5,15,
umbria,-438,-290,42.5,14,
vestini,-438,-302,42.5,15,
athamania,-431,-1,37.5,22.5,
chaonia,-431,-350,38.3,20,
molossis,-431,-350,40.4,21.6,
parauaea,-431,-350,42.5,21,
tymphaea,-431,-368,40.1,21.7,
italiote league,-430,-280,40.2,16.4,
kingdom of the grabaei,-429,-296,42.5,21,
peloponnesian league,-426,-366,38.3,24.3,
league of argos,-422,-418,39.4,23.8,
revolt of pissuthnes,-420,-416,37.5,28.1,
chalcidian league,-418,-353,41.9,24.1,
mantineia,-418,-268,37.5,22.5,
salamis,-411,-380,34.8,32.9,
larissa,-406,-375,37.5,22.5,
pharsalos,-406,-375,37.5,22.5,
pherae,-406,-352,37.7,22.4,
carthaginian tributary,-405,-376,37.5,12.5,
egypt: twenty eighth dynasty,-402,-399,30.7,32.3,
kingdom of illyria,-400,-1,41.6,20.9,
vitihotras,-400,-350,22.5,73.5,
egypt: twenty ninth dynasty,-399,-380,30.7,32.3,
thesprotia,-396,-350,37.5,22.5,
anti spartan alliance,-395,-386,38.5,25.3,
tibur,-388,-341,42.5,15,
akraephia,-386,-379,37.5,22.5,
carduchii,-386,-384,37.5,42.5,
carystus,-386,-294,37.5,22.5,
chios,-386,-1,37.5,27.5,
coronea,-386,-379,37.5,22.5,
haliartos,-386,-379,37.5,22.5,
kopai,-386,-379,37.5,22.5,
lebadeia,-386,-379,37.5,22.5,
lesbos,-386,-1,37.5,27.5,
samos,-386,-338,37.5,27.5,
tanagra,-386,-382,37.5,22.5,
thebes,-386,-268,38.2,23.4,
thespiae,-386,-379,37.5,22.5,
athenian ally,-384,-379,37.5,27.5,
egypt: thirtieth dynasty,-380,-342,31.2,32.4,
maeotians,-380,-326,44.9,39,
second athenian league,-376,-338,39.1,24.4,
illyrian tributary,-372,-370,42.5,21,
revolt of datames,-372,-360,39.5,34.7,
theban ally,-371,-338,38,22.4,
campanians,-370,-345,37.5,12.5,
revolt of ariobarzanes,-367,-362,40.7,27.5,
ambracia,-366,-295,37.5,22.5,
ikshvakus,-364,-362,27.5,82.5,
kasheyas,-364,-364,24.9,82.5,
mithila,-364,-364,27.5,85,
revolt of autophradates,-364,-360,37.5,27.9,
revolt of mausolus,-364,-360,37.5,27.5,
revolt of orontes,-364,-360,40.1,42,
arcadian league,-363,-1,37.5,22.5,
callatis,-360,-1,42.5,27,
istros,-360,-314,44.1,27,
odrysia,-360,-1,42.5,26.4,
praeneste,-360,-341,42.5,15,
western odrysia,-360,-352,42.5,24,
bruttian league,-356,-268,38.4,17,
byzantium,-356,-1,42.5,27,
nanda empire,-356,-322,24.9,81,
revolt of artabazus,-356,-353,40.5,27.5,
paeonia,-352,-260,42.5,21,
euboea,-348,-310,37.5,22.5,
ardiaei,-346,-1,42.5,21,
locri,-346,-274,37.5,17.5,
revolt of hermias,-346,-342,37.5,27.5,
anti roman alliance,-341,-338,42.5,15,
abisara,-338,-326,32.5,75,
macedonian ally,-338,-322,37.9,26.3,
musicanus,-338,-325,27.5,67.5,
oxycanus,-338,-325,27.5,70,
pardabathra,-338,-325,22.9,67.5,
paurava,-338,-326,32.5,72.5,
taxila,-338,-326,33.9,72.5,
revolt of khababash,-336,-336,32.5,32.5,
nabataean kingdom,-331,-1,29.9,35.3,
cossaeans,-330,-324,32.5,47.5,
daoi,-330,-1,41.6,54,
gedrosia,-330,-325,29.4,61.5,
kappadokia,-330,-1,38.9,35.9,
karmania,-330,-325,30.4,56.5,
khorasmia,-330,-1,40.6,59.4,
kingdom of epirus,-330,-1,39.4,19.5,
margiana,-330,-328,34.9,65,
massagetai,-330,-1,42.5,62.9,
oreitai,-330,-325,26.9,67.5,
sambus,-330,-325,23.2,67.7,
anuradhapura,-326,-1,7.5,78.7,
chera,-326,-1,10,77.5,
chola,-326,-1,12.5,80,
pandya,-326,-1,10,77.5,
samnite ally,-326,-304,42.5,15.8,
sattyaputas,-326,-1,12.5,75,
maurya,-324,-322,31.1,75.2,
bithynia,-323,-1,42.5,30.3,
cyzicus,-323,-280,42.5,27,
hellenic league,-323,-322,37.8,23.1,
kingdom of armenia,-323,-1,38.9,41.1,
paphlagonia,-323,-1,40.6,32.8,
sinope,-323,-1,42.5,33,
bhojas,-322,-302,22.5,77.5,
maurya empire,-322,-1,23.7,81.4,
rathikas,-322,-300,20,72.5,
revolt of eumenes,-321,-320,37,35.1,
atropatene,-320,-1,39.3,47.1,
domain of amphimakhos,-320,-317,35.5,41.3,
domain of antigenes,-320,-317,30.8,49.1,
domain of asandros,-320,-315,37.5,27.6,
domain of cassander,-320,-306,38.5,23.1,
domain of eudemus,-320,-316,31.4,73.2,
domain of oxyartes,-320,-308,34.1,70.8,
domain of peithon,-320,-317,35.2,53.9,
domain of peithon (son of agenor),-320,-316,23.9,67.7,
domain of peukestas,-320,-316,28.6,53,
domain of philip,-320,-318,34.9,57.5,
domain of ptolemy,-320,-306,32.7,31.6,
domain of seleucus,-320,-306,31.4,55.2,
domain of sibyrtios,-320,-306,29.6,65.3,
domain of stasandros,-320,-316,33.1,61.8,
domain of stasanor,-320,-306,36.8,64.6,
domain of tlepolemos,-320,-316,30.8,58.4,
mercenaries under agathocles,-320,-316,37.5,15.3,
rhodos,-320,-1,37.5,27.5,
domain of antigonus,-319,-306,36.5,34.7,
allied armies of the eastern satraps,-318,-317,34.9,56.2,
domain of eumenes,-317,-316,33.8,52.8,
domain of polyperchon,-317,-315,37.5,22.9,
syracuse exiles,-316,-306,37.5,13.4,
ptolemaic ally,-315,-313,37.5,27.2,
domain of lysimakhos,-314,-306,42.9,26.5,
antigonid ally,-313,-290,37.6,23.5,
aetolian league,-310,-1,37.5,22.5,
antipatrid ally,-310,-306,41,27.2,
agathoclid ally,-308,-290,39,14,
antigonid kingdom,-306,-1,38.1,26.7,
kingdom of lysimakhos,-306,-281,40,26.3,
roman ally,-306,-1,41.3,14.3,
seleucid kingdom,-306,-1,35.6,42.6,
kingdom of syracuse,-304,-263,38,15.9,
mercenaries under cleonymus,-303,-302,40.9,17.4,
domain of mithridates,-301,-281,41.6,33.8,
megalopolis,-300,-272,37.5,22.5,
tegea,-300,-1,37.5,22.5,
epirote ally,-292,275,39.6,16.6,
ptolemaic kingdom,-290,-1,34.5,29.7,
mamertine mercenaries,-289,-288,37.5,17.5,
mamertines,-288,-263,37.5,16.1,
tauromenion,-288,-268,37.5,17.5,
imbros,-282,-1,42.5,27,
northern league,-282,-274,42.5,27.9,
seleucid ally,-282,-1,38.5,27.8,
macedon,-281,-277,39.9,23,
pontus,-281,-1,41.6,35,
achaean league,-280,-1,37.5,22.5,
illyrian kingdom,-279,-1,42,21.1,
kingdom of macedonia,-277,-1,39.5,22.8,
kingdom of tylis,-277,-1,42.5,27,
thrace,-277,-1,42.5,26,
heraklea pontica,-274,-1,42.5,33,
kios,-274,-1,42.5,27,
pergamon,-274,-1,37.5,27.5,
anti macedon alliance,-268,-262,37.5,23.3,
france,1990,1990,46.5,2.5,
germany,1990,1990,51.5,10.5,
united kingdom,1990,1990,55,-3,
great britain,1990,1990,55,-3,
uk,1990,1990,55,-3,
britain,1990,1990,55,-3,
england,1990,1990,53,-2,
scotland,1990,1990,57.5,-4.5,
wales,1990,1990,52.5,-4,
ireland,1990,1990,53.5,-8,
spain,1990,1990,40,-2.5,
portugal,1990,1990,39,-8,
italy,1990,1990,42,12.5,
greece,1990,1990,38.5,23.5,
turkey,1990,1990,39,35.5,
ukraine,1990,1990,48.5,31,
russia,1990,1990,60,105,
poland,1990,1990,52,19,
sweden,1990,1990,62,17.5,
norway,1990,1990,64,17.5,
finland,1990,1990,64.5,26,
denmark,1990,1990,56,11.5,
netherlands,1990,1990,52,5.5,
belgium,1990,1990,50.5,4.5,
switzerland,1990,1990,46.5,8.5,
austria,1990,1990,47.5,13.5,
hungary,1990,1990,47,19.5,
romania,1990,1990,46,26,
bulgaria,1990,1990,42.5,25.5,
serbia,1990,1990,44,21,
croatia,1990,1990,44.5,16.5,
czech republic,1990,1990,50,15.5,
slovakia,1990,1990,48.5,19.5,
albania,1990,1990,41,20,
north macedonia,1990,1990,41.5,21.5,
bosnia,1990,1990,44,17.5,
slovenia,1990,1990,46,15,
latvia,1990,1990,56.5,24.5,
lithuania,1990,1990,55,24,
estonia,1990,1990,58.5,24.5,
belarus,1990,1990,53.5,28,
moldova,1990,1990,47,29,
iceland,1990,1990,65,-19,
luxembourg,1990,1990,50,6,
egypt,1990,1990,27,31,
israel,1990,1990,31.5,35,
palestine,1990,1990,31.5,35,
jordan,1990,1990,31.5,37.5,
syria,1990,1990,35,39.5,
lebanon,1990,1990,34,36,
iraq,1990,1990,33.5,43.5,
iran,1990,1990,32.5,54,
saudi arabia,1990,1990,24,46,
yemen,1990,1990,15.5,49,
oman,1990,1990,20.5,56,
uae,1990,1990,24.5,53.5,
kuwait,1990,1990,29.5,48,
qatar,1990,1990,25.5,51,
bahrain,1990,1990,26,50.5,
afghanistan,1990,1990,34,68,
pakistan,1990,1990,30,69.5,
morocco,1990,1990,31.5,-6,
algeria,1990,1990,28,1.5,
libya,1990,1990,26.5,17.5,
tunisia,1990,1990,34,9.5,
sudan,1990,1990,15.5,31,
ethiopia,1990,1990,10.5,40.5,
somalia,1990,1990,5,46.5,
kenya,1990,1990,0,38,
tanzania,1990,1990,-6.5,35,
nigeria,1990,1990,9,8.5,
ghana,1990,1990,8,-1,
mali,1990,1990,17.5,0,
south africa,1990,1990,-28.5,24.5,
madagascar,1990,1990,-19,47.5,
congo,1990,1990,0,21.5,
angola,1990,1990,-11.5,18,
mozambique,1990,1990,-18.5,36.5,
zambia,1990,1990,-13,27.5,
zimbabwe,1990,1990,-19,29.5,
india,1990,1990,22.5,83,
china,1990,1990,36,104,
japan,1990,1990,38,137.5,
korea,1990,1990,38,128,
north korea,1990,1990,40,127.5,
south korea,1990,1990,36.5,127.5,
mongolia,1990,1990,46.5,103.5,
vietnam,1990,1990,16,106,
thailand,1990,1990,13,101.5,
myanmar,1990,1990,19.5,97,
burma,1990,1990,19.5,97,
cambodia,1990,1990,12.5,105,
laos,1990,1990,18,104,
indonesia,1990,1990,-2.5,118,
malaysia,1990,1990,4,110,
philippines,1990,1990,12.5,121.5,
uzbekistan,1990,1990,41.5,65,
kazakhstan,1990,1990,48,68.5,
georgia,1990,1990,42.5,43.5,
armenia,1990,1990,40,45,
azerbaijan,1990,1990,40,47.5,
nepal,1990,1990,28.5,84.5,
bangladesh,1990,1990,23.5,90.5,
sri lanka,1990,1990,8,81,
ceylon,1990,1990,8,81,
usa,1990,1990,37,-96,
united states,1990,1990,37,-96,
us,1990,1990,37,-96,
america,1990,1990,37,-96,
canada,1990,1990,62.5,-96.5,
mexico,1990,1990,23.5,-102.5,
brazil,1990,1990,-14,-54.5,
argentina,1990,1990,-38.5,-63.5,
chile,1990,1990,-36.5,-71,
peru,1990,1990,-9.5,-75,
colombia,1990,1990,4,-72.5,
venezuela,1990,1990,6.5,-66.5,
cuba,1990,1990,21.5,-79.5,
andorra,1990,,42.5,3,
antarctica,1990,,-75,32.5,
antigua and barbuda,1990,,17.5,-62.5,
australia,1990,,-30,121,
bahamas,1990,,25,-77.5,
barbados,1990,,12.5,-57.5,
belize,1990,,17.5,-87.5,
benin,1990,,10,2.5,
bhutan,1990,,27.5,90,
bolivia,1990,,-15,-62.5,
bosnia and herzegovina,1990,,45,18,
botswana,1990,,-22.5,22.5,
brunei,1990,,5,115,
burkina faso,1990,,12.5,-2.5,
burundi,1990,,-2.5,30,
cameroon,1990,,7.5,12.5,
cape verde,1990,,15,-25,
central african republic,1990,,7.5,20,
chad,1990,,15,17.5,
comoros,1990,,-12.5,45,
costa rica,1990,,10,-85,
cyprus,1990,,35,32.5,
côte d'ivoire,1990,,7.5,-5,
djibouti,1990,,12.5,42.5,
dominica,1990,,17.5,-62.5,
dominican republic,1990,,17.5,-70,
ecuador,1990,,0,-85,
el salvador,1990,,12.5,-90,
equatorial guinea,1990,,0,10,
eritrea,1990,,15,40,
fiji,1990,,-17.5,180,
gabon,1990,,0,10,
gambia,1990,,12.5,-15,
grenada,1990,,12.5,-62.5,
guatemala,1990,,15,-90,
guinea,1990,,10,-12.5,
guinea bissau,1990,,12.5,-15,
guyana,1990,,5,-60,
haiti,1990,,20,-72.5,
honduras,1990,,15,-85,
jamaica,1990,,17.5,-77.5,
kiribati,1990,,-5,2.5,
kyrgyzstan,1990,,40,74.5,
leichtenstein,1990,,47.5,9,
lesotho,1990,,-30,27.5,
liberia,1990,,5,-10,
macedonia,1990,,42.5,21,
malawi,1990,,-12.5,35,
maldives,1990,,2.5,72.5,
malta,1990,,37.5,12.5,
marshall islands,1990,,7.5,167.5,
mauritania,1990,,20,-10,
mauritius,1990,,-17.5,60,
micronesia,1990,,10,150,
namibia,1990,,-22.5,20,
nauru,1990,,-2.5,167.5,
new zealand,1990,,-30,8,
nicaragua,1990,,15,-85,
niger,1990,,17.5,10,
palau,1990,,5,132.5,
panama,1990,,7.5,-80,
papua new guinea,1990,,-7.5,150,
paraguay,1990,,-22.5,-57.5,
rwanda,1990,,-2.5,30,
samoa,1990,,-12.5,-172.5,
san marino,1990,,42.5,15,
senegal,1990,,15,-15,
seychelles,1990,,-7.5,52.5,
sierra leone,1990,,10,-12.5,
singapore,1990,,2.5,102.5,
solomon islands,1990,,-10,162.5,
spratly islands,1990,,10,115,
st. kitts and nevis,1990,,17.5,-62.5,
st. lucia,1990,,12.5,-62.5,
st. vincent and the grenadines,1990,,12.5,-62.5,
suriname,1990,,5,-55,
swaziland,1990,,-27.5,32.5,
são tomé and príncipe,1990,,0,7.5,
taiwan,1990,,25,120,
tajikistan,1990,,40,72.5,
the netherlands,1990,,32.5,-33.5,
togo,1990,,10,0,
tonga,1990,,-20,5,
trinidad and tobago,1990,,12.5,-62.5,
turkmenistan,1990,,40,59,
turks and caicos islands,1990,,22.5,-72.5,
tuvalu,1990,,-7.5,177.5,
uganda,1990,,0,32.5,
united arab emirates,1990,,25,55,
uruguay,1990,,-35,-55,
vanuatu,1990,,-17.5,170,
yugoslavia,1990,,45,21,
zaire,1990,,-2.5,22.5,
europe,,,53,10,
akkad,,,34,44.5,DELETE
babylon,,,32.5,44.5,DELETE
assyria,,,36,43,DELETE
nineveh,,,36.5,43.5,DELETE
carthage (city),,,36.5,10,DELETE
north africa,,,26.5,9.5,
sub-saharan africa,,,-7.5,17,
horn of africa,,,10,45,
indus valley,,,29,72,
caucasus,,,41,44,
central asia,,,45,67.5,
assyrian revolt,,,35,42.5,
celtic mercenaries,,,40,26.5,
clan warfare,,,37.5,117.5,
dayenu,,,37.5,42.5,
delphi,,,37.5,22.5,
domain of philoxenos,,,37.5,35,
egypt: revolt of amasis,,,32.5,27.5,
greek mercenaries,,,35,32.5,
ji(5),,,40,117,
kuai,,,32.5,112.5,
lullubi,,,37.5,45,
mercenaries of bithynia,,,42.5,30,
mercenaries under amyntas,,,30,35,
mercenaries under harpalus,,,37.5,27.5,
mercenaries under leosthenes,,,37.5,22.5,
mercenaries under phalaecus,,,37.5,25,
mercenaries under thibron,,,35,22.5,
mutinous troops,,,42.5,15,
nairi,,,37.5,42.5,
parthia,,,35,57.5,
persian revolt,,,30,57.5,
pirate mercenaries,,,40,29,
pirates,,,37.5,25,
plebian secession,,,42.5,15,
revolt of antigonus,,,37.5,30,
revolt of antipater,,,40,24,
revolt of cyrus the younger,,,35,35,
revolt of luan,,,37.5,112.5,
revolt of lysimachus,,,42.5,24,
revolt of ptolemy,,,30,27.5,
zahara,,,30,52.5,
