Entity,Old WHE URL,API URL,API Title,Score,Change
afghanistan,https://www.worldhistory.org/Afghanistan/,https://www.worldhistory.org/Ancient_Afghanistan/,Ancient Afghanistan,1659374,replaced
amorites,https://www.worldhistory.org/Amorites/,https://www.worldhistory.org/amorite/,Amorite,1372042,replaced
ancient china,https://www.worldhistory.org/Ancient_China/,https://www.worldhistory.org/china/,Ancient China,3845149,replaced
ancient egypt,https://www.worldhistory.org/Ancient_Egypt/,https://www.worldhistory.org/egypt/,Ancient Egypt,3834526,replaced
ancient greece,https://www.worldhistory.org/Ancient_Greece/,https://www.worldhistory.org/greece/,Ancient Greece,3645034,replaced
ancient india,https://www.worldhistory.org/Ancient_India/,https://www.worldhistory.org/india/,Ancient India,3813044,replaced
ancient rome,https://www.worldhistory.org/Ancient_Rome/,https://www.worldhistory.org/Rome/,Ancient Rome,3607500,replaced
argos,https://www.worldhistory.org/Argos/,https://www.worldhistory.org/argos/,Ancient Argos,2452634,replaced
armenia,https://www.worldhistory.org/Armenia/,https://www.worldhistory.org/armenia/,Ancient Armenia,2844582,replaced
assyria,https://www.worldhistory.org/Assyria/,https://www.worldhistory.org/assyria/,Assyria,4807937,replaced
babylon,https://www.worldhistory.org/Babylon/,https://www.worldhistory.org/babylon/,Babylon,4681170,replaced
canaan,https://www.worldhistory.org/Canaan/,https://www.worldhistory.org/canaan/,Canaan,5315209,replaced
carthage,https://www.worldhistory.org/Carthage/,https://www.worldhistory.org/carthage/,Carthage,5429578,replaced
celts,https://www.worldhistory.org/Celts/,https://www.worldhistory.org/celt/,Ancient Celts,1199963,replaced
china,https://www.worldhistory.org/China/,https://www.worldhistory.org/china/,Ancient China,2248986,replaced
corcyra,https://www.worldhistory.org/Corcyra/,https://www.worldhistory.org/corcyra/,Corcyra,4524467,replaced
cyprus,https://www.worldhistory.org/Cyprus/,https://www.worldhistory.org/cyprus/,Ancient Cyprus,1501203,replaced
delphi,https://www.worldhistory.org/Delphi/,https://www.worldhistory.org/delphi/,Delphi,4405935,replaced
egypt,https://www.worldhistory.org/Egypt/,https://www.worldhistory.org/egypt/,Ancient Egypt,2086728,replaced
elam,https://www.worldhistory.org/Elam/,https://www.worldhistory.org/elam/,Elam,5032670,replaced
europe,https://www.worldhistory.org/Europe/,https://www.worldhistory.org/europe/,Europe,4076942,replaced
gaul,https://www.worldhistory.org/Gaul/,https://www.worldhistory.org/gaul/,Gaul,4309631,replaced
greece,https://www.worldhistory.org/Greece/,https://www.worldhistory.org/greece/,Ancient Greece,1478984,replaced
hittites,https://www.worldhistory.org/Hittites/,https://www.worldhistory.org/hittite/,The Hittites,1342823,replaced
india,https://www.worldhistory.org/India/,https://www.worldhistory.org/india/,Ancient India,1999621,replaced
ireland,https://www.worldhistory.org/Ireland/,https://www.worldhistory.org/Ancient_Ireland/,Ancient Ireland,1583400,replaced
italy,https://www.worldhistory.org/Italy/,https://www.worldhistory.org/italy/,Italy,3861607,replaced
japan,https://www.worldhistory.org/Japan/,https://www.worldhistory.org/Ancient_Japan/,Ancient Japan,1013006,replaced
jerusalem,https://www.worldhistory.org/Jerusalem/,https://www.worldhistory.org/jerusalem/,Jerusalem,4495708,replaced
kingdom of israel,https://www.worldhistory.org/Kingdom_Of_Israel/,https://www.worldhistory.org/Kingdom_of_Israel/,Kingdom of Israel,5216555,replaced
kingdom of kush,https://www.worldhistory.org/Kingdom_Of_Kush/,https://www.worldhistory.org/Kush/,The Kingdom of Kush,2210050,replaced
lesbos,https://www.worldhistory.org/Lesbos/,https://www.worldhistory.org/lesbos/,Lesbos,4934590,replaced
levant,https://www.worldhistory.org/Levant/,https://www.worldhistory.org/levant/,Levant,4034751,replaced
lydia,https://www.worldhistory.org/Lydia/,https://www.worldhistory.org/lydia/,Lydia,4771695,replaced
macedon,https://www.worldhistory.org/Macedon/,https://www.worldhistory.org/macedon/,Macedon,4678609,replaced
nineveh,https://www.worldhistory.org/Nineveh/,https://www.worldhistory.org/nineveh/,Nineveh,4935375,replaced
palestine,https://www.worldhistory.org/Palestine/,https://www.worldhistory.org/palestine/,Palestine,4916638,replaced
pergamon,https://www.worldhistory.org/Pergamon/,https://www.worldhistory.org/pergamon/,Pergamon,4927620,replaced
persepolis,https://www.worldhistory.org/Persepolis/,https://www.worldhistory.org/persepolis/,Persepolis,4718887,replaced
phoenicia,https://www.worldhistory.org/Phoenicia/,https://www.worldhistory.org/phoenicia/,Phoenicia,5149410,replaced
punt,https://www.worldhistory.org/Punt/,https://www.worldhistory.org/punt/,Punt,7225386,replaced
samos,https://www.worldhistory.org/Samos/,https://www.worldhistory.org/samos/,Samos,4958818,replaced
sumer,https://www.worldhistory.org/Sumer/,https://www.worldhistory.org/sumer/,Sumer,4760280,replaced
syracuse,https://www.worldhistory.org/Syracuse/,https://www.worldhistory.org/syracuse/,Syracuse,4627592,replaced
syria,https://www.worldhistory.org/Syria/,https://www.worldhistory.org/syria/,Ancient Syria,1745405,replaced
tartessos,https://www.worldhistory.org/Tartessos/,https://www.worldhistory.org/tartessos/,Tartessos,5319142,replaced
taxila,https://www.worldhistory.org/Taxila/,https://www.worldhistory.org/taxila/,Taxila,5169149,replaced
ur,https://www.worldhistory.org/Ur/,https://www.worldhistory.org/ur/,Ur,3742305,replaced
achaea,https://www.worldhistory.org/Achaea/,,,,kept
adena culture,https://www.worldhistory.org/Adena_Culture/,https://www.worldhistory.org/Serpent_Mound/,Serpent Mound,1490278,kept
aetolia,https://www.worldhistory.org/Aetolia/,,,,kept
africa,https://www.worldhistory.org/Africa/,https://www.worldhistory.org/German_East_Africa/,German East Africa,929180,kept
akkad,https://www.worldhistory.org/Akkad/,https://www.worldhistory.org/akkad/,Akkad and the Akkadian Empire,2202930,kept
akkadian empire,https://www.worldhistory.org/Akkadian_Empire/,https://www.worldhistory.org/akkad/,Akkad and the Akkadian Empire,1423110,kept
akragas,https://www.worldhistory.org/Akragas/,,,,kept
albania,https://www.worldhistory.org/Albania/,https://www.worldhistory.org/article/1522/illyria---exploring-ancient-albania/,Illyria - Exploring Ancient Albania,844997,kept
alexandria,https://www.worldhistory.org/Alexandria/,https://www.worldhistory.org/alexandria/,"Alexandria, Egypt",2374952,kept
algeria,https://www.worldhistory.org/Algeria/,https://www.worldhistory.org/article/2179/the-splendours-of-roman-algeria/,The Splendours of Roman Algeria,852280,kept
americas,https://www.worldhistory.org/Americas/,https://www.worldhistory.org/European_Colonization_of_the_Americas/,European Colonization of the Americas,898399,kept
amurru,https://www.worldhistory.org/Amurru/,,,,kept
anatolia,https://www.worldhistory.org/Anatolia/,,,,kept
angola,https://www.worldhistory.org/Angola/,https://www.worldhistory.org/Portuguese_Angola/,Portuguese Angola,2442317,kept
antarctica,https://www.worldhistory.org/Antarctica/,,,,kept
antigonid kingdom,https://www.worldhistory.org/Antigonid_Kingdom/,,,,kept
apollonia,https://www.worldhistory.org/Apollonia/,,,,kept
arcadia,https://www.worldhistory.org/Arcadia/,,,,kept
arcadian league,https://www.worldhistory.org/Arcadian_League/,https://www.worldhistory.org/article/955/the-delian-league-part-6-the-decelean-war-and-the/,"The Delian League, Part 6: The Decelean War and the Fall of Athens (413/2-404/3 BCE)",1920539,kept
ardiaei,https://www.worldhistory.org/Ardiaei/,,,,kept
argentina,https://www.worldhistory.org/Argentina/,,,,kept
arzawa,https://www.worldhistory.org/Arzawa/,,,,kept
asia,https://www.worldhistory.org/Asia/,https://www.worldhistory.org/Asia_Minor/,Asia Minor,1136481,kept
australia,https://www.worldhistory.org/Australia/,https://www.worldhistory.org/article/1933/the-dutch-discovery-of-australia/,The Dutch Discovery of Australia,1287940,kept
austria,https://www.worldhistory.org/Austria/,https://www.worldhistory.org/Anschluss_of_Austria/,Anschluss,965631,kept
azerbaijan,https://www.worldhistory.org/Azerbaijan/,,,,kept
ba,https://www.worldhistory.org/Ba/,,,,kept
babylonia,https://www.worldhistory.org/Babylonia/,,,,kept
baghdad,https://www.worldhistory.org/Baghdad/,,,,kept
bahamas,https://www.worldhistory.org/Bahamas/,,,,kept
bangladesh,https://www.worldhistory.org/Bangladesh/,,,,kept
beijing,https://www.worldhistory.org/Beijing/,,,,kept
belarus,https://www.worldhistory.org/Belarus/,,,,kept
belgium,https://www.worldhistory.org/Belgium/,https://www.worldhistory.org/Commission_for_Relief_in_Belgium/,Commission for Relief in Belgium,1250033,kept
belize,https://www.worldhistory.org/Belize/,,,,kept
benin,https://www.worldhistory.org/Benin/,https://www.worldhistory.org/Kingdom_of_Benin/,Kingdom of Benin,3053048,kept
berlin,https://www.worldhistory.org/Berlin/,https://www.worldhistory.org/Berlin_Conference_1884-5/,Berlin Conference 1884-5,1286906,kept
bhutan,https://www.worldhistory.org/Bhutan/,https://www.worldhistory.org/article/1348/bhutan-land-of-the-thunder-dragon/,Bhutan: Land of the Thunder Dragon,1956318,kept
bithynia,https://www.worldhistory.org/Bithynia/,,,,kept
bo,https://www.worldhistory.org/Bo/,,,,kept
boeotia,https://www.worldhistory.org/Boeotia/,,,,kept
bolivia,https://www.worldhistory.org/Bolivia/,,,,kept
bosnia,https://www.worldhistory.org/Bosnia/,,,,kept
bosporan kingdom,https://www.worldhistory.org/Bosporan_Kingdom/,,,,kept
brazil,https://www.worldhistory.org/Brazil/,https://www.worldhistory.org/Portuguese_Brazil/,Portuguese Brazil,2642604,kept
britannia,https://www.worldhistory.org/Britannia/,,,,kept
bulgaria,https://www.worldhistory.org/Bulgaria/,,,,kept
cai,https://www.worldhistory.org/Cai/,,,,kept
cairo,https://www.worldhistory.org/Cairo/,,,,kept
cambodia,https://www.worldhistory.org/Cambodia/,,,,kept
campania,https://www.worldhistory.org/Campania/,,,,kept
canada,https://www.worldhistory.org/Canada/,https://www.worldhistory.org/article/2735/former-slave-narratives-from-canada/,Former Slave Narratives from Canada,1241291,kept
cao,https://www.worldhistory.org/Cao/,https://www.worldhistory.org/Cao_Cao/,Cao Cao,4883898,kept
cape verde,https://www.worldhistory.org/Cape_Verde/,https://www.worldhistory.org/article/1762/the-portuguese-colonization-of-cape-verde/,The Portuguese Colonization of Cape Verde,2452716,kept
carystus,https://www.worldhistory.org/Carystus/,,,,kept
caucasus,https://www.worldhistory.org/Caucasus/,,,,kept
central asia,https://www.worldhistory.org/Central_Asia/,,,,kept
chalcidian league,https://www.worldhistory.org/Chalcidian_League/,https://www.worldhistory.org/article/955/the-delian-league-part-6-the-decelean-war-and-the/,"The Delian League, Part 6: The Decelean War and the Fall of Athens (413/2-404/3 BCE)",1880524,kept
chalcis,https://www.worldhistory.org/Chalcis/,,,,kept
chen,https://www.worldhistory.org/Chen/,,,,kept
chile,https://www.worldhistory.org/Chile/,https://www.worldhistory.org/article/1542/indigenous-intercultural-health-in-chile/,Indigenous Intercultural Health in Chile,937689,kept
chios,https://www.worldhistory.org/Chios/,,,,kept
chola,https://www.worldhistory.org/Chola/,https://www.worldhistory.org/article/1992/chola-art--architecture/,Chola Art & Architecture,2021901,kept
chu,https://www.worldhistory.org/Chu/,https://www.worldhistory.org/Battle_of_Gaixia/,Battle of Gaixia,1072846,kept
cimmerians,https://www.worldhistory.org/Cimmerians/,,,,kept
civil war,https://www.worldhistory.org/Civil_War/,https://www.worldhistory.org/article/2867/civil-war-generals-in-the-mexican-american-war/,Civil War Generals in the Mexican-American War,1073272,kept
colchis,https://www.worldhistory.org/Colchis/,https://www.worldhistory.org/article/1192/colchis--iberia-in-antiquity/,Colchis & Iberia in Antiquity,1456814,kept
colombia,https://www.worldhistory.org/Colombia/,,,,kept
congo,https://www.worldhistory.org/Congo/,https://www.worldhistory.org/Belgian_Congo/,Belgian Congo,3677032,kept
corinthia,https://www.worldhistory.org/Corinthia/,,,,kept
costa rica,https://www.worldhistory.org/Costa_Rica/,https://www.worldhistory.org/article/1396/interview-costa-ricas-jade-museum/,Interview: Costa Rica's Jade Museum,3900019,kept
croatia,https://www.worldhistory.org/Croatia/,https://www.worldhistory.org/article/1787/exploring-classical-pula-croatia/,"Exploring Classical Pula, Croatia",917258,kept
croton,https://www.worldhistory.org/Croton/,,,,kept
cuba,https://www.worldhistory.org/Cuba/,,,,kept
cyzicus,https://www.worldhistory.org/Cyzicus/,,,,kept
czech republic,https://www.worldhistory.org/Czech_Republic/,,,,kept
dai,https://www.worldhistory.org/Dai/,,,,kept
dan,https://www.worldhistory.org/Dan/,,,,kept
dao,https://www.worldhistory.org/Dao/,,,,kept
delhi,https://www.worldhistory.org/Delhi/,https://www.worldhistory.org/Delhi_Durbar/,Delhi Durbar,1424563,kept
denmark,https://www.worldhistory.org/Denmark/,https://www.worldhistory.org/Denmark_Vesey/,Denmark Vesey,1485617,kept
di,https://www.worldhistory.org/Di/,,,,kept
di(2),https://www.worldhistory.org/Di(2)/,,,,kept
dilmun,https://www.worldhistory.org/Dilmun/,,,,kept
doris,https://www.worldhistory.org/Doris/,,,,kept
du,https://www.worldhistory.org/Du/,,,,kept
dun,https://www.worldhistory.org/Dun/,https://www.worldhistory.org/article/2480/the-dun-horse/,The Dun Horse,1500282,kept
e,https://www.worldhistory.org/E/,,,,kept
ecuador,https://www.worldhistory.org/Ecuador/,,,,kept
elis,https://www.worldhistory.org/Elis/,,,,kept
england,https://www.worldhistory.org/England/,,,,kept
er,https://www.worldhistory.org/Er/,,,,kept
eretria,https://www.worldhistory.org/Eretria/,,,,kept
eritrea,https://www.worldhistory.org/Eritrea/,https://www.worldhistory.org/article/2695/italian-colonialism-in-eritrea/,Italian Colonialism in Eritrea,2142734,kept
estonia,https://www.worldhistory.org/Estonia/,,,,kept
ethiopia,https://www.worldhistory.org/Ethiopia/,https://www.worldhistory.org/Italo-Ethiopian_Wars/,Italo-Ethiopian Wars,1009985,kept
etruria,https://www.worldhistory.org/Etruria/,,,,kept
etruscans,https://www.worldhistory.org/Etruscans/,,,,kept
euboea,https://www.worldhistory.org/Euboea/,,,,kept
eurasia,https://www.worldhistory.org/Eurasia/,,,,kept
fan,https://www.worldhistory.org/Fan/,,,,kept
fan(2),https://www.worldhistory.org/Fan(2)/,,,,kept
fiji,https://www.worldhistory.org/Fiji/,,,,kept
france,https://www.worldhistory.org/France/,,,,kept
gandhara,https://www.worldhistory.org/Gandhara/,https://www.worldhistory.org/Gandhara_Civilization/,Gandhara Civilization,2375827,kept
gao,https://www.worldhistory.org/Gao/,,,,kept
ge,https://www.worldhistory.org/Ge/,,,,kept
geng,https://www.worldhistory.org/Geng/,,,,kept
georgia,https://www.worldhistory.org/Georgia/,https://www.worldhistory.org/Queen_Tamar/,Tamar of Georgia,1230404,kept
germania,https://www.worldhistory.org/Germania/,,,,kept
germany,https://www.worldhistory.org/Germany/,https://www.worldhistory.org/article/2901/how-germany-lost-world-war-i/,How Germany Lost World War I,878346,kept
ghana,https://www.worldhistory.org/Ghana/,https://www.worldhistory.org/Ghana_Empire/,Ghana Empire,2694118,kept
gilead,https://www.worldhistory.org/Gilead/,,,,kept
gilzanu,https://www.worldhistory.org/Gilzanu/,,,,kept
great britain,https://www.worldhistory.org/Great_Britain/,https://www.worldhistory.org/SS_Great_Britain/,SS Great Britain,929656,kept
greeks,https://www.worldhistory.org/Greeks/,,,,kept
gu,https://www.worldhistory.org/Gu/,,,,kept
gu(2),https://www.worldhistory.org/Gu(2)/,,,,kept
guatemala,https://www.worldhistory.org/Guatemala/,,,,kept
gui,https://www.worldhistory.org/Gui/,,,,kept
guti,https://www.worldhistory.org/Guti/,,,,kept
haiti,https://www.worldhistory.org/Haiti/,,,,kept
han,https://www.worldhistory.org/Han/,https://www.worldhistory.org/Han_Dynasty/,Han Dynasty,1983373,kept
han(2),https://www.worldhistory.org/Han(2)/,,,,kept
hann,https://www.worldhistory.org/Hann/,,,,kept
himera,https://www.worldhistory.org/Himera/,,,,kept
horn of africa,https://www.worldhistory.org/Horn_Of_Africa/,,,,kept
hu,https://www.worldhistory.org/Hu/,,,,kept
hua,https://www.worldhistory.org/Hua/,,,,kept
hungary,https://www.worldhistory.org/Hungary/,,,,kept
iceland,https://www.worldhistory.org/Iceland/,https://www.worldhistory.org/article/1310/the-vikings-in-iceland/,The Vikings in Iceland,1742394,kept
indonesia,https://www.worldhistory.org/Indonesia/,,,,kept
indus valley,https://www.worldhistory.org/Indus_Valley/,https://www.worldhistory.org/Indus_Valley_Civilization/,Indus Valley Civilization,2371922,kept
ionian league,https://www.worldhistory.org/Ionian_League/,https://www.worldhistory.org/article/955/the-delian-league-part-6-the-decelean-war-and-the/,"The Delian League, Part 6: The Decelean War and the Fall of Athens (413/2-404/3 BCE)",1992632,kept
iran,https://www.worldhistory.org/Iran/,,,,kept
iraq,https://www.worldhistory.org/Iraq/,https://www.worldhistory.org/article/1364/the-iraq-museum--three-wars-three-steps-from-hell/,The Iraq Museum & Three Wars: Three Steps from Hell,943966,kept
israel,https://www.worldhistory.org/Israel/,https://www.worldhistory.org/article/850/mesopotamian-effects-on-israel-during-the-iron-age/,Mesopotamian Effects on Israel During the Iron Age,1206565,kept
istanbul,https://www.worldhistory.org/Istanbul/,,,,kept
ji(6),https://www.worldhistory.org/Ji(6)/,,,,kept
jia,https://www.worldhistory.org/Jia/,https://www.worldhistory.org/article/1425/war-of-the-eight-princes/,War of the Eight Princes,1236615,kept
jin,https://www.worldhistory.org/Jin/,https://www.worldhistory.org/Jurchen_Jin_Dynasty/,Jurchen Jin Dynasty,1847225,kept
ju,https://www.worldhistory.org/Ju/,,,,kept
judah,https://www.worldhistory.org/Judah/,,,,kept
judea,https://www.worldhistory.org/Judea/,https://www.worldhistory.org/article/1943/legions-of-judea/,Legions of Judea,900716,kept
jun,https://www.worldhistory.org/Jun/,,,,kept
kassites,https://www.worldhistory.org/Kassites/,,,,kept
kazakhstan,https://www.worldhistory.org/Kazakhstan/,,,,kept
kenya,https://www.worldhistory.org/Kenya/,https://www.worldhistory.org/Mau_Mau_Rebellion/,Mau Mau Rebellion,1061510,kept
kingdom of cyrene,https://www.worldhistory.org/Kingdom_Of_Cyrene/,https://www.worldhistory.org/cyrene/,Cyrene,1995922,kept
kingdom of macedon,https://www.worldhistory.org/Kingdom_Of_Macedon/,https://www.worldhistory.org/macedon/,Macedon,913669,kept
kios,https://www.worldhistory.org/Kios/,,,,kept
kui,https://www.worldhistory.org/Kui/,,,,kept
lagash,https://www.worldhistory.org/Lagash/,,,,kept
laos,https://www.worldhistory.org/Laos/,,,,kept
latvia,https://www.worldhistory.org/Latvia/,,,,kept
lebanon,https://www.worldhistory.org/Lebanon/,https://www.worldhistory.org/article/1545/ancient-handicrafts-in-rural-lebanon/,Ancient Handicrafts in Rural Lebanon,1024104,kept
li,https://www.worldhistory.org/Li/,,,,kept
li(2),https://www.worldhistory.org/Li(2)/,,,,kept
li(3),https://www.worldhistory.org/Li(3)/,,,,kept
liang,https://www.worldhistory.org/Liang/,,,,kept
liao,https://www.worldhistory.org/Liao/,https://www.worldhistory.org/Khitan/,Khitan,841313,kept
liao(2),https://www.worldhistory.org/Liao(2)/,,,,kept
libya,https://www.worldhistory.org/Libya/,https://www.worldhistory.org/article/2722/italian-colonialism-in-libya/,Italian Colonialism in Libya,1234383,kept
lithuania,https://www.worldhistory.org/Lithuania/,https://www.worldhistory.org/article/2754/why-poland-lithuania-disappeared/,Why Poland-Lithuania Disappeared,2194993,kept
liu,https://www.worldhistory.org/Liu/,https://www.worldhistory.org/Battle_of_Gaixia/,Battle of Gaixia,1087164,kept
london,https://www.worldhistory.org/London/,https://www.worldhistory.org/London_Blitz/,London Blitz,911708,kept
lu,https://www.worldhistory.org/Lu/,,,,kept
lu(2),https://www.worldhistory.org/Lu(2)/,,,,kept
lu(3),https://www.worldhistory.org/Lu(3)/,,,,kept
lukka,https://www.worldhistory.org/Lukka/,,,,kept
luo,https://www.worldhistory.org/Luo/,,,,kept
lynkestis,https://www.worldhistory.org/Lynkestis/,https://www.worldhistory.org/Herakleia_Lynkestis/,Herakleia Lynkestis,2014512,kept
macedonia,https://www.worldhistory.org/Macedonia/,,,,kept
madagascar,https://www.worldhistory.org/Madagascar/,,,,kept
magadha,https://www.worldhistory.org/Magadha/,https://www.worldhistory.org/Magadha_Kingdom/,Magadha Kingdom,2565428,kept
magnesia,https://www.worldhistory.org/Magnesia/,,,,kept
malaysia,https://www.worldhistory.org/Malaysia/,,,,kept
mali,https://www.worldhistory.org/Mali/,https://www.worldhistory.org/Mali_Empire/,Mali Empire,2619985,kept
malla,https://www.worldhistory.org/Malla/,,,,kept
malta,https://www.worldhistory.org/Malta/,https://www.worldhistory.org/article/1678/the-megalithic-temples-of-malta/,The Megalithic Temples of Malta,1194620,kept
mao,https://www.worldhistory.org/Mao/,,,,kept
mao(2),https://www.worldhistory.org/Mao(2)/,,,,kept
margiana,https://www.worldhistory.org/Margiana/,,,,kept
marsi,https://www.worldhistory.org/Marsi/,,,,kept
masa,https://www.worldhistory.org/Masa/,,,,kept
mauritius,https://www.worldhistory.org/Mauritius/,,,,kept
maurya,https://www.worldhistory.org/Maurya/,https://www.worldhistory.org/Chandragupta_Maurya/,Chandragupta Maurya,1149775,kept
maurya empire,https://www.worldhistory.org/Maurya_Empire/,https://www.worldhistory.org/Chandragupta_Maurya/,Chandragupta Maurya,963841,kept
maya,https://www.worldhistory.org/Maya/,https://www.worldhistory.org/Maya_Civilization/,Maya Civilization,2151197,kept
media,https://www.worldhistory.org/Media/,,,,kept
megalopolis,https://www.worldhistory.org/Megalopolis/,,,,kept
mexico,https://www.worldhistory.org/Mexico/,,,,kept
micronesia,https://www.worldhistory.org/Micronesia/,,,,kept
middle assyrian empire,https://www.worldhistory.org/Middle_Assyrian_Empire/,https://www.worldhistory.org/assyria/,Assyria,1137400,kept
middle east,https://www.worldhistory.org/Middle_East/,,,,kept
mongolia,https://www.worldhistory.org/Mongolia/,,,,kept
morocco,https://www.worldhistory.org/Morocco/,https://www.worldhistory.org/article/2129/exploring-roman-morocco/,Exploring Roman Morocco,1102704,kept
moscow,https://www.worldhistory.org/Moscow/,https://www.worldhistory.org/article/2686/battle-of-moscow-in-1941-2/,Battle of Moscow in 1941-2,1491703,kept
mou,https://www.worldhistory.org/Mou/,,,,kept
mozambique,https://www.worldhistory.org/Mozambique/,https://www.worldhistory.org/article/1798/the-portuguese-in-east-africa/,The Portuguese in East Africa,1017165,kept
musri,https://www.worldhistory.org/Musri/,,,,kept
neo assyrian empire,https://www.worldhistory.org/Neo_Assyrian_Empire/,https://www.worldhistory.org/Neo-Assyrian_Empire/,Neo-Assyrian Empire,1567271,kept
neo-babylonian empire,https://www.worldhistory.org/Neo-Babylonian_Empire/,https://www.worldhistory.org/Neo-Assyrian_Empire/,Neo-Assyrian Empire,877141,kept
nepal,https://www.worldhistory.org/Nepal/,,,,kept
netherlands,https://www.worldhistory.org/Netherlands/,,,,kept
new york,https://www.worldhistory.org/New_York/,https://www.worldhistory.org/article/2364/new-york-and-new-jersey-campaign/,New York and New Jersey Campaign,1331887,kept
nigeria,https://www.worldhistory.org/Nigeria/,,,,kept
nile valley,https://www.worldhistory.org/Nile_Valley/,https://www.worldhistory.org/nile/,Nile,843137,kept
north africa,https://www.worldhistory.org/North_Africa/,https://www.worldhistory.org/article/1331/north-africas-place-in-the-mediterranean-economy-o/,North Africa’s Place in the Mediterranean Economy of Late Antiquity,1400707,kept
north america,https://www.worldhistory.org/North_America/,https://www.worldhistory.org/Pre-Colonial_North_America/,Pre-Colonial North America,971822,kept
north korea,https://www.worldhistory.org/North_Korea/,https://www.worldhistory.org/article/1134/interview-buddhism-in-korea/,Interview: Buddhism in Korea,1050288,kept
norway,https://www.worldhistory.org/Norway/,https://www.worldhistory.org/article/1817/bergen---visiting-the-hanseatic-trading-town-on-th/,Bergen – Visiting the Hanseatic Trading Town on the West Coast of Norway,913708,kept
nubia,https://www.worldhistory.org/Nubia/,,,,kept
oceania,https://www.worldhistory.org/Oceania/,,,,kept
oman,https://www.worldhistory.org/Oman/,https://www.worldhistory.org/article/1329/oman-the-land-of-frankincense---tony-walsh/,Oman: The Land of Frankincense - Tony Walsh,2313724,kept
pakistan,https://www.worldhistory.org/Pakistan/,,,,kept
paris,https://www.worldhistory.org/Paris/,https://www.worldhistory.org/Paris_Peace_Conference/,Paris Peace Conference,991683,kept
parthia,https://www.worldhistory.org/Parthia/,https://www.worldhistory.org/Parthia_(Empire)/,Parthia (Empire),1976895,kept
persian empire,https://www.worldhistory.org/Persian_Empire/,https://www.worldhistory.org/Persian_Literature/,Persian Literature,879838,kept
peru,https://www.worldhistory.org/Peru/,,,,kept
philippines,https://www.worldhistory.org/Philippines/,,,,kept
phoenicians,https://www.worldhistory.org/Phoenicians/,https://www.worldhistory.org/article/897/the-phoenicians---master-mariners/,The Phoenicians - Master Mariners,1175031,kept
pi,https://www.worldhistory.org/Pi/,,,,kept
picenum,https://www.worldhistory.org/Picenum/,,,,kept
pirates,https://www.worldhistory.org/Pirates/,https://www.worldhistory.org/Piracy/,Pirates in the Ancient Mediterranean,1766082,kept
poland,https://www.worldhistory.org/Poland/,https://www.worldhistory.org/article/2754/why-poland-lithuania-disappeared/,Why Poland-Lithuania Disappeared,1574457,kept
pontus,https://www.worldhistory.org/Pontus/,,,,kept
portugal,https://www.worldhistory.org/Portugal/,https://www.worldhistory.org/article/1452/azulejos-the-visual-art-of-portugal/,Azulejos: The Visual Art of Portugal,914147,kept
poverty point culture,https://www.worldhistory.org/Poverty_Point_Culture/,https://www.worldhistory.org/Poverty_Point/,Poverty Point,1553858,kept
ptolemaic kingdom,https://www.worldhistory.org/Ptolemaic_Kingdom/,https://www.worldhistory.org/article/1256/the-economy-of-ptolemaic-egypt/,The Economy of Ptolemaic Egypt,1067040,kept
pu,https://www.worldhistory.org/Pu/,,,,kept
qi,https://www.worldhistory.org/Qi/,,,,kept
qi(2),https://www.worldhistory.org/Qi(2)/,,,,kept
qi(3),https://www.worldhistory.org/Qi(3)/,,,,kept
qin,https://www.worldhistory.org/Qin/,https://www.worldhistory.org/Qin_Dynasty/,Qin Dynasty,1869451,kept
qu,https://www.worldhistory.org/Qu/,,,,kept
quan,https://www.worldhistory.org/Quan/,,,,kept
que,https://www.worldhistory.org/Que/,,,,kept
ren,https://www.worldhistory.org/Ren/,,,,kept
revolt,https://www.worldhistory.org/Revolt/,https://www.worldhistory.org/Revolt_of_the_Parlements/,Revolt of the Parlements,925490,kept
rhegion,https://www.worldhistory.org/Rhegion/,,,,kept
rui,https://www.worldhistory.org/Rui/,,,,kept
russia,https://www.worldhistory.org/Russia/,https://www.worldhistory.org/Ivan_III_of_Russia/,Ivan III of Russia,1067789,kept
saba,https://www.worldhistory.org/Saba/,https://www.worldhistory.org/Kingdom_of_Saba/,Kingdom of Saba,2725660,kept
sakas,https://www.worldhistory.org/Sakas/,,,,kept
salamis,https://www.worldhistory.org/Salamis/,https://www.worldhistory.org/Battle_of_Salamis/,Battle of Salamis,994272,kept
samnites,https://www.worldhistory.org/Samnites/,,,,kept
samnium,https://www.worldhistory.org/Samnium/,,,,kept
samoa,https://www.worldhistory.org/Samoa/,,,,kept
saudi arabia,https://www.worldhistory.org/Saudi_Arabia/,,,,kept
scotland,https://www.worldhistory.org/Scotland/,https://www.worldhistory.org/Malcolm_III_of_Scotland/,Malcolm III of Scotland,1135405,kept
scythia,https://www.worldhistory.org/Scythia/,,,,kept
serbia,https://www.worldhistory.org/Serbia/,,,,kept
shang,https://www.worldhistory.org/Shang/,https://www.worldhistory.org/Shang_Dynasty/,Shang Dynasty,2216304,kept
shen,https://www.worldhistory.org/Shen/,,,,kept
shen(2),https://www.worldhistory.org/Shen(2)/,,,,kept
shi,https://www.worldhistory.org/Shi/,https://www.worldhistory.org/Shi_Huangdi/,Shi Huangdi,1861826,kept
shu,https://www.worldhistory.org/Shu/,,,,kept
shu(2),https://www.worldhistory.org/Shu(2)/,,,,kept
sicyon,https://www.worldhistory.org/Sicyon/,,,,kept
simurrum,https://www.worldhistory.org/Simurrum/,,,,kept
singapore,https://www.worldhistory.org/Singapore/,,,,kept
sinope,https://www.worldhistory.org/Sinope/,https://www.worldhistory.org/Diogenes_of_Sinope/,Diogenes of Sinope,945707,kept
slovakia,https://www.worldhistory.org/Slovakia/,,,,kept
slovenia,https://www.worldhistory.org/Slovenia/,,,,kept
sogdians,https://www.worldhistory.org/Sogdians/,,,,kept
somalia,https://www.worldhistory.org/Somalia/,,,,kept
song,https://www.worldhistory.org/Song/,https://www.worldhistory.org/Song_Dynasty/,Song Dynasty,1545236,kept
south africa,https://www.worldhistory.org/South_Africa/,https://www.worldhistory.org/article/2927/witwatersrand-gold--the-creation-of-south-africa/,Witwatersrand Gold & the Creation of South Africa,933109,kept
south america,https://www.worldhistory.org/South_America/,,,,kept
south korea,https://www.worldhistory.org/South_Korea/,https://www.worldhistory.org/article/1134/interview-buddhism-in-korea/,Interview: Buddhism in Korea,1068648,kept
spain,https://www.worldhistory.org/Spain/,,,,kept
sri lanka,https://www.worldhistory.org/Sri_Lanka/,https://www.worldhistory.org/article/1297/interview-bejeweled-sri-lanka/,Interview: Bejeweled Sri Lanka,4075477,kept
steppe,https://www.worldhistory.org/Steppe/,,,,kept
su,https://www.worldhistory.org/Su/,,,,kept
sudan,https://www.worldhistory.org/Sudan/,,,,kept
sui,https://www.worldhistory.org/Sui/,https://www.worldhistory.org/Sui_Dynasty/,Sui Dynasty,1899930,kept
sui(2),https://www.worldhistory.org/Sui(2)/,,,,kept
sweden,https://www.worldhistory.org/Sweden/,,,,kept
switzerland,https://www.worldhistory.org/Switzerland/,,,,kept
taiwan,https://www.worldhistory.org/Taiwan/,https://www.worldhistory.org/article/1820/interview-shung-ye-museum-of-formosan-aborigines/,Interview: Shung Ye Museum of Formosan Aborigines,1032527,kept
tan,https://www.worldhistory.org/Tan/,,,,kept
tan(2),https://www.worldhistory.org/Tan(2)/,,,,kept
tanagra,https://www.worldhistory.org/Tanagra/,,,,kept
tang,https://www.worldhistory.org/Tang/,https://www.worldhistory.org/Tang_Dynasty/,Tang Dynasty,1809629,kept
tanzania,https://www.worldhistory.org/Tanzania/,,,,kept
taras,https://www.worldhistory.org/Taras/,,,,kept
tarhuntassa,https://www.worldhistory.org/Tarhuntassa/,,,,kept
teng,https://www.worldhistory.org/Teng/,https://www.worldhistory.org/Teng_Shih/,Teng Shih,3290590,kept
terramare culture,https://www.worldhistory.org/Terramare_Culture/,,,,kept
thailand,https://www.worldhistory.org/Thailand/,,,,kept
the netherlands,https://www.worldhistory.org/The_Netherlands/,,,,kept
thebes,https://www.worldhistory.org/Thebes/,https://www.worldhistory.org/Thebes_(Egypt)/,Thebes (Egypt),1551561,kept
thessaly,https://www.worldhistory.org/Thessaly/,https://www.worldhistory.org/Thessaly_and_the_Duchy_of_Neopatras/,Thessaly and the Duchy of Neopatras,2266811,kept
thrace,https://www.worldhistory.org/Thrace/,https://www.worldhistory.org/article/1417/foreign-influences--imported-luxuries-in-thrace/,Foreign Influences & Imported Luxuries in Thrace,1120327,kept
tibur,https://www.worldhistory.org/Tibur/,,,,kept
tong,https://www.worldhistory.org/Tong/,,,,kept
triballi,https://www.worldhistory.org/Triballi/,,,,kept
tunisia,https://www.worldhistory.org/Tunisia/,https://www.worldhistory.org/article/2811/treasures-of-roman-tunisia/,Treasures of Roman Tunisia,868747,kept
turkey,https://www.worldhistory.org/Turkey/,,,,kept
ukraine,https://www.worldhistory.org/Ukraine/,,,,kept
umbria,https://www.worldhistory.org/Umbria/,,,,kept
umma,https://www.worldhistory.org/Umma/,,,,kept
united arab emirates,https://www.worldhistory.org/United_Arab_Emirates/,,,,kept
united kingdom,https://www.worldhistory.org/United_Kingdom/,,,,kept
united states,https://www.worldhistory.org/United_States/,https://www.worldhistory.org/article/2677/ten-great-slave-revolts-in-colonial-america-and-th/,Ten Great Slave Revolts in Colonial America and the United States,825561,kept
urartu,https://www.worldhistory.org/Urartu/,https://www.worldhistory.org/Urartu_Civilization/,Urartu Civilization,2027536,kept
uzbekistan,https://www.worldhistory.org/Uzbekistan/,,,,kept
veneti,https://www.worldhistory.org/Veneti/,,,,kept
venezuela,https://www.worldhistory.org/Venezuela/,,,,kept
vestini,https://www.worldhistory.org/Vestini/,,,,kept
vietnam,https://www.worldhistory.org/Vietnam/,,,,kept
volsci,https://www.worldhistory.org/Volsci/,,,,kept
wales,https://www.worldhistory.org/Wales/,https://www.worldhistory.org/article/2222/vikings-in-wales/,Vikings in Wales,997519,kept
wei,https://www.worldhistory.org/Wei/,,,,kept
wen,https://www.worldhistory.org/Wen/,,,,kept
wu,https://www.worldhistory.org/Wu/,,,,kept
xi,https://www.worldhistory.org/Xi/,,,,kept
xu,https://www.worldhistory.org/Xu/,,,,kept
xu(2),https://www.worldhistory.org/Xu(2)/,,,,kept
xun,https://www.worldhistory.org/Xun/,,,,kept
yan,https://www.worldhistory.org/Yan/,,,,kept
yan(2),https://www.worldhistory.org/Yan(2)/,,,,kept
yan(3),https://www.worldhistory.org/Yan(3)/,,,,kept
yang,https://www.worldhistory.org/Yang/,https://www.worldhistory.org/Yang_Zhu/,Yang Zhu,2303319,kept
yang(2),https://www.worldhistory.org/Yang(2)/,,,,kept
yemen,https://www.worldhistory.org/Yemen/,,,,kept
yi,https://www.worldhistory.org/Yi/,,,,kept
yong,https://www.worldhistory.org/Yong/,,,,kept
yu,https://www.worldhistory.org/Yu/,,,,kept
yu(2),https://www.worldhistory.org/Yu(2)/,,,,kept
yu(3),https://www.worldhistory.org/Yu(3)/,,,,kept
yue,https://www.worldhistory.org/Yue/,,,,kept
yuezhi,https://www.worldhistory.org/Yuezhi/,,,,kept
yugoslavia,https://www.worldhistory.org/Yugoslavia/,,,,kept
zambia,https://www.worldhistory.org/Zambia/,,,,kept
zeng,https://www.worldhistory.org/Zeng/,,,,kept
zeng(2),https://www.worldhistory.org/Zeng(2)/,,,,kept
zhao,https://www.worldhistory.org/Zhao/,,,,kept
zhen,https://www.worldhistory.org/Zhen/,,,,kept
zheng,https://www.worldhistory.org/Zheng/,https://www.worldhistory.org/Zheng_Yi/,Zheng Yi,2483302,kept
zhou,https://www.worldhistory.org/Zhou/,https://www.worldhistory.org/Zhou_Dynasty/,Zhou Dynasty,3041880,kept
zhou(2),https://www.worldhistory.org/Zhou(2)/,,,,kept
zhou(3),https://www.worldhistory.org/Zhou(3)/,,,,kept
zimbabwe,https://www.worldhistory.org/Zimbabwe/,https://www.worldhistory.org/Great_Zimbabwe/,Great Zimbabwe,2171484,kept
achaean league,https://www.worldhistory.org/Achaean_League/,https://www.worldhistory.org/Achaean_League/,Achaean League,5247811,confirmed
achaemenid empire,https://www.worldhistory.org/Achaemenid_Empire/,https://www.worldhistory.org/Achaemenid_Empire/,Achaemenid Empire,4799874,confirmed
aegina,https://www.worldhistory.org/Aegina/,https://www.worldhistory.org/Aegina/,Aegina,4760359,confirmed
aetolian league,https://www.worldhistory.org/Aetolian_League/,https://www.worldhistory.org/Aetolian_League/,Aetolian League,6795581,confirmed
asia minor,https://www.worldhistory.org/Asia_Minor/,https://www.worldhistory.org/Asia_Minor/,Asia Minor,5041511,confirmed
athens,https://www.worldhistory.org/Athens/,https://www.worldhistory.org/Athens/,Athens,4469303,confirmed
berbers,https://www.worldhistory.org/Berbers/,https://www.worldhistory.org/Berbers/,Berbers,4559911,confirmed
byzantine empire,https://www.worldhistory.org/Byzantine_Empire/,https://www.worldhistory.org/Byzantine_Empire/,Byzantine Empire,5742615,confirmed
byzantium,https://www.worldhistory.org/Byzantium/,https://www.worldhistory.org/Byzantium/,Byzantium,4297376,confirmed
cilicia,https://www.worldhistory.org/Cilicia/,https://www.worldhistory.org/Cilicia/,Cilicia,6130695,confirmed
constantinople,https://www.worldhistory.org/Constantinople/,https://www.worldhistory.org/Constantinople/,Constantinople,4509584,confirmed
delian league,https://www.worldhistory.org/Delian_League/,https://www.worldhistory.org/Delian_League/,Delian League,6144328,confirmed
fertile crescent,https://www.worldhistory.org/Fertile_Crescent/,https://www.worldhistory.org/Fertile_Crescent/,Fertile Crescent,5252110,confirmed
gela,https://www.worldhistory.org/Gela/,https://www.worldhistory.org/Gela/,Gela,5460622,confirmed
gojoseon,https://www.worldhistory.org/Gojoseon/,https://www.worldhistory.org/Gojoseon/,Gojoseon,5285914,confirmed
hurrians,https://www.worldhistory.org/Hurrians/,https://www.worldhistory.org/Hurrians/,Hurrians,5241128,confirmed
indus valley civilization,https://www.worldhistory.org/Indus_Valley_Civilization/,https://www.worldhistory.org/Indus_Valley_Civilization/,Indus Valley Civilization,6213696,confirmed
jordan,https://www.worldhistory.org/Jordan/,https://www.worldhistory.org/Jordan/,Ancient Jordan,1987276,confirmed
korea,https://www.worldhistory.org/Korea/,https://www.worldhistory.org/Korea/,Ancient Korea,2470168,confirmed
longshan culture,https://www.worldhistory.org/Longshan_Culture/,https://www.worldhistory.org/Longshan_Culture/,Longshan Culture,5894533,confirmed
mali empire,https://www.worldhistory.org/Mali_Empire/,https://www.worldhistory.org/Mali_Empire/,Mali Empire,6679801,confirmed
medes,https://www.worldhistory.org/Medes/,https://www.worldhistory.org/Medes/,Medes,4443550,confirmed
mesopotamia,https://www.worldhistory.org/Mesopotamia/,https://www.worldhistory.org/Mesopotamia/,Mesopotamia,4726976,confirmed
mongol empire,https://www.worldhistory.org/Mongol_Empire/,https://www.worldhistory.org/Mongol_Empire/,Mongol Empire,5585504,confirmed
naxos,https://www.worldhistory.org/Naxos/,https://www.worldhistory.org/Naxos/,Naxos,4708202,confirmed
near east,https://www.worldhistory.org/Near_East/,https://www.worldhistory.org/Near_East/,Near East,4387135,confirmed
neo-assyrian empire,https://www.worldhistory.org/Neo-Assyrian_Empire/,https://www.worldhistory.org/Neo-Assyrian_Empire/,Neo-Assyrian Empire,4528056,confirmed
ottoman empire,https://www.worldhistory.org/Ottoman_Empire/,https://www.worldhistory.org/Ottoman_Empire/,Ottoman Empire,5347600,confirmed
peloponnesian league,https://www.worldhistory.org/Peloponnesian_League/,https://www.worldhistory.org/Peloponnesian_League/,Peloponnesian League,5494542,confirmed
persia,https://www.worldhistory.org/Persia/,https://www.worldhistory.org/Persia/,Ancient Persia,1472049,confirmed
philistines,https://www.worldhistory.org/Philistines/,https://www.worldhistory.org/Philistines/,Philistines,5545450,confirmed
roman empire,https://www.worldhistory.org/Roman_Empire/,https://www.worldhistory.org/Roman_Empire/,Roman Empire,4278481,confirmed
roman republic,https://www.worldhistory.org/Roman_Republic/,https://www.worldhistory.org/Roman_Republic/,Roman Republic,4614991,confirmed
rome,https://www.worldhistory.org/Rome/,https://www.worldhistory.org/Rome/,Ancient Rome,1886947,confirmed
scythians,https://www.worldhistory.org/Scythians/,https://www.worldhistory.org/Scythians/,Scythians,4974955,confirmed
sea peoples,https://www.worldhistory.org/Sea_Peoples/,https://www.worldhistory.org/Sea_Peoples/,Sea Peoples,5111979,confirmed
shang dynasty,https://www.worldhistory.org/Shang_Dynasty/,https://www.worldhistory.org/Shang_Dynasty/,Shang Dynasty,5736873,confirmed
silk road,https://www.worldhistory.org/Silk_Road/,https://www.worldhistory.org/Silk_Road/,Silk Road,6306949,confirmed
slavs,https://www.worldhistory.org/Slavs/,https://www.worldhistory.org/Slavs/,Slavs,5326274,confirmed
tegea,https://www.worldhistory.org/Tegea/,https://www.worldhistory.org/Tegea/,Tegea,5133551,confirmed
utica,https://www.worldhistory.org/Utica/,https://www.worldhistory.org/Utica/,Utica,5088607,confirmed
xia dynasty,https://www.worldhistory.org/Xia_Dynasty/,https://www.worldhistory.org/Xia_Dynasty/,Xia Dynasty,5576114,confirmed
zhou dynasty,https://www.worldhistory.org/Zhou_Dynasty/,https://www.worldhistory.org/Zhou_Dynasty/,Zhou Dynasty,6729643,confirmed
aboriginal peoples,https://www.worldhistory.org/Aboriginal_Peoples/,https://www.worldhistory.org/Sea_Peoples/,Sea Peoples,815665,removed
achaeans,https://www.worldhistory.org/Achaeans/,,,,removed
aeolian league,https://www.worldhistory.org/Aeolian_League/,https://www.worldhistory.org/article/955/the-delian-league-part-6-the-decelean-war-and-the/,"The Delian League, Part 6: The Decelean War and the Fall of Athens (413/2-404/3 BCE)",1880524,removed
aeolians,https://www.worldhistory.org/Aeolians/,,,,removed
aequi,https://www.worldhistory.org/Aequi/,,,,removed
ainu,https://www.worldhistory.org/Ainu/,,,,removed
aitna,https://www.worldhistory.org/Aitna/,,,,removed
akkadian tributary,https://www.worldhistory.org/Akkadian_Tributary/,https://www.worldhistory.org/akkad/,Akkad and the Akkadian Empire,901312,removed
alasiya,https://www.worldhistory.org/Alasiya/,,,,removed
albanians,https://www.worldhistory.org/Albanians/,,,,removed
allied armies of the eastern satraps,https://www.worldhistory.org/Allied_Armies_Of_The_Eastern_Satraps/,https://www.worldhistory.org/Persian_Governor/,Ancient Persian Governors,1083071,removed
amazonian peoples,https://www.worldhistory.org/Amazonian_Peoples/,https://www.worldhistory.org/Sea_Peoples/,Sea Peoples,815665,removed
ambracia,https://www.worldhistory.org/Ambracia/,,,,removed
amorite ebla,https://www.worldhistory.org/Amorite_Ebla/,https://www.worldhistory.org/amorite/,Amorite,1726782,removed
amorite mari,https://www.worldhistory.org/Amorite_Mari/,https://www.worldhistory.org/mari/,Mari,3342354,removed
amorite tuttul,https://www.worldhistory.org/Amorite_Tuttul/,https://www.worldhistory.org/amorite/,Amorite,1526483,removed
andean peoples,https://www.worldhistory.org/Andean_Peoples/,https://www.worldhistory.org/Sea_Peoples/,Sea Peoples,815665,removed
andhra,https://www.worldhistory.org/Andhra/,,,,removed
anga,https://www.worldhistory.org/Anga/,,,,removed
anshan,https://www.worldhistory.org/Anshan/,,,,removed
antandros,https://www.worldhistory.org/Antandros/,,,,removed
anti macedon alliance,https://www.worldhistory.org/Anti_Macedon_Alliance/,https://www.worldhistory.org/macedon/,Macedon,887592,removed
anti roman alliance,https://www.worldhistory.org/Anti_Roman_Alliance/,,,,removed
anti spartan alliance,https://www.worldhistory.org/Anti_Spartan_Alliance/,https://www.worldhistory.org/article/123/spartan-women/,Spartan Women,1284901,removed
antigonid ally,https://www.worldhistory.org/Antigonid_Ally/,,,,removed
antigua and barbuda,https://www.worldhistory.org/Antigua_And_Barbuda/,,,,removed
anuradhapura,https://www.worldhistory.org/Anuradhapura/,,,,removed
arabia (ancient),https://www.worldhistory.org/Arabia_(ancient)/,,,,removed
arabian peninsula,https://www.worldhistory.org/Arabian_Peninsula/,,,,removed
arabs,https://www.worldhistory.org/Arabs/,,,,removed
aram damascus,https://www.worldhistory.org/Aram_Damascus/,https://www.worldhistory.org/article/1260/the-siege-of-damascus-1148-ce/,"The Siege of Damascus, 1148 CE",938097,removed
aram-naharim,https://www.worldhistory.org/Aram-Naharim/,,,,removed
aram-zobah,https://www.worldhistory.org/Aram-Zobah/,,,,removed
aramaeans,https://www.worldhistory.org/Aramaeans/,,,,removed
arctic marine mammal hunters,https://www.worldhistory.org/Arctic_Marine_Mammal_Hunters/,,,,removed
arctic peoples,https://www.worldhistory.org/Arctic_Peoples/,https://www.worldhistory.org/Sea_Peoples/,Sea Peoples,815665,removed
argaric culture,https://www.worldhistory.org/Argaric_Culture/,,,,removed
aryan people,https://www.worldhistory.org/Aryan_People/,https://www.worldhistory.org/Aryan/,Aryan,2010245,removed
assyrian kingdoms,https://www.worldhistory.org/Assyrian_Kingdoms/,,,,removed
assyrian revolt,https://www.worldhistory.org/Assyrian_Revolt/,https://www.worldhistory.org/assyria/,Assyria,819574,removed
athenian ally,https://www.worldhistory.org/Athenian_Ally/,,,,removed
atropatene,https://www.worldhistory.org/Atropatene/,,,,removed
austro-asiatic peoples,https://www.worldhistory.org/Austro-Asiatic_Peoples/,https://www.worldhistory.org/Sea_Peoples/,Sea Peoples,815665,removed
austronesians,https://www.worldhistory.org/Austronesians/,,,,removed
avanti,https://www.worldhistory.org/Avanti/,,,,removed
azzi-hayasa,https://www.worldhistory.org/Azzi-Hayasa/,https://www.worldhistory.org/Hayasa-Azzi/,Hayasa-Azzi,1281291,removed
babylon (city),https://www.worldhistory.org/Babylon_(city)/,https://www.worldhistory.org/babylon/,Babylon,1047022,removed
babylonia (chaldaeans),https://www.worldhistory.org/Babylonia_(chaldaeans)/,,,,removed
babylonia (isin dynasty),https://www.worldhistory.org/Babylonia_(isin_Dynasty)/,,,,removed
babylonian revolt,https://www.worldhistory.org/Babylonian_Revolt/,https://www.worldhistory.org/article/221/the-mesopotamian-pantheon/,The Mesopotamian Pantheon,833177,removed
babylonian tributary,https://www.worldhistory.org/Babylonian_Tributary/,https://www.worldhistory.org/article/221/the-mesopotamian-pantheon/,The Mesopotamian Pantheon,833177,removed
bactrians,https://www.worldhistory.org/Bactrians/,,,,removed
bahrain,https://www.worldhistory.org/Bahrain/,,,,removed
balts,https://www.worldhistory.org/Balts/,,,,removed
bantu peoples,https://www.worldhistory.org/Bantu_Peoples/,https://www.worldhistory.org/Bantu_Migration/,Bantu Migration,2430246,removed
bao clan,https://www.worldhistory.org/Bao_Clan/,https://www.worldhistory.org/Fujiwara_Clan/,Fujiwara Clan,993861,removed
barbados,https://www.worldhistory.org/Barbados/,,,,removed
bell beaker peoples,https://www.worldhistory.org/Bell_Beaker_Peoples/,https://www.worldhistory.org/Gertrude_Bell/,Gertrude Bell,1256066,removed
bit agusi,https://www.worldhistory.org/Bit_Agusi/,,,,removed
bit-adini,https://www.worldhistory.org/Bit-Adini/,,,,removed
bit-bahiani,https://www.worldhistory.org/Bit-Bahiani/,,,,removed
bit-halupe,https://www.worldhistory.org/Bit-Halupe/,,,,removed
bit-zamani,https://www.worldhistory.org/Bit-Zamani/,,,,removed
bosnia and herzegovina,https://www.worldhistory.org/Bosnia_And_Herzegovina/,,,,removed
brahmana,https://www.worldhistory.org/Brahmana/,,,,removed
bruttian league,https://www.worldhistory.org/Bruttian_League/,https://www.worldhistory.org/article/955/the-delian-league-part-6-the-decelean-war-and-the/,"The Delian League, Part 6: The Decelean War and the Fall of Athens (413/2-404/3 BCE)",1880524,removed
burkina faso,https://www.worldhistory.org/Burkina_Faso/,,,,removed
burundi,https://www.worldhistory.org/Burundi/,,,,removed
california peoples,https://www.worldhistory.org/California_Peoples/,https://www.worldhistory.org/Sea_Peoples/,Sea Peoples,815665,removed
cameroon,https://www.worldhistory.org/Cameroon/,,,,removed
canaanites,https://www.worldhistory.org/Canaanites/,,,,removed
carians,https://www.worldhistory.org/Carians/,,,,removed
caribbean peoples,https://www.worldhistory.org/Caribbean_Peoples/,https://www.worldhistory.org/Sea_Peoples/,Sea Peoples,815665,removed
carthage (city),https://www.worldhistory.org/Carthage_(city)/,https://www.worldhistory.org/carthage/,Carthage,1527999,removed
carthaginian ally,https://www.worldhistory.org/Carthaginian_Ally/,https://www.worldhistory.org/Carthaginian_Warfare/,Carthaginian Warfare,854927,removed
carthaginian tributary,https://www.worldhistory.org/Carthaginian_Tributary/,https://www.worldhistory.org/Carthaginian_Warfare/,Carthaginian Warfare,854927,removed
caucasians,https://www.worldhistory.org/Caucasians/,,,,removed
celtic mercenaries,https://www.worldhistory.org/Celtic_Mercenaries/,https://www.worldhistory.org/Ancient_Celtic_Art/,Ancient Celtic Art,1275248,removed
celto-ligurians,https://www.worldhistory.org/Celto-Ligurians/,,,,removed
central african peoples,https://www.worldhistory.org/Central_African_Peoples/,https://www.worldhistory.org/Sea_Peoples/,Sea Peoples,815665,removed
central african republic,https://www.worldhistory.org/Central_African_Republic/,,,,removed
chad,https://www.worldhistory.org/Chad/,,,,removed
chadian people,https://www.worldhistory.org/Chadian_People/,,,,removed
chao,https://www.worldhistory.org/Chao/,,,,removed
chavin culture,https://www.worldhistory.org/Chavin_Culture/,https://www.worldhistory.org/Chavin_Civilization/,Chavin Civilization,2429641,removed
cheng,https://www.worldhistory.org/Cheng/,,,,removed
chera,https://www.worldhistory.org/Chera/,,,,removed
chinchorro culture,https://www.worldhistory.org/Chinchorro_Culture/,,,,removed
chorrera culture,https://www.worldhistory.org/Chorrera_Culture/,,,,removed
cimmerian kingdom,https://www.worldhistory.org/Cimmerian_Kingdom/,,,,removed
clan warfare,https://www.worldhistory.org/Clan_Warfare/,https://www.worldhistory.org/Fujiwara_Clan/,Fujiwara Clan,993861,removed
comoros,https://www.worldhistory.org/Comoros/,,,,removed
cong,https://www.worldhistory.org/Cong/,,,,removed
cretan city states,https://www.worldhistory.org/Cretan_City_States/,,,,removed
cushitic people,https://www.worldhistory.org/Cushitic_People/,,,,removed
cypriot kingdoms,https://www.worldhistory.org/Cypriot_Kingdoms/,,,,removed
côte d'ivoire,https://www.worldhistory.org/Côte_D'ivoire/,,,,removed
dai(2),https://www.worldhistory.org/Dai(2)/,,,,removed
dali,https://www.worldhistory.org/Dali/,,,,removed
desert cultures,https://www.worldhistory.org/Desert_Cultures/,https://www.worldhistory.org/Desert_Rats/,Desert Rats,1086546,removed
domain of amphimakhos,https://www.worldhistory.org/Domain_Of_Amphimakhos/,,,,removed
domain of antigenes,https://www.worldhistory.org/Domain_Of_Antigenes/,,,,removed
domain of antigonus,https://www.worldhistory.org/Domain_Of_Antigonus/,https://www.worldhistory.org/Antigonus_I/,Antigonus I,1793644,removed
domain of asandros,https://www.worldhistory.org/Domain_Of_Asandros/,,,,removed
domain of cassander,https://www.worldhistory.org/Domain_Of_Cassander/,https://www.worldhistory.org/Cassander/,Cassander,2131247,removed
domain of eudemus,https://www.worldhistory.org/Domain_Of_Eudemus/,,,,removed
domain of eumenes,https://www.worldhistory.org/Domain_Of_Eumenes/,,,,removed
domain of lysimakhos,https://www.worldhistory.org/Domain_Of_Lysimakhos/,,,,removed
domain of mithridates,https://www.worldhistory.org/Domain_Of_Mithridates/,https://www.worldhistory.org/Mithridates_VI/,Mithridates VI,2403847,removed
domain of oxyartes,https://www.worldhistory.org/Domain_Of_Oxyartes/,,,,removed
domain of peithon,https://www.worldhistory.org/Domain_Of_Peithon/,,,,removed
domain of peithon (son of agenor),https://www.worldhistory.org/Domain_Of_Peithon_(son_Of_Agenor)/,,,,removed
domain of peukestas,https://www.worldhistory.org/Domain_Of_Peukestas/,,,,removed
domain of philip,https://www.worldhistory.org/Domain_Of_Philip/,https://www.worldhistory.org/article/1954/macedonian-colonization-under-philip-ii/,Macedonian Colonization Under Philip II,897871,removed
domain of philoxenos,https://www.worldhistory.org/Domain_Of_Philoxenos/,,,,removed
domain of polyperchon,https://www.worldhistory.org/Domain_Of_Polyperchon/,,,,removed
domain of ptolemy,https://www.worldhistory.org/Domain_Of_Ptolemy/,https://www.worldhistory.org/Ptolemy_II_Philadelphus/,Ptolemy II Philadelphus,1926178,removed
domain of seleucus,https://www.worldhistory.org/Domain_Of_Seleucus/,https://www.worldhistory.org/Seleucos_I/,Seleucus I Nicator,1421188,removed
domain of sibyrtios,https://www.worldhistory.org/Domain_Of_Sibyrtios/,,,,removed
domain of stasandros,https://www.worldhistory.org/Domain_Of_Stasandros/,,,,removed
domain of stasanor,https://www.worldhistory.org/Domain_Of_Stasanor/,,,,removed
domain of tlepolemos,https://www.worldhistory.org/Domain_Of_Tlepolemos/,,,,removed
dominican republic,https://www.worldhistory.org/Dominican_Republic/,,,,removed
donghu,https://www.worldhistory.org/Donghu/,,,,removed
dongyi peoples,https://www.worldhistory.org/Dongyi_Peoples/,https://www.worldhistory.org/Sea_Peoples/,Sea Peoples,815665,removed
dorians,https://www.worldhistory.org/Dorians/,,,,removed
dravidians,https://www.worldhistory.org/Dravidians/,,,,removed
duchy of jin,https://www.worldhistory.org/Duchy_Of_Jin/,https://www.worldhistory.org/Jurchen_Jin_Dynasty/,Jurchen Jin Dynasty,1596890,removed
dvaraka,https://www.worldhistory.org/Dvaraka/,,,,removed
east african peoples,https://www.worldhistory.org/East_African_Peoples/,https://www.worldhistory.org/Sea_Peoples/,Sea Peoples,815665,removed
eastern guo,https://www.worldhistory.org/Eastern_Guo/,,,,removed
eastern woodland peoples,https://www.worldhistory.org/Eastern_Woodland_Peoples/,https://www.worldhistory.org/Sea_Peoples/,Sea Peoples,822757,removed
edomites,https://www.worldhistory.org/Edomites/,,,,removed
egypt: (herakleopolis),https://www.worldhistory.org/Egypt:_(herakleopolis)/,https://www.worldhistory.org/Middle_Kingdom_of_Egypt/,Middle Kingdom of Egypt,916118,removed
egypt: (hermopolis),https://www.worldhistory.org/Egypt:_(hermopolis)/,,,,removed
egypt: areas of unrest,https://www.worldhistory.org/Egypt:_Areas_Of_Unrest/,,,,removed
egypt: heracleopolitans,https://www.worldhistory.org/Egypt:_Heracleopolitans/,,,,removed
egypt: hyksos,https://www.worldhistory.org/Egypt:_Hyksos/,https://www.worldhistory.org/Hyksos/,Hyksos,2407449,removed
egypt: middle kingdom,https://www.worldhistory.org/Egypt:_Middle_Kingdom/,https://www.worldhistory.org/Middle_Kingdom_of_Egypt/,Middle Kingdom of Egypt,1611629,removed
egypt: new kingdom,https://www.worldhistory.org/Egypt:_New_Kingdom/,https://www.worldhistory.org/New_Kingdom_of_Egypt/,New Kingdom of Egypt,1225125,removed
egypt: old kdm,https://www.worldhistory.org/Egypt:_Old_Kdm/,,,,removed
egypt: rebellion of pedubast,https://www.worldhistory.org/Egypt:_Rebellion_Of_Pedubast/,,,,removed
egypt: revolt of amasis,https://www.worldhistory.org/Egypt:_Revolt_Of_Amasis/,https://www.worldhistory.org/Third_Intermediate_Period_of_Egypt/,Third Intermediate Period of Egypt,1146776,removed
egypt: tanites,https://www.worldhistory.org/Egypt:_Tanites/,,,,removed
egypt: thebans,https://www.worldhistory.org/Egypt:_Thebans/,,,,removed
egypt: thirtieth dynasty,https://www.worldhistory.org/Egypt:_Thirtieth_Dynasty/,,,,removed
egypt: twenty eighth dynasty,https://www.worldhistory.org/Egypt:_Twenty_Eighth_Dynasty/,,,,removed
egypt: twenty fourth dynasty,https://www.worldhistory.org/Egypt:_Twenty_Fourth_Dynasty/,,,,removed
egypt: twenty ninth dynasty,https://www.worldhistory.org/Egypt:_Twenty_Ninth_Dynasty/,,,,removed
egypt: twenty second dynasty,https://www.worldhistory.org/Egypt:_Twenty_Second_Dynasty/,https://www.worldhistory.org/Second_Intermediate_Period_of_Egypt/,Second Intermediate Period of Egypt,928509,removed
egypt: twenty sixth dynasty,https://www.worldhistory.org/Egypt:_Twenty_Sixth_Dynasty/,,,,removed
egypt: twenty sixth dynasty tributary,https://www.worldhistory.org/Egypt:_Twenty_Sixth_Dynasty_Tributary/,,,,removed
egypt: twenty third dynasty,https://www.worldhistory.org/Egypt:_Twenty_Third_Dynasty/,https://www.worldhistory.org/Third_Intermediate_Period_of_Egypt/,Third Intermediate Period of Egypt,1216045,removed
el paraiso culture,https://www.worldhistory.org/El_Paraiso_Culture/,,,,removed
el salvador,https://www.worldhistory.org/El_Salvador/,,,,removed
elamite tributary,https://www.worldhistory.org/Elamite_Tributary/,https://www.worldhistory.org/Chogha_Zanbil/,Chogha Zanbil,1573727,removed
epicnemidian locris,https://www.worldhistory.org/Epicnemidian_Locris/,,,,removed
epirote ally,https://www.worldhistory.org/Epirote_Ally/,,,,removed
equatorial guinea,https://www.worldhistory.org/Equatorial_Guinea/,,,,removed
erligang culture,https://www.worldhistory.org/Erligang_Culture/,,,,removed
erlitou culture,https://www.worldhistory.org/Erlitou_Culture/,,,,removed
fan clan,https://www.worldhistory.org/Fan_Clan/,https://www.worldhistory.org/Fujiwara_Clan/,Fujiwara Clan,993861,removed
feng,https://www.worldhistory.org/Feng/,,,,removed
finland,https://www.worldhistory.org/Finland/,,,,removed
finns,https://www.worldhistory.org/Finns/,,,,removed
gambia,https://www.worldhistory.org/Gambia/,,,,removed
gao clan,https://www.worldhistory.org/Gao_Clan/,https://www.worldhistory.org/Fujiwara_Clan/,Fujiwara Clan,993861,removed
garamantes,https://www.worldhistory.org/Garamantes/,,,,removed
getae,https://www.worldhistory.org/Getae/,,,,removed
gong,https://www.worldhistory.org/Gong/,,,,removed
gong(2),https://www.worldhistory.org/Gong(2)/,,,,removed
great chiefs of the meshwesh,https://www.worldhistory.org/Great_Chiefs_Of_The_Meshwesh/,,,,removed
greek alliance,https://www.worldhistory.org/Greek_Alliance/,,,,removed
greek mercenaries,https://www.worldhistory.org/Greek_Mercenaries/,,,,removed
guinea,https://www.worldhistory.org/Guinea/,,,,removed
guinea bissau,https://www.worldhistory.org/Guinea_Bissau/,,,,removed
guo clan,https://www.worldhistory.org/Guo_Clan/,https://www.worldhistory.org/Fujiwara_Clan/,Fujiwara Clan,993861,removed
guti tributary,https://www.worldhistory.org/Guti_Tributary/,,,,removed
hann clan,https://www.worldhistory.org/Hann_Clan/,https://www.worldhistory.org/Fujiwara_Clan/,Fujiwara Clan,993861,removed
hellenic league,https://www.worldhistory.org/Hellenic_League/,https://www.worldhistory.org/article/955/the-delian-league-part-6-the-decelean-war-and-the/,"The Delian League, Part 6: The Decelean War and the Fall of Athens (413/2-404/3 BCE)",1920459,removed
helmand and jiroft cultures,https://www.worldhistory.org/Helmand_And_Jiroft_Cultures/,,,,removed
helot revolt,https://www.worldhistory.org/Helot_Revolt/,,,,removed
heraklea pontica,https://www.worldhistory.org/Heraklea_Pontica/,,,,removed
honduras,https://www.worldhistory.org/Honduras/,,,,removed
hu(2),https://www.worldhistory.org/Hu(2)/,,,,removed
hu(3),https://www.worldhistory.org/Hu(3)/,,,,removed
huaiyi peoples,https://www.worldhistory.org/Huaiyi_Peoples/,https://www.worldhistory.org/Sea_Peoples/,Sea Peoples,815665,removed
huang,https://www.worldhistory.org/Huang/,,,,removed
hurrian kingdom,https://www.worldhistory.org/Hurrian_Kingdom/,https://www.worldhistory.org/Hurrians/,Hurrians,1219373,removed
hurrian kingdoms,https://www.worldhistory.org/Hurrian_Kingdoms/,https://www.worldhistory.org/Hurrians/,Hurrians,1196682,removed
iberia (ancient),https://www.worldhistory.org/Iberia_(ancient)/,,,,removed
illyrian kingdom,https://www.worldhistory.org/Illyrian_Kingdom/,,,,removed
illyrian tributary,https://www.worldhistory.org/Illyrian_Tributary/,,,,removed
illyrians,https://www.worldhistory.org/Illyrians/,,,,removed
indo-aryans,https://www.worldhistory.org/Indo-Aryans/,https://www.worldhistory.org/Indo-Greek/,Indo-Greek,1045189,removed
indus valley peoples,https://www.worldhistory.org/Indus_Valley_Peoples/,https://www.worldhistory.org/Indus_Valley_Civilization/,Indus Valley Civilization,1865052,removed
ionians,https://www.worldhistory.org/Ionians/,https://www.worldhistory.org/ionia/,Ionia,1034964,removed
iranians,https://www.worldhistory.org/Iranians/,,,,removed
israel (ancient),https://www.worldhistory.org/Israel_(ancient)/,https://www.worldhistory.org/article/850/mesopotamian-effects-on-israel-during-the-iron-age/,Mesopotamian Effects on Israel During the Iron Age,1010830,removed
israel/samaria,https://www.worldhistory.org/Israel/samaria/,,,,removed
israelites,https://www.worldhistory.org/Israelites/,,,,removed
istros,https://www.worldhistory.org/Istros/,,,,removed
isuwa,https://www.worldhistory.org/Isuwa/,,,,removed
itabalhum,https://www.worldhistory.org/Itabalhum/,,,,removed
italics,https://www.worldhistory.org/Italics/,,,,removed
italiote league,https://www.worldhistory.org/Italiote_League/,https://www.worldhistory.org/article/955/the-delian-league-part-6-the-decelean-war-and-the/,"The Delian League, Part 6: The Decelean War and the Fall of Athens (413/2-404/3 BCE)",1880524,removed
jamaica,https://www.worldhistory.org/Jamaica/,,,,removed
ji,https://www.worldhistory.org/Ji/,,,,removed
ji(2),https://www.worldhistory.org/Ji(2)/,,,,removed
ji(3),https://www.worldhistory.org/Ji(3)/,,,,removed
ji(4),https://www.worldhistory.org/Ji(4)/,,,,removed
ji(5),https://www.worldhistory.org/Ji(5)/,,,,removed
jiang,https://www.worldhistory.org/Jiang/,,,,removed
jiang qi,https://www.worldhistory.org/Jiang_Qi/,,,,removed
jiang(2),https://www.worldhistory.org/Jiang(2)/,,,,removed
jiao,https://www.worldhistory.org/Jiao/,,,,removed
jomon culture,https://www.worldhistory.org/Jomon_Culture/,https://www.worldhistory.org/Jomon_Period/,Jomon Period,1614457,removed
ju(2),https://www.worldhistory.org/Ju(2)/,,,,removed
judah tributary,https://www.worldhistory.org/Judah_Tributary/,,,,removed
kalinga,https://www.worldhistory.org/Kalinga/,https://www.worldhistory.org/Ashoka_the_Great/,Ashoka the Great,965780,removed
kamarina,https://www.worldhistory.org/Kamarina/,,,,removed
khoisan peoples,https://www.worldhistory.org/Khoisan_Peoples/,https://www.worldhistory.org/Sea_Peoples/,Sea Peoples,815665,removed
kingdom of adab,https://www.worldhistory.org/Kingdom_Of_Adab/,,,,removed
kingdom of adanaya,https://www.worldhistory.org/Kingdom_Of_Adanaya/,,,,removed
kingdom of akshak,https://www.worldhistory.org/Kingdom_Of_Akshak/,,,,removed
kingdom of alakhtum,https://www.worldhistory.org/Kingdom_Of_Alakhtum/,,,,removed
kingdom of andarig,https://www.worldhistory.org/Kingdom_Of_Andarig/,,,,removed
kingdom of argos,https://www.worldhistory.org/Kingdom_Of_Argos/,https://www.worldhistory.org/argos/,Ancient Argos,1416476,removed
kingdom of armenia,https://www.worldhistory.org/Kingdom_Of_Armenia/,https://www.worldhistory.org/armenia/,Ancient Armenia,1145436,removed
kingdom of arrapha,https://www.worldhistory.org/Kingdom_Of_Arrapha/,,,,removed
kingdom of assyria,https://www.worldhistory.org/Kingdom_Of_Assyria/,https://www.worldhistory.org/assyria/,Assyria,1043342,removed
kingdom of awan,https://www.worldhistory.org/Kingdom_Of_Awan/,,,,removed
kingdom of babylon,https://www.worldhistory.org/Kingdom_Of_Babylon/,https://www.worldhistory.org/babylon/,Babylon,894833,removed
kingdom of carchemish,https://www.worldhistory.org/Kingdom_Of_Carchemish/,,,,removed
kingdom of der,https://www.worldhistory.org/Kingdom_Of_Der/,,,,removed
kingdom of ebla,https://www.worldhistory.org/Kingdom_Of_Ebla/,,,,removed
kingdom of epirus,https://www.worldhistory.org/Kingdom_Of_Epirus/,https://www.worldhistory.org/Despotate_of_Epirus/,Despotate of Epirus,2204124,removed
kingdom of eshnunna,https://www.worldhistory.org/Kingdom_Of_Eshnunna/,,,,removed
kingdom of hamath,https://www.worldhistory.org/Kingdom_Of_Hamath/,,,,removed
kingdom of illyria,https://www.worldhistory.org/Kingdom_Of_Illyria/,,,,removed
kingdom of irqata,https://www.worldhistory.org/Kingdom_Of_Irqata/,,,,removed
kingdom of isin,https://www.worldhistory.org/Kingdom_Of_Isin/,,,,removed
kingdom of judah,https://www.worldhistory.org/Kingdom_Of_Judah/,https://www.worldhistory.org/Judean_Technology/,Ancient Judean Technology,849156,removed
kingdom of kanesh,https://www.worldhistory.org/Kingdom_Of_Kanesh/,,,,removed
kingdom of kazallu,https://www.worldhistory.org/Kingdom_Of_Kazallu/,,,,removed
kingdom of kish,https://www.worldhistory.org/Kingdom_Of_Kish/,,,,removed
kingdom of kisurra,https://www.worldhistory.org/Kingdom_Of_Kisurra/,,,,removed
kingdom of kummuh,https://www.worldhistory.org/Kingdom_Of_Kummuh/,,,,removed
kingdom of kussara,https://www.worldhistory.org/Kingdom_Of_Kussara/,,,,removed
kingdom of lagash,https://www.worldhistory.org/Kingdom_Of_Lagash/,,,,removed
kingdom of larsa,https://www.worldhistory.org/Kingdom_Of_Larsa/,,,,removed
kingdom of lysimakhos,https://www.worldhistory.org/Kingdom_Of_Lysimakhos/,,,,removed
kingdom of macedonia,https://www.worldhistory.org/Kingdom_Of_Macedonia/,,,,removed
kingdom of malgium,https://www.worldhistory.org/Kingdom_Of_Malgium/,,,,removed
kingdom of mari,https://www.worldhistory.org/Kingdom_Of_Mari/,https://www.worldhistory.org/mari/,Mari,3044291,removed
kingdom of melid,https://www.worldhistory.org/Kingdom_Of_Melid/,,,,removed
kingdom of mitanni,https://www.worldhistory.org/Kingdom_Of_Mitanni/,https://www.worldhistory.org/Mitanni/,Mitanni,2672225,removed
kingdom of purushanda,https://www.worldhistory.org/Kingdom_Of_Purushanda/,,,,removed
kingdom of qadesh,https://www.worldhistory.org/Kingdom_Of_Qadesh/,,,,removed
kingdom of qatna,https://www.worldhistory.org/Kingdom_Of_Qatna/,,,,removed
kingdom of rome,https://www.worldhistory.org/Kingdom_Of_Rome/,,,,removed
kingdom of sam'al,https://www.worldhistory.org/Kingdom_Of_Sam'al/,,,,removed
kingdom of sindica,https://www.worldhistory.org/Kingdom_Of_Sindica/,,,,removed
kingdom of sparta,https://www.worldhistory.org/Kingdom_Of_Sparta/,https://www.worldhistory.org/sparta/,Sparta,1291001,removed
kingdom of syracuse,https://www.worldhistory.org/Kingdom_Of_Syracuse/,https://www.worldhistory.org/syracuse/,Syracuse,940544,removed
kingdom of terqa,https://www.worldhistory.org/Kingdom_Of_Terqa/,,,,removed
kingdom of the grabaei,https://www.worldhistory.org/Kingdom_Of_The_Grabaei/,,,,removed
kingdom of tuttul,https://www.worldhistory.org/Kingdom_Of_Tuttul/,,,,removed
kingdom of tylis,https://www.worldhistory.org/Kingdom_Of_Tylis/,,,,removed
kingdom of ugarit,https://www.worldhistory.org/Kingdom_Of_Ugarit/,https://www.worldhistory.org/ugarit/,Ugarit,1871299,removed
kingdom of ur,https://www.worldhistory.org/Kingdom_Of_Ur/,,,,removed
kingdom of uruk,https://www.worldhistory.org/Kingdom_Of_Uruk/,https://www.worldhistory.org/uruk/,Uruk,1498553,removed
kingdom of zalpa,https://www.worldhistory.org/Kingdom_Of_Zalpa/,,,,removed
kizzuwatna,https://www.worldhistory.org/Kizzuwatna/,,,,removed
koliya,https://www.worldhistory.org/Koliya/,,,,removed
kopai,https://www.worldhistory.org/Kopai/,,,,removed
koreans,https://www.worldhistory.org/Koreans/,,,,removed
kosala,https://www.worldhistory.org/Kosala/,,,,removed
kotosh culture,https://www.worldhistory.org/Kotosh_Culture/,,,,removed
kunti,https://www.worldhistory.org/Kunti/,https://www.worldhistory.org/Mahabharata/,Mahabharata,930419,removed
kuru,https://www.worldhistory.org/Kuru/,,,,removed
kush tributary,https://www.worldhistory.org/Kush_Tributary/,https://www.worldhistory.org/Kush/,The Kingdom of Kush,1569515,removed
kuwait,https://www.worldhistory.org/Kuwait/,,,,removed
land of bel-harran-beli-user,https://www.worldhistory.org/Land_Of_Bel-Harran-Beli-User/,,,,removed
land of shamash-resha-user,https://www.worldhistory.org/Land_Of_Shamash-Resha-User/,https://www.worldhistory.org/Utu-Shamash/,Utu-Shamash,1494277,removed
land of tartanu shamshi-ilu,https://www.worldhistory.org/Land_Of_Tartanu_Shamshi-Ilu/,,,,removed
laqe,https://www.worldhistory.org/Laqe/,,,,removed
larak,https://www.worldhistory.org/Larak/,,,,removed
larissa,https://www.worldhistory.org/Larissa/,,,,removed
latin league,https://www.worldhistory.org/Latin_League/,https://www.worldhistory.org/article/955/the-delian-league-part-6-the-decelean-war-and-the/,"The Delian League, Part 6: The Decelean War and the Fall of Athens (413/2-404/3 BCE)",1880524,removed
latins,https://www.worldhistory.org/Latins/,,,,removed
league of argos,https://www.worldhistory.org/League_Of_Argos/,https://www.worldhistory.org/article/955/the-delian-league-part-6-the-decelean-war-and-the/,"The Delian League, Part 6: The Decelean War and the Fall of Athens (413/2-404/3 BCE)",1946787,removed
lebadeia,https://www.worldhistory.org/Lebadeia/,,,,removed
leontini,https://www.worldhistory.org/Leontini/,,,,removed
liberia,https://www.worldhistory.org/Liberia/,,,,removed
libyans,https://www.worldhistory.org/Libyans/,,,,removed
ligurians,https://www.worldhistory.org/Ligurians/,,,,removed
little guo,https://www.worldhistory.org/Little_Guo/,,,,removed
lower macedon,https://www.worldhistory.org/Lower_Macedon/,https://www.worldhistory.org/macedon/,Macedon,882332,removed
lucanians,https://www.worldhistory.org/Lucanians/,,,,removed
lullubi,https://www.worldhistory.org/Lullubi/,,,,removed
luwians,https://www.worldhistory.org/Luwians/,,,,removed
luxembourg,https://www.worldhistory.org/Luxembourg/,,,,removed
lycians,https://www.worldhistory.org/Lycians/,https://www.worldhistory.org/lycia/,Lycia,863679,removed
lydians,https://www.worldhistory.org/Lydians/,,,,removed
macedonian ally,https://www.worldhistory.org/Macedonian_Ally/,,,,removed
magan,https://www.worldhistory.org/Magan/,,,,removed
malawi,https://www.worldhistory.org/Malawi/,,,,removed
maldives,https://www.worldhistory.org/Maldives/,,,,removed
malis,https://www.worldhistory.org/Malis/,,,,removed
mama,https://www.worldhistory.org/Mama/,,,,removed
mamertine mercenaries,https://www.worldhistory.org/Mamertine_Mercenaries/,,,,removed
mamertines,https://www.worldhistory.org/Mamertines/,,,,removed
manchurian peoples,https://www.worldhistory.org/Manchurian_Peoples/,https://www.worldhistory.org/Sea_Peoples/,Sea Peoples,815665,removed
mantineia,https://www.worldhistory.org/Mantineia/,,,,removed
marshall islands,https://www.worldhistory.org/Marshall_Islands/,https://www.worldhistory.org/John_Marshall/,John Marshall,2722813,removed
matsya,https://www.worldhistory.org/Matsya/,,,,removed
mauritania,https://www.worldhistory.org/Mauritania/,,,,removed
median vassal,https://www.worldhistory.org/Median_Vassal/,https://www.worldhistory.org/Medes/,Medes,1337542,removed
mercenaries of bithynia,https://www.worldhistory.org/Mercenaries_Of_Bithynia/,,,,removed
mercenaries under agathocles,https://www.worldhistory.org/Mercenaries_Under_Agathocles/,https://www.worldhistory.org/Agathocles_of_Syracuse/,Agathocles of Syracuse,1889581,removed
mercenaries under amyntas,https://www.worldhistory.org/Mercenaries_Under_Amyntas/,https://www.worldhistory.org/Eurydice_I/,Eurydice I,1022903,removed
mercenaries under cleonymus,https://www.worldhistory.org/Mercenaries_Under_Cleonymus/,,,,removed
mercenaries under harpalus,https://www.worldhistory.org/Mercenaries_Under_Harpalus/,,,,removed
mercenaries under leosthenes,https://www.worldhistory.org/Mercenaries_Under_Leosthenes/,,,,removed
mercenaries under phalaecus,https://www.worldhistory.org/Mercenaries_Under_Phalaecus/,,,,removed
mercenaries under thibron,https://www.worldhistory.org/Mercenaries_Under_Thibron/,,,,removed
mesoamerican peoples,https://www.worldhistory.org/Mesoamerican_Peoples/,https://www.worldhistory.org/Sea_Peoples/,Sea Peoples,815665,removed
messapians,https://www.worldhistory.org/Messapians/,,,,removed
messenia,https://www.worldhistory.org/Messenia/,,,,removed
minoans,https://www.worldhistory.org/Minoans/,https://www.worldhistory.org/article/1610/the-minoans--mycenaeans-comparison-of-two-bronze-a/,The Minoans & Mycenaeans: Comparison of Two Bronze Age Civilisations,1335285,removed
mithila,https://www.worldhistory.org/Mithila/,https://www.worldhistory.org/article/1527/madhubani-paintings-peoples-living-cultural-herita/,Madhubani Paintings: People’s Living Cultural Heritage,1042482,removed
moabites,https://www.worldhistory.org/Moabites/,,,,removed
moriya,https://www.worldhistory.org/Moriya/,,,,removed
musasir,https://www.worldhistory.org/Musasir/,,,,removed
mutinous troops,https://www.worldhistory.org/Mutinous_Troops/,,,,removed
mycenaean kingdoms,https://www.worldhistory.org/Mycenaean_Kingdoms/,https://www.worldhistory.org/Mycenaean_Art/,Mycenaean Art,1184180,removed
mycenaeans,https://www.worldhistory.org/Mycenaeans/,https://www.worldhistory.org/article/1610/the-minoans--mycenaeans-comparison-of-two-bronze-a/,The Minoans & Mycenaeans: Comparison of Two Bronze Age Civilisations,1109988,removed
nabataean kingdom,https://www.worldhistory.org/Nabataean_Kingdom/,,,,removed
nairi,https://www.worldhistory.org/Nairi/,,,,removed
nanda empire,https://www.worldhistory.org/Nanda_Empire/,,,,removed
neo assyrian revolt,https://www.worldhistory.org/Neo_Assyrian_Revolt/,https://www.worldhistory.org/Neo-Assyrian_Empire/,Neo-Assyrian Empire,1264388,removed
neo assyrian tributary,https://www.worldhistory.org/Neo_Assyrian_Tributary/,https://www.worldhistory.org/Neo-Assyrian_Empire/,Neo-Assyrian Empire,1251608,removed
neo babylonian empire,https://www.worldhistory.org/Neo_Babylonian_Empire/,https://www.worldhistory.org/Neo-Assyrian_Empire/,Neo-Assyrian Empire,877141,removed
neo babylonian empire tributary,https://www.worldhistory.org/Neo_Babylonian_Empire_Tributary/,https://www.worldhistory.org/Neo-Assyrian_Empire/,Neo-Assyrian Empire,877141,removed
new hittite kingdom,https://www.worldhistory.org/New_Hittite_Kingdom/,https://www.worldhistory.org/hittite/,The Hittites,885839,removed
new zealand,https://www.worldhistory.org/New_Zealand/,https://www.worldhistory.org/Pink_and_White_Terraces_of_New_Zealand/,Pink and White Terraces of New Zealand,1498350,removed
ni,https://www.worldhistory.org/Ni/,,,,removed
nicaragua,https://www.worldhistory.org/Nicaragua/,,,,removed
niger,https://www.worldhistory.org/Niger/,,,,removed
nilotic peoples,https://www.worldhistory.org/Nilotic_Peoples/,https://www.worldhistory.org/Sea_Peoples/,Sea Peoples,815665,removed
nok people,https://www.worldhistory.org/Nok_People/,https://www.worldhistory.org/Nok_Culture/,Nok Culture,1897339,removed
norte chico civilization,https://www.worldhistory.org/Norte_Chico_Civilization/,https://www.worldhistory.org/civilization/,Civilization,865912,removed
north arabian semites,https://www.worldhistory.org/North_Arabian_Semites/,,,,removed
north macedonia,https://www.worldhistory.org/North_Macedonia/,,,,removed
northern league,https://www.worldhistory.org/Northern_League/,https://www.worldhistory.org/article/955/the-delian-league-part-6-the-decelean-war-and-the/,"The Delian League, Part 6: The Decelean War and the Fall of Athens (413/2-404/3 BCE)",1880524,removed
northern zone peoples,https://www.worldhistory.org/Northern_Zone_Peoples/,https://www.worldhistory.org/Sea_Peoples/,Sea Peoples,815665,removed
northwest coast peoples,https://www.worldhistory.org/Northwest_Coast_Peoples/,https://www.worldhistory.org/Northwest_Ordinance/,Northwest Ordinance,1260437,removed
nu,https://www.worldhistory.org/Nu/,,,,removed
nubians,https://www.worldhistory.org/Nubians/,,,,removed
nuhashshi,https://www.worldhistory.org/Nuhashshi/,,,,removed
numidians,https://www.worldhistory.org/Numidians/,,,,removed
odra,https://www.worldhistory.org/Odra/,,,,removed
odrysia,https://www.worldhistory.org/Odrysia/,,,,removed
odrysian kingdom,https://www.worldhistory.org/Odrysian_Kingdom/,,,,removed
oetaea,https://www.worldhistory.org/Oetaea/,,,,removed
old hittite kingdom,https://www.worldhistory.org/Old_Hittite_Kingdom/,https://www.worldhistory.org/hittite/,The Hittites,898989,removed
olmecs,https://www.worldhistory.org/Olmecs/,,,,removed
opuntian locris,https://www.worldhistory.org/Opuntian_Locris/,,,,removed
oreitai,https://www.worldhistory.org/Oreitai/,,,,removed
orestis,https://www.worldhistory.org/Orestis/,,,,removed
oxycanus,https://www.worldhistory.org/Oxycanus/,,,,removed
ozolian locris,https://www.worldhistory.org/Ozolian_Locris/,,,,removed
paeligni,https://www.worldhistory.org/Paeligni/,,,,removed
paeonia,https://www.worldhistory.org/Paeonia/,,,,removed
paeonians,https://www.worldhistory.org/Paeonians/,,,,removed
paiones,https://www.worldhistory.org/Paiones/,,,,removed
pala,https://www.worldhistory.org/Pala/,,,,removed
palau,https://www.worldhistory.org/Palau/,,,,removed
paleosiberians,https://www.worldhistory.org/Paleosiberians/,,,,removed
pampas cultures,https://www.worldhistory.org/Pampas_Cultures/,,,,removed
pamphylians,https://www.worldhistory.org/Pamphylians/,,,,removed
panama,https://www.worldhistory.org/Panama/,,,,removed
panchala,https://www.worldhistory.org/Panchala/,,,,removed
pandya,https://www.worldhistory.org/Pandya/,,,,removed
paphlagonia,https://www.worldhistory.org/Paphlagonia/,,,,removed
papua new guinea,https://www.worldhistory.org/Papua_New_Guinea/,,,,removed
paraguay,https://www.worldhistory.org/Paraguay/,,,,removed
parsua,https://www.worldhistory.org/Parsua/,,,,removed
patagonian peoples,https://www.worldhistory.org/Patagonian_Peoples/,https://www.worldhistory.org/Sea_Peoples/,Sea Peoples,815665,removed
peng,https://www.worldhistory.org/Peng/,,,,removed
persia (ancient),https://www.worldhistory.org/Persia_(ancient)/,,,,removed
persian revolt,https://www.worldhistory.org/Persian_Revolt/,https://www.worldhistory.org/Persian_Literature/,Persian Literature,838511,removed
persian vassal,https://www.worldhistory.org/Persian_Vassal/,https://www.worldhistory.org/Persian_Literature/,Persian Literature,825802,removed
pherae,https://www.worldhistory.org/Pherae/,,,,removed
philistia,https://www.worldhistory.org/Philistia/,,,,removed
phlius,https://www.worldhistory.org/Phlius/,,,,removed
phocis,https://www.worldhistory.org/Phocis/,,,,removed
phrygian kingdom,https://www.worldhistory.org/Phrygian_Kingdom/,,,,removed
phrygians,https://www.worldhistory.org/Phrygians/,,,,removed
ping zhou,https://www.worldhistory.org/Ping_Zhou/,https://www.worldhistory.org/Zhou_Dynasty/,Zhou Dynasty,2532543,removed
pirate mercenaries,https://www.worldhistory.org/Pirate_Mercenaries/,https://www.worldhistory.org/article/1835/whos-who-in-a-pirate-crew/,Who's Who in a Pirate Crew,1002453,removed
plains peoples,https://www.worldhistory.org/Plains_Peoples/,https://www.worldhistory.org/Plains_Indians/,Plains Indians,1037676,removed
plateau peoples,https://www.worldhistory.org/Plateau_Peoples/,https://www.worldhistory.org/Sea_Peoples/,Sea Peoples,815665,removed
plebian secession,https://www.worldhistory.org/Plebian_Secession/,https://www.worldhistory.org/Secession_of_the_Plebs/,Secession of the Plebs,1084093,removed
pontic steppe,https://www.worldhistory.org/Pontic_Steppe/,,,,removed
praeneste,https://www.worldhistory.org/Praeneste/,,,,removed
proto-burmese,https://www.worldhistory.org/Proto-Burmese/,,,,removed
proto-canaanites,https://www.worldhistory.org/Proto-Canaanites/,,,,removed
proto-ethiopians,https://www.worldhistory.org/Proto-Ethiopians/,,,,removed
proto-greeks,https://www.worldhistory.org/Proto-Greeks/,,,,removed
proto-mongol peoples,https://www.worldhistory.org/Proto-Mongol_Peoples/,https://www.worldhistory.org/Sea_Peoples/,Sea Peoples,815665,removed
proto-tibetans,https://www.worldhistory.org/Proto-Tibetans/,,,,removed
proto-turkic peoples,https://www.worldhistory.org/Proto-Turkic_Peoples/,https://www.worldhistory.org/Sea_Peoples/,Sea Peoples,815665,removed
ptolemaic ally,https://www.worldhistory.org/Ptolemaic_Ally/,https://www.worldhistory.org/article/1256/the-economy-of-ptolemaic-egypt/,The Economy of Ptolemaic Egypt,1042911,removed
qedarite confederation,https://www.worldhistory.org/Qedarite_Confederation/,https://www.worldhistory.org/Articles_of_Confederation/,Articles of Confederation,1262640,removed
rang,https://www.worldhistory.org/Rang/,,,,removed
rebel aranzik,https://www.worldhistory.org/Rebel_Aranzik/,,,,removed
rebel irridu,https://www.worldhistory.org/Rebel_Irridu/,,,,removed
rebel israelites,https://www.worldhistory.org/Rebel_Israelites/,,,,removed
red di,https://www.worldhistory.org/Red_Di/,,,,removed
revolt of antigonus,https://www.worldhistory.org/Revolt_Of_Antigonus/,https://www.worldhistory.org/Antigonus_I/,Antigonus I,1750515,removed
revolt of antipater,https://www.worldhistory.org/Revolt_Of_Antipater/,https://www.worldhistory.org/Antipater_(Macedonian_General)/,Antipater (Macedonian General),2255237,removed
revolt of ariobarzanes,https://www.worldhistory.org/Revolt_Of_Ariobarzanes/,,,,removed
revolt of artabazus,https://www.worldhistory.org/Revolt_Of_Artabazus/,,,,removed
revolt of autophradates,https://www.worldhistory.org/Revolt_Of_Autophradates/,,,,removed
revolt of cyrus the younger,https://www.worldhistory.org/Revolt_Of_Cyrus_The_Younger/,https://www.worldhistory.org/Cyrus_the_Great/,Cyrus the Great,2396562,removed
revolt of datames,https://www.worldhistory.org/Revolt_Of_Datames/,,,,removed
revolt of eumenes,https://www.worldhistory.org/Revolt_Of_Eumenes/,,,,removed
revolt of hermias,https://www.worldhistory.org/Revolt_Of_Hermias/,,,,removed
revolt of hua clan,https://www.worldhistory.org/Revolt_Of_Hua_Clan/,https://www.worldhistory.org/Fujiwara_Clan/,Fujiwara Clan,993861,removed
revolt of inaros,https://www.worldhistory.org/Revolt_Of_Inaros/,,,,removed
revolt of khababash,https://www.worldhistory.org/Revolt_Of_Khababash/,,,,removed
revolt of luan,https://www.worldhistory.org/Revolt_Of_Luan/,,,,removed
revolt of lysimachus,https://www.worldhistory.org/Revolt_Of_Lysimachus/,https://www.worldhistory.org/Lysimachus/,Lysimachus,1446912,removed
revolt of mausolus,https://www.worldhistory.org/Revolt_Of_Mausolus/,,,,removed
revolt of orontes,https://www.worldhistory.org/Revolt_Of_Orontes/,,,,removed
revolt of pissuthnes,https://www.worldhistory.org/Revolt_Of_Pissuthnes/,,,,removed
revolt of ptolemy,https://www.worldhistory.org/Revolt_Of_Ptolemy/,https://www.worldhistory.org/Ptolemy_II_Philadelphus/,Ptolemy II Philadelphus,1926178,removed
revolt of wangzi tui,https://www.worldhistory.org/Revolt_Of_Wangzi_Tui/,,,,removed
revolt of wangzi zhao,https://www.worldhistory.org/Revolt_Of_Wangzi_Zhao/,,,,removed
rhodos,https://www.worldhistory.org/Rhodos/,,,,removed
roman ally,https://www.worldhistory.org/Roman_Ally/,,,,removed
roman latin colony,https://www.worldhistory.org/Roman_Latin_Colony/,https://www.worldhistory.org/Massachusetts_Bay_Colony/,Massachusetts Bay Colony,1136567,removed
romania,https://www.worldhistory.org/Romania/,,,,removed
ruo'ao revolt,https://www.worldhistory.org/Ruo'ao_Revolt/,,,,removed
rwanda,https://www.worldhistory.org/Rwanda/,,,,removed
sabines,https://www.worldhistory.org/Sabines/,,,,removed
saharan peoples,https://www.worldhistory.org/Saharan_Peoples/,https://www.worldhistory.org/Sea_Peoples/,Sea Peoples,815665,removed
samian thalassocracy,https://www.worldhistory.org/Samian_Thalassocracy/,https://www.worldhistory.org/Polycrates/,Polycrates,1204199,removed
samnite ally,https://www.worldhistory.org/Samnite_Ally/,,,,removed
samnite confederation,https://www.worldhistory.org/Samnite_Confederation/,https://www.worldhistory.org/Articles_of_Confederation/,Articles of Confederation,1262640,removed
san marino,https://www.worldhistory.org/San_Marino/,,,,removed
sanxingdui culture,https://www.worldhistory.org/Sanxingdui_Culture/,,,,removed
sardinians,https://www.worldhistory.org/Sardinians/,,,,removed
savanna peoples,https://www.worldhistory.org/Savanna_Peoples/,https://www.worldhistory.org/Sea_Peoples/,Sea Peoples,815665,removed
second athenian league,https://www.worldhistory.org/Second_Athenian_League/,https://www.worldhistory.org/article/955/the-delian-league-part-6-the-decelean-war-and-the/,"The Delian League, Part 6: The Decelean War and the Fall of Athens (413/2-404/3 BCE)",2452427,removed
seleucid ally,https://www.worldhistory.org/Seleucid_Ally/,https://www.worldhistory.org/Seleucid_Empire/,Seleucid Empire,1087717,removed
seleucid kingdom,https://www.worldhistory.org/Seleucid_Kingdom/,https://www.worldhistory.org/Seleucid_Empire/,Seleucid Empire,1110476,removed
semitic nomads,https://www.worldhistory.org/Semitic_Nomads/,,,,removed
senegal,https://www.worldhistory.org/Senegal/,,,,removed
shao,https://www.worldhistory.org/Shao/,,,,removed
shimashki,https://www.worldhistory.org/Shimashki/,,,,removed
shu bao,https://www.worldhistory.org/Shu_Bao/,,,,removed
shu jiu,https://www.worldhistory.org/Shu_Jiu/,,,,removed
shu long,https://www.worldhistory.org/Shu_Long/,,,,removed
shu yong,https://www.worldhistory.org/Shu_Yong/,,,,removed
sicels,https://www.worldhistory.org/Sicels/,,,,removed
sierra leone,https://www.worldhistory.org/Sierra_Leone/,,,,removed
solomon islands,https://www.worldhistory.org/Solomon_Islands/,https://www.worldhistory.org/solomon/,Solomon,2372630,removed
south china peoples,https://www.worldhistory.org/South_China_Peoples/,https://www.worldhistory.org/Sea_Peoples/,Sea Peoples,815665,removed
spratly islands,https://www.worldhistory.org/Spratly_Islands/,,,,removed
st. kitts and nevis,https://www.worldhistory.org/St._Kitts_And_Nevis/,,,,removed
st. lucia,https://www.worldhistory.org/St._Lucia/,,,,removed
st. vincent and the grenadines,https://www.worldhistory.org/St._Vincent_And_The_Grenadines/,https://www.worldhistory.org/Vincent_van_Gogh/,Vincent van Gogh,2575603,removed
stasis,https://www.worldhistory.org/Stasis/,,,,removed
sub-saharan africa,https://www.worldhistory.org/Sub-Saharan_Africa/,https://www.worldhistory.org/article/1496/roman-expeditions-in-sub-saharan-africa/,Roman Expeditions in Sub-Saharan Africa,819071,removed
subarctic peoples,https://www.worldhistory.org/Subarctic_Peoples/,https://www.worldhistory.org/Sea_Peoples/,Sea Peoples,815665,removed
succession struggle,https://www.worldhistory.org/Succession_Struggle/,,,,removed
suhu,https://www.worldhistory.org/Suhu/,,,,removed
suriname,https://www.worldhistory.org/Suriname/,,,,removed
swaziland,https://www.worldhistory.org/Swaziland/,,,,removed
syracuse exiles,https://www.worldhistory.org/Syracuse_Exiles/,https://www.worldhistory.org/syracuse/,Syracuse,940544,removed
são tomé and príncipe,https://www.worldhistory.org/São_Tomé_And_Príncipe/,https://www.worldhistory.org/article/1763/the-portuguese-colonization-of-sao-tome-and-princi/,The Portuguese Colonization of São Tomé and Principe,3285480,removed
tabal,https://www.worldhistory.org/Tabal/,,,,removed
tehran,https://www.worldhistory.org/Tehran/,https://www.worldhistory.org/Tehran_Conference/,Tehran Conference,1345378,removed
thai peoples,https://www.worldhistory.org/Thai_Peoples/,https://www.worldhistory.org/article/1430/how-an-adventure-loving-american-saved-the-thai-si/,How an Adventure-loving American Saved the Thai Silk Industry,1501660,removed
theban ally,https://www.worldhistory.org/Theban_Ally/,,,,removed
thespiae,https://www.worldhistory.org/Thespiae/,,,,removed
thracians,https://www.worldhistory.org/Thracians/,,,,removed
thraco cimmerians,https://www.worldhistory.org/Thraco_Cimmerians/,,,,removed
three guards rebellion,https://www.worldhistory.org/Three_Guards_Rebellion/,,,,removed
three yi tribes,https://www.worldhistory.org/Three_Yi_Tribes/,,,,removed
tian clan,https://www.worldhistory.org/Tian_Clan/,https://www.worldhistory.org/Fujiwara_Clan/,Fujiwara Clan,993861,removed
tian qi,https://www.worldhistory.org/Tian_Qi/,,,,removed
togo,https://www.worldhistory.org/Togo/,,,,removed
tonga,https://www.worldhistory.org/Tonga/,,,,removed
trinidad and tobago,https://www.worldhistory.org/Trinidad_And_Tobago/,,,,removed
troezen,https://www.worldhistory.org/Troezen/,,,,removed
turks and caicos islands,https://www.worldhistory.org/Turks_And_Caicos_Islands/,https://www.worldhistory.org/article/1872/european-discovery--conquest-of-the-spice-islands/,European Discovery & Conquest of the Spice Islands,818098,removed
tyranny of syracuse,https://www.worldhistory.org/Tyranny_Of_Syracuse/,https://www.worldhistory.org/syracuse/,Syracuse,988577,removed
uganda,https://www.worldhistory.org/Uganda/,,,,removed
ur iii tributary,https://www.worldhistory.org/Ur_Iii_Tributary/,,,,removed
urartu tributary,https://www.worldhistory.org/Urartu_Tributary/,https://www.worldhistory.org/Urartu_Civilization/,Urartu Civilization,1523559,removed
vajjika league,https://www.worldhistory.org/Vajjika_League/,https://www.worldhistory.org/article/955/the-delian-league-part-6-the-decelean-war-and-the/,"The Delian League, Part 6: The Decelean War and the Fall of Athens (413/2-404/3 BCE)",1880524,removed
valdivia culture,https://www.worldhistory.org/Valdivia_Culture/,,,,removed
vanga,https://www.worldhistory.org/Vanga/,,,,removed
vanuatu,https://www.worldhistory.org/Vanuatu/,,,,removed
vatsa,https://www.worldhistory.org/Vatsa/,,,,removed
volga battle axe culture,https://www.worldhistory.org/Volga_Battle_Axe_Culture/,,,,removed
vriji,https://www.worldhistory.org/Vriji/,,,,removed
wei clan,https://www.worldhistory.org/Wei_Clan/,https://www.worldhistory.org/Fujiwara_Clan/,Fujiwara Clan,993861,removed
west african peoples,https://www.worldhistory.org/West_African_Peoples/,https://www.worldhistory.org/Sea_Peoples/,Sea Peoples,815665,removed
western guo,https://www.worldhistory.org/Western_Guo/,,,,removed
western mediterraneans,https://www.worldhistory.org/Western_Mediterraneans/,,,,removed
western odrysia,https://www.worldhistory.org/Western_Odrysia/,,,,removed
western rong,https://www.worldhistory.org/Western_Rong/,,,,removed
white di,https://www.worldhistory.org/White_Di/,,,,removed
wucheng culture,https://www.worldhistory.org/Wucheng_Culture/,,,,removed
xian,https://www.worldhistory.org/Xian/,,,,removed
xian peoples,https://www.worldhistory.org/Xian_Peoples/,https://www.worldhistory.org/Sea_Peoples/,Sea Peoples,815665,removed
xiang,https://www.worldhistory.org/Xiang/,https://www.worldhistory.org/Battle_of_Gaixia/,Battle of Gaixia,2065462,removed
xiang(2),https://www.worldhistory.org/Xiang(2)/,,,,removed
xiao,https://www.worldhistory.org/Xiao/,,,,removed
xing,https://www.worldhistory.org/Xing/,,,,removed
xirong,https://www.worldhistory.org/Xirong/,,,,removed
yi-luo rong,https://www.worldhistory.org/Yi-Luo_Rong/,,,,removed
ying,https://www.worldhistory.org/Ying/,,,,removed
yue peoples,https://www.worldhistory.org/Yue_Peoples/,https://www.worldhistory.org/Sea_Peoples/,Sea Peoples,815665,removed
yueshi culture,https://www.worldhistory.org/Yueshi_Culture/,,,,removed
zaire,https://www.worldhistory.org/Zaire/,,,,removed
zamua,https://www.worldhistory.org/Zamua/,,,,removed
zapotecs,https://www.worldhistory.org/Zapotecs/,,,,removed
zhang,https://www.worldhistory.org/Zhang/,,,,removed
zhao clan,https://www.worldhistory.org/Zhao_Clan/,https://www.worldhistory.org/Fujiwara_Clan/,Fujiwara Clan,993861,removed
zhi clan,https://www.worldhistory.org/Zhi_Clan/,https://www.worldhistory.org/Fujiwara_Clan/,Fujiwara Clan,993861,removed
zhonghang clan,https://www.worldhistory.org/Zhonghang_Clan/,https://www.worldhistory.org/Fujiwara_Clan/,Fujiwara Clan,993861,removed
zong,https://www.worldhistory.org/Zong/,,,,removed
(marhashi),,,,,no_result
abhiras,,,,,no_result
abilianikhi,,,,,no_result
abisara,,,,,no_result
acarnania,,,,,no_result
aeniania,,,,,no_result
agathoclid ally,,,,,no_result
ahhiya,,,,,no_result
akraephia,,,,,no_result
alavi,,,,,no_result
aleuts,,,,,no_result
alfaterni,,,,,no_result
allabria,,,,,no_result
allakappa,,,,,no_result
alshe,,,,,no_result
alzi,,,,,no_result
ambashthas,,,,,no_result
ammonites,,,,,no_result
anarta,,,,,no_result
andorra,,,,,no_result
antipatrid ally,,,,,no_result
anupa,,,,,no_result
aparytae,,,,,no_result
asinia,,,,,no_result
assaka,,,,,no_result
assakenoi,,,,,no_result
asvaka,,,,,no_result
athamania,,,,,no_result
atuna,,,,,no_result
audumbaras,,,,,no_result
aurunci,,,,,no_result
baipu,,,,,no_result
bao,,,,,no_result
bedouins,,,,,no_result
bessaei,,,,,no_result
bhagga,,,,,no_result
bhojas,,,,,no_result
bithynians,,,,,no_result
biyang,,,,,no_result
botswana,,,,,no_result
bottiaeans,,,,,no_result
brunei,,,,,no_result
bruttians,,,,,no_result
bruttii,,,,,no_result
bu geng,,,,,no_result
callatis,,,,,no_result
campanians,,,,,no_result
carduchii,,,,,no_result
catane,,,,,no_result
cedi,,,,,no_result
chaldaea,,,,,no_result
changdi,,,,,no_result
chaonia,,,,,no_result
chaonians,,,,,no_result
coronea,,,,,no_result
cossaeans,,,,,no_result
d'mt,,,,,no_result
daoi,,,,,no_result
dapeng,,,,,no_result
daradas,,,,,no_result
dardani,,,,,no_result
dasarnas,,,,,no_result
dassaretis,,,,,no_result
daunians,,,,,no_result
dayenu,,,,,no_result
deng,,,,,no_result
diauekhi,,,,,no_result
djibouti,,,,,no_result
dolopia,,,,,no_result
dominica,,,,,no_result
duan,,,,,no_result
elimiotis,,,,,no_result
ellipi,,,,,no_result
elymians,,,,,no_result
enchele,,,,,no_result
enzite,,,,,no_result
eordaia,,,,,no_result
epidauria,,,,,no_result
eriakhi,,,,,no_result
erikuakhi,,,,,no_result
etiukhi,,,,,no_result
etiuni,,,,,no_result
fang,,,,,no_result
fei,,,,,no_result
gabon,,,,,no_result
gaoluo,,,,,no_result
gedrosia,,,,,no_result
genmou,,,,,no_result
geshur,,,,,no_result
grenada,,,,,no_result
guang,,,,,no_result
guifang,,,,,no_result
guo,,,,,no_result
gurgum,,,,,no_result
guyana,,,,,no_result
guzanu,,,,,no_result
guzhu,,,,,no_result
haihayas,,,,,no_result
haliartos,,,,,no_result
hamaranu,,,,,no_result
hapalla,,,,,no_result
harhar,,,,,no_result
harshi,,,,,no_result
hattians,,,,,no_result
hermionis,,,,,no_result
hernici,,,,,no_result
hilakku,,,,,no_result
hindanu,,,,,no_result
huaiyi,,,,,no_result
hubushkia,,,,,no_result
huo,,,,,no_result
hupis(h)na,,,,,no_result
iapygii,,,,,no_result
iberians,,,,,no_result
idamaraz,,,,,no_result
ikshvakus,,,,,no_result
illyrioi,,,,,no_result
imbros,,,,,no_result
ishtu(a)nda,,,,,no_result
jie,,,,,no_result
kaccha,,,,,no_result
kadmuhu,,,,,no_result
kalama,,,,,no_result
kalasma,,,,,no_result
kalaurian amphictiony,,,,,no_result
kamboja,,,,,no_result
kappadokia,,,,,no_result
karakhar,,,,,no_result
karalla,,,,,no_result
karmania,,,,,no_result
karusha,,,,,no_result
kasheyas,,,,,no_result
kasi,,,,,no_result
kaskas,,,,,no_result
kasmira,,,,,no_result
kekaya,,,,,no_result
khorasmia,,,,,no_result
kimash,,,,,no_result
kirati,,,,,no_result
kiribati,,,,,no_result
kirruru,,,,,no_result
konkana,,,,,no_result
ksudrakas,,,,,no_result
kuai,,,,,no_result
kuninda,,,,,no_result
kuntala,,,,,no_result
kunwu,,,,,no_result
kyme,,,,,no_result
kyrgyzstan,,,,,no_result
lai,,,,,no_result
lai(2),,,,,no_result
laiyi,,,,,no_result
lauhitya,,,,,no_result
leichtenstein,,,,,no_result
lesotho,,,,,no_result
li rong,,,,,no_result
liburnians,,,,,no_result
libyphoenices,,,,,no_result
lingzhi,,,,,no_result
linhu,,,,,no_result
locri,,,,,no_result
loufan,,,,,no_result
lucani,,,,,no_result
luhun rong,,,,,no_result
lullubum,,,,,no_result
madra,,,,,no_result
maeotians,,,,,no_result
malavas,,,,,no_result
mannaea,,,,,no_result
manshi,,,,,no_result
marrucini,,,,,no_result
massagetai,,,,,no_result
megaris,,,,,no_result
messapii,,,,,no_result
mianzhu,,,,,no_result
mixtecs,,,,,no_result
moldova,,,,,no_result
molossis,,,,,no_result
mulaka,,,,,no_result
musicanus,,,,,no_result
mutibas,,,,,no_result
myanmar,,,,,no_result
mysians,,,,,no_result
nabataeans,,,,,no_result
namibia,,,,,no_result
namri,,,,,no_result
nanyan,,,,,no_result
nauru,,,,,no_result
papuans,,,,,no_result
parauaea,,,,,no_result
pardabathra,,,,,no_result
pashime,,,,,no_result
patin (unqi),,,,,no_result
paurava,,,,,no_result
pelagonia,,,,,no_result
pelasgians,,,,,no_result
pengzhi,,,,,no_result
peucetians,,,,,no_result
pharsalos,,,,,no_result
piceni,,,,,no_result
picentes,,,,,no_result
pisatis,,,,,no_result
pisidians,,,,,no_result
pitassa,,,,,no_result
pontians,,,,,no_result
pugu,,,,,no_result
pulinda,,,,,no_result
pundra,,,,,no_result
qatar,,,,,no_result
qedarites,,,,,no_result
qiang,,,,,no_result
qiuyou,,,,,no_result
quaman,,,,,no_result
quanrong,,,,,no_result
quwo,,,,,no_result
rathikas,,,,,no_result
rong,,,,,no_result
ruo,,,,,no_result
sabini,,,,,no_result
sakya,,,,,no_result
salva,,,,,no_result
salwa,,,,,no_result
sambus,,,,,no_result
sattagydia,,,,,no_result
sattyaputas,,,,,no_result
saurashtra,,,,,no_result
sauromatians,,,,,no_result
sauvira,,,,,no_result
savaras,,,,,no_result
sealand,,,,,no_result
seychelles,,,,,no_result
shanrong,,,,,no_result
shinuhtu,,,,,no_result
shubria,,,,,no_result
shurparaka,,,,,no_result
sicans,,,,,no_result
sicelia,,,,,no_result
sidicini,,,,,no_result
sikanoi,,,,,no_result
sikeloi,,,,,no_result
sindhu,,,,,no_result
sivi,,,,,no_result
subartum,,,,,no_result
suhma,,,,,no_result
suhne,,,,,no_result
surasena,,,,,no_result
tajikistan,,,,,no_result
taulanti,,,,,no_result
tauromenion,,,,,no_result
teutons,,,,,no_result
thesprotia,,,,,no_result
thesprotians,,,,,no_result
thraikes,,,,,no_result
thyni,,,,,no_result
trigarta,,,,,no_result
triphylia,,,,,no_result
tuhe,,,,,no_result
tummanna,,,,,no_result
turkmenistan,,,,,no_result
tuvalu,,,,,no_result
tuwana,,,,,no_result
tymphaea,,,,,no_result
uae,,,,,no_result
uelikukhi,,,,,no_result
ugrians,,,,,no_result
umbri,,,,,no_result
umbrii,,,,,no_result
uruguay,,,,,no_result
usinara,,,,,no_result
utkala,,,,,no_result
vemaka,,,,,no_result
vidarbha,,,,,no_result
videha,,,,,no_result
vitihotras,,,,,no_result
wahsusana,,,,,no_result
wey,,,,,no_result
wilusa,,,,,no_result
wushi rong,,,,,no_result
wuzhong,,,,,no_result
xianyu,,,,,no_result
xue,,,,,no_result
xuqu,,,,,no_result
yaminites,,,,,no_result
yamkhad,,,,,no_result
yangyue,,,,,no_result
yaudheya,,,,,no_result
yihu,,,,,no_result
yingshi,,,,,no_result
yiqu,,,,,no_result
yun,,,,,no_result
yuqui,,,,,no_result
zabakhi,,,,,no_result
zahara,,,,,no_result
zalmaqum,,,,,no_result
zhangzhung,,,,,no_result
zhongli,,,,,no_result
zhongshan,,,,,no_result
zhongwu,,,,,no_result
zhoulai,,,,,no_result
zhu,,https://www.worldhistory.org/Yang_Zhu/,Yang Zhu,2348819,no_result
zhu(2),,,,,no_result
zhu(3),,,,,no_result
zhuan,,,,,no_result
zhuanyu,,,,,no_result
zippasla,,,,,no_result
zuo,,,,,no_result
