Entity,URL,Status
(marhashi),https://en.wikipedia.org/wiki/Marhashi,200
abhiras,https://en.wikipedia.org/wiki/Abhiras,200
abilianikhi,https://en.wikipedia.org/wiki/Abilianikhi,404
abisara,https://en.wikipedia.org/wiki/Abisara,200
aboriginal peoples,https://en.wikipedia.org/wiki/Aboriginal_Peoples,200
acarnania,https://en.wikipedia.org/wiki/Acarnania,200
achaea,https://en.wikipedia.org/wiki/Achaea,200
achaean league,https://en.wikipedia.org/wiki/Achaean_League,200
achaeans,https://en.wikipedia.org/wiki/Achaeans,200
achaemenid empire,https://en.wikipedia.org/wiki/Achaemenid_Empire,200
adena culture,https://en.wikipedia.org/wiki/Adena_Culture,200
aegina,https://en.wikipedia.org/wiki/Aegina,200
aeniania,https://en.wikipedia.org/wiki/Aeniania,200
aeolian league,https://en.wikipedia.org/wiki/Aeolian_League,404
aeolians,https://en.wikipedia.org/wiki/Aeolians,200
aequi,https://en.wikipedia.org/wiki/Aequi,200
aetolia,https://en.wikipedia.org/wiki/Aetolia,200
aetolian league,https://en.wikipedia.org/wiki/Aetolian_League,200
afghanistan,https://en.wikipedia.org/wiki/Afghanistan,200
africa,https://en.wikipedia.org/wiki/Africa,200
agathoclid ally,https://en.wikipedia.org/wiki/Agathoclid_Ally,404
ahhiya,https://en.wikipedia.org/wiki/Ahhiya,200
ainu,https://en.wikipedia.org/wiki/Ainu,200
aitna,https://en.wikipedia.org/wiki/Aitna,404
akkad,https://en.wikipedia.org/wiki/Akkad_(region),200
akkadian empire,https://en.wikipedia.org/wiki/Akkadian_Empire,200
akkadian tributary,https://en.wikipedia.org/wiki/Akkadian_Tributary,404
akraephia,https://en.wikipedia.org/wiki/Akraephia,404
akragas,https://en.wikipedia.org/wiki/Akragas,200
alasiya,https://en.wikipedia.org/wiki/Alasiya,200
alavi,https://en.wikipedia.org/wiki/Alavi,200
albania,https://en.wikipedia.org/wiki/Albania,200
albanians,https://en.wikipedia.org/wiki/Albanians,200
aleuts,https://en.wikipedia.org/wiki/Aleuts,200
alexandria,https://en.wikipedia.org/wiki/Alexandria,200
alfaterni,https://en.wikipedia.org/wiki/Alfaterni,200
algeria,https://en.wikipedia.org/wiki/Algeria,200
allabria,https://en.wikipedia.org/wiki/Allabria,404
allakappa,https://en.wikipedia.org/wiki/Allakappa,200
allied armies of the eastern satraps,https://en.wikipedia.org/wiki/Allied_Armies_Of_The_Eastern_Satraps,404
alshe,https://en.wikipedia.org/wiki/Alshe,404
alzi,https://en.wikipedia.org/wiki/Alzi,200
amazonian peoples,https://en.wikipedia.org/wiki/Amazonian_Peoples,404
ambashthas,https://en.wikipedia.org/wiki/Ambashthas,404
ambracia,https://en.wikipedia.org/wiki/Ambracia,200
americas,https://en.wikipedia.org/wiki/Americas,200
ammonites,https://en.wikipedia.org/wiki/Ammonites,200
amorite ebla,https://en.wikipedia.org/wiki/Amorite_Ebla,404
amorite mari,https://en.wikipedia.org/wiki/Amorite_Mari,404
amorite tuttul,https://en.wikipedia.org/wiki/Amorite_Tuttul,404
amorites,https://en.wikipedia.org/wiki/Amorites,200
amurru,https://en.wikipedia.org/wiki/Amurru,200
anarta,https://en.wikipedia.org/wiki/Anarta,200
anatolia,https://en.wikipedia.org/wiki/Anatolia,200
ancient china,https://en.wikipedia.org/wiki/History_of_China,200
ancient egypt,https://en.wikipedia.org/wiki/Ancient_Egypt,200
ancient greece,https://en.wikipedia.org/wiki/Ancient_Greece,200
ancient india,https://en.wikipedia.org/wiki/History_of_India,200
ancient rome,https://en.wikipedia.org/wiki/Ancient_Rome,200
andean peoples,https://en.wikipedia.org/wiki/Andean_Peoples,200
andhra,https://en.wikipedia.org/wiki/Andhra,200
andorra,https://en.wikipedia.org/wiki/Andorra,200
anga,https://en.wikipedia.org/wiki/Anga,200
angola,https://en.wikipedia.org/wiki/Angola,200
anshan,https://en.wikipedia.org/wiki/Anshan,200
antandros,https://en.wikipedia.org/wiki/Antandros,200
antarctica,https://en.wikipedia.org/wiki/Antarctica,200
anti macedon alliance,https://en.wikipedia.org/wiki/Anti_Macedon_Alliance,404
anti roman alliance,https://en.wikipedia.org/wiki/Anti_Roman_Alliance,404
anti spartan alliance,https://en.wikipedia.org/wiki/Anti_Spartan_Alliance,404
antigonid ally,https://en.wikipedia.org/wiki/Antigonid_Ally,404
antigonid kingdom,https://en.wikipedia.org/wiki/Antigonid_Kingdom,404
antigua and barbuda,https://en.wikipedia.org/wiki/Antigua_And_Barbuda,200
antipatrid ally,https://en.wikipedia.org/wiki/Antipatrid_Ally,404
anupa,https://en.wikipedia.org/wiki/Anupa,200
anuradhapura,https://en.wikipedia.org/wiki/Anuradhapura,200
aparytae,https://en.wikipedia.org/wiki/Aparytae,200
apollonia,https://en.wikipedia.org/wiki/Apollonia,200
arabia (ancient),https://en.wikipedia.org/wiki/Arabian_Peninsula,200
arabian peninsula,https://en.wikipedia.org/wiki/Arabian_Peninsula,200
arabs,https://en.wikipedia.org/wiki/Arabs,200
aram damascus,https://en.wikipedia.org/wiki/Aram_Damascus,200
aram-naharim,https://en.wikipedia.org/wiki/Aram-Naharim,404
aram-zobah,https://en.wikipedia.org/wiki/Aram-Zobah,200
aramaeans,https://en.wikipedia.org/wiki/Aramaeans,200
arcadia,https://en.wikipedia.org/wiki/Arcadia,200
arcadian league,https://en.wikipedia.org/wiki/Arcadian_League,200
arctic marine mammal hunters,https://en.wikipedia.org/wiki/Arctic_Marine_Mammal_Hunters,404
arctic peoples,https://en.wikipedia.org/wiki/Arctic_Peoples,404
ardiaei,https://en.wikipedia.org/wiki/Ardiaei,200
argaric culture,https://en.wikipedia.org/wiki/Argaric_Culture,404
argentina,https://en.wikipedia.org/wiki/Argentina,200
argos,https://en.wikipedia.org/wiki/Argos,200
armenia,https://en.wikipedia.org/wiki/Armenia,200
aryan people,https://en.wikipedia.org/wiki/Aryan_People,200
arzawa,https://en.wikipedia.org/wiki/Arzawa,200
asia,https://en.wikipedia.org/wiki/Asia,200
asia minor,https://en.wikipedia.org/wiki/Anatolia,200
asinia,https://en.wikipedia.org/wiki/Asinia,200
assaka,https://en.wikipedia.org/wiki/Assaka,200
assakenoi,https://en.wikipedia.org/wiki/Assakenoi,200
assyria,https://en.wikipedia.org/wiki/Assyria,200
assyrian kingdoms,https://en.wikipedia.org/wiki/Assyrian_Kingdoms,404
assyrian revolt,https://en.wikipedia.org/wiki/Assyrian_Revolt,404
asvaka,https://en.wikipedia.org/wiki/Asvaka,200
athamania,https://en.wikipedia.org/wiki/Athamania,200
athenian ally,https://en.wikipedia.org/wiki/Athenian_Ally,404
athens,https://en.wikipedia.org/wiki/Athens,200
atropatene,https://en.wikipedia.org/wiki/Atropatene,200
atuna,https://en.wikipedia.org/wiki/Atuna,200
audumbaras,https://en.wikipedia.org/wiki/Audumbaras,200
aurunci,https://en.wikipedia.org/wiki/Aurunci,200
australia,https://en.wikipedia.org/wiki/Australia_(continent),200
austria,https://en.wikipedia.org/wiki/Austria,200
austro-asiatic peoples,https://en.wikipedia.org/wiki/Austro-Asiatic_Peoples,404
austronesians,https://en.wikipedia.org/wiki/Austronesians,200
avanti,https://en.wikipedia.org/wiki/Avanti,200
azerbaijan,https://en.wikipedia.org/wiki/Azerbaijan,200
azzi-hayasa,https://en.wikipedia.org/wiki/Azzi-Hayasa,200
ba,https://en.wikipedia.org/wiki/Ba,200
babylon,https://en.wikipedia.org/wiki/Babylon,200
babylon (city),https://en.wikipedia.org/wiki/Babylon,200
babylonia,https://en.wikipedia.org/wiki/Babylonia,200
babylonia (chaldaeans),https://en.wikipedia.org/wiki/Babylonia_(chaldaeans),404
babylonia (isin dynasty),https://en.wikipedia.org/wiki/Babylonia_(isin_Dynasty),404
babylonian revolt,https://en.wikipedia.org/wiki/Babylonian_Revolt,200
babylonian tributary,https://en.wikipedia.org/wiki/Babylonian_Tributary,404
bactrians,https://en.wikipedia.org/wiki/Bactrians,200
baghdad,https://en.wikipedia.org/wiki/Baghdad,200
bahamas,https://en.wikipedia.org/wiki/Bahamas,200
bahrain,https://en.wikipedia.org/wiki/Bahrain,200
baipu,https://en.wikipedia.org/wiki/Baipu,200
balts,https://en.wikipedia.org/wiki/Balts,200
bangladesh,https://en.wikipedia.org/wiki/Bangladesh,200
bantu peoples,https://en.wikipedia.org/wiki/Bantu_Peoples,404
bao,https://en.wikipedia.org/wiki/Bao,200
bao clan,https://en.wikipedia.org/wiki/Bao_Clan,404
barbados,https://en.wikipedia.org/wiki/Barbados,200
bedouins,https://en.wikipedia.org/wiki/Bedouins,200
beijing,https://en.wikipedia.org/wiki/Beijing,200
belarus,https://en.wikipedia.org/wiki/Belarus,200
belgium,https://en.wikipedia.org/wiki/Belgium,200
belize,https://en.wikipedia.org/wiki/Belize,200
bell beaker peoples,https://en.wikipedia.org/wiki/Bell_Beaker_Peoples,404
benin,https://en.wikipedia.org/wiki/Benin,200
berbers,https://en.wikipedia.org/wiki/Berbers,200
berlin,https://en.wikipedia.org/wiki/Berlin,200
bessaei,https://en.wikipedia.org/wiki/Bessaei,404
bhagga,https://en.wikipedia.org/wiki/Bhagga,200
bhojas,https://en.wikipedia.org/wiki/Bhojas,404
bhutan,https://en.wikipedia.org/wiki/Bhutan,200
bit agusi,https://en.wikipedia.org/wiki/Bit_Agusi,200
bit-adini,https://en.wikipedia.org/wiki/Bit-Adini,200
bit-bahiani,https://en.wikipedia.org/wiki/Bit-Bahiani,404
bit-halupe,https://en.wikipedia.org/wiki/Bit-Halupe,200
bit-zamani,https://en.wikipedia.org/wiki/Bit-Zamani,200
bithynia,https://en.wikipedia.org/wiki/Bithynia,200
bithynians,https://en.wikipedia.org/wiki/Bithynians,200
biyang,https://en.wikipedia.org/wiki/Biyang,200
bo,https://en.wikipedia.org/wiki/Bo,200
boeotia,https://en.wikipedia.org/wiki/Boeotia,200
bolivia,https://en.wikipedia.org/wiki/Bolivia,200
bosnia,https://en.wikipedia.org/wiki/Bosnia_and_Herzegovina,200
bosnia and herzegovina,https://en.wikipedia.org/wiki/Bosnia_And_Herzegovina,200
bosporan kingdom,https://en.wikipedia.org/wiki/Bosporan_Kingdom,200
botswana,https://en.wikipedia.org/wiki/Botswana,200
bottiaeans,https://en.wikipedia.org/wiki/Bottiaeans,200
brahmana,https://en.wikipedia.org/wiki/Brahmana,200
brazil,https://en.wikipedia.org/wiki/Brazil,200
britannia,https://en.wikipedia.org/wiki/Roman_Britain,200
brunei,https://en.wikipedia.org/wiki/Brunei,200
bruttian league,https://en.wikipedia.org/wiki/Bruttian_League,429
bruttians,https://en.wikipedia.org/wiki/Bruttians,429
bruttii,https://en.wikipedia.org/wiki/Bruttii,429
bu geng,https://en.wikipedia.org/wiki/Bu_Geng,429
bulgaria,https://en.wikipedia.org/wiki/Bulgaria,200
burkina faso,https://en.wikipedia.org/wiki/Burkina_Faso,200
burundi,https://en.wikipedia.org/wiki/Burundi,200
byzantine empire,https://en.wikipedia.org/wiki/Byzantine_Empire,200
byzantium,https://en.wikipedia.org/wiki/Byzantium,200
cai,https://en.wikipedia.org/wiki/Cai,429
cairo,https://en.wikipedia.org/wiki/Cairo,200
california peoples,https://en.wikipedia.org/wiki/California_Peoples,429
callatis,https://en.wikipedia.org/wiki/Callatis,429
cambodia,https://en.wikipedia.org/wiki/Cambodia,200
cameroon,https://en.wikipedia.org/wiki/Cameroon,200
campania,https://en.wikipedia.org/wiki/Campania,200
campanians,https://en.wikipedia.org/wiki/Campanians,429
canaan,https://en.wikipedia.org/wiki/Canaan,200
canaanites,https://en.wikipedia.org/wiki/Canaanites,429
canada,https://en.wikipedia.org/wiki/Canada,200
cao,https://en.wikipedia.org/wiki/Cao,200
cape verde,https://en.wikipedia.org/wiki/Cape_Verde,200
carduchii,https://en.wikipedia.org/wiki/Carduchii,429
carians,https://en.wikipedia.org/wiki/Carians,200
caribbean peoples,https://en.wikipedia.org/wiki/Caribbean_Peoples,429
carthage,https://en.wikipedia.org/wiki/Carthage,200
carthage (city),https://en.wikipedia.org/wiki/Carthage,200
carthaginian ally,https://en.wikipedia.org/wiki/Carthaginian_Ally,429
carthaginian tributary,https://en.wikipedia.org/wiki/Carthaginian_Tributary,429
carystus,https://en.wikipedia.org/wiki/Carystus,429
catane,https://en.wikipedia.org/wiki/Catane,429
caucasians,https://en.wikipedia.org/wiki/Caucasians,429
caucasus,https://en.wikipedia.org/wiki/Caucasus,200
cedi,https://en.wikipedia.org/wiki/Cedi,429
celtic mercenaries,https://en.wikipedia.org/wiki/Celtic_Mercenaries,429
celto-ligurians,https://en.wikipedia.org/wiki/Celto-Ligurians,429
celts,https://en.wikipedia.org/wiki/Celts,200
central african peoples,https://en.wikipedia.org/wiki/Central_African_Peoples,429
central african republic,https://en.wikipedia.org/wiki/Central_African_Republic,200
central asia,https://en.wikipedia.org/wiki/Central_Asia,200
chad,https://en.wikipedia.org/wiki/Chad,200
chadian people,https://en.wikipedia.org/wiki/Chadian_People,429
chalcidian league,https://en.wikipedia.org/wiki/Chalcidian_League,429
chalcis,https://en.wikipedia.org/wiki/Chalcis,200
chaldaea,https://en.wikipedia.org/wiki/Chaldaea,429
changdi,https://en.wikipedia.org/wiki/Changdi,429
chao,https://en.wikipedia.org/wiki/Chao,429
chaonia,https://en.wikipedia.org/wiki/Chaonia,429
chaonians,https://en.wikipedia.org/wiki/Chaonians,429
chavin culture,https://en.wikipedia.org/wiki/Chavin_Culture,429
chen,https://en.wikipedia.org/wiki/Chen,429
cheng,https://en.wikipedia.org/wiki/Cheng,200
chera,https://en.wikipedia.org/wiki/Chera,429
chile,https://en.wikipedia.org/wiki/Chile,200
china,https://en.wikipedia.org/wiki/China,200
chinchorro culture,https://en.wikipedia.org/wiki/Chinchorro_Culture,429
chios,https://en.wikipedia.org/wiki/Chios,200
chola,https://en.wikipedia.org/wiki/Chola,429
chorrera culture,https://en.wikipedia.org/wiki/Chorrera_Culture,429
chu,https://en.wikipedia.org/wiki/Chu,429
cilicia,https://en.wikipedia.org/wiki/Cilicia,200
cimmerian kingdom,https://en.wikipedia.org/wiki/Cimmerian_Kingdom,429
cimmerians,https://en.wikipedia.org/wiki/Cimmerians,200
civil war,https://en.wikipedia.org/wiki/Civil_War,429
clan warfare,https://en.wikipedia.org/wiki/Clan_Warfare,429
colchis,https://en.wikipedia.org/wiki/Colchis,429
colombia,https://en.wikipedia.org/wiki/Colombia,200
comoros,https://en.wikipedia.org/wiki/Comoros,200
cong,https://en.wikipedia.org/wiki/Cong,200
congo,https://en.wikipedia.org/wiki/Democratic_Republic_of_the_Congo,200
constantinople,https://en.wikipedia.org/wiki/Constantinople,200
corcyra,https://en.wikipedia.org/wiki/Corcyra,429
corinthia,https://en.wikipedia.org/wiki/Corinthia,200
coronea,https://en.wikipedia.org/wiki/Coronea,429
cossaeans,https://en.wikipedia.org/wiki/Cossaeans,429
costa rica,https://en.wikipedia.org/wiki/Costa_Rica,200
cretan city states,https://en.wikipedia.org/wiki/Cretan_City_States,429
croatia,https://en.wikipedia.org/wiki/Croatia,200
croton,https://en.wikipedia.org/wiki/Croton,200
cuba,https://en.wikipedia.org/wiki/Cuba,200
cushitic people,https://en.wikipedia.org/wiki/Cushitic_People,429
cypriot kingdoms,https://en.wikipedia.org/wiki/Cypriot_Kingdoms,429
cyprus,https://en.wikipedia.org/wiki/Cyprus,200
cyzicus,https://en.wikipedia.org/wiki/Cyzicus,200
czech republic,https://en.wikipedia.org/wiki/Czech_Republic,200
côte d'ivoire,https://en.wikipedia.org/wiki/Côte_D'ivoire,ERROR: 'ascii' codec can't encode character '\xf4' in position 12: ordinal not in range(128)
d'mt,https://en.wikipedia.org/wiki/D'mt,429
dai,https://en.wikipedia.org/wiki/Dai,429
dai(2),https://en.wikipedia.org/wiki/Dai(2),429
dali,https://en.wikipedia.org/wiki/Dali,429
dan,https://en.wikipedia.org/wiki/Dan,429
dao,https://en.wikipedia.org/wiki/Dao,200
daoi,https://en.wikipedia.org/wiki/Daoi,429
dapeng,https://en.wikipedia.org/wiki/Dapeng,429
daradas,https://en.wikipedia.org/wiki/Daradas,429
dardani,https://en.wikipedia.org/wiki/Dardani,429
dasarnas,https://en.wikipedia.org/wiki/Dasarnas,429
dassaretis,https://en.wikipedia.org/wiki/Dassaretis,429
daunians,https://en.wikipedia.org/wiki/Daunians,429
dayenu,https://en.wikipedia.org/wiki/Dayenu,429
delhi,https://en.wikipedia.org/wiki/Delhi,200
delian league,https://en.wikipedia.org/wiki/Delian_League,200
delphi,https://en.wikipedia.org/wiki/Delphi,200
deng,https://en.wikipedia.org/wiki/Deng,429
denmark,https://en.wikipedia.org/wiki/Denmark,200
desert cultures,https://en.wikipedia.org/wiki/Desert_Cultures,429
di,https://en.wikipedia.org/wiki/Di,200
di(2),https://en.wikipedia.org/wiki/Di(2),429
diauekhi,https://en.wikipedia.org/wiki/Diauekhi,429
dilmun,https://en.wikipedia.org/wiki/Dilmun,429
djibouti,https://en.wikipedia.org/wiki/Djibouti,200
dolopia,https://en.wikipedia.org/wiki/Dolopia,429
domain of amphimakhos,https://en.wikipedia.org/wiki/Domain_Of_Amphimakhos,429
domain of antigenes,https://en.wikipedia.org/wiki/Domain_Of_Antigenes,429
domain of antigonus,https://en.wikipedia.org/wiki/Domain_Of_Antigonus,429
domain of asandros,https://en.wikipedia.org/wiki/Domain_Of_Asandros,429
domain of cassander,https://en.wikipedia.org/wiki/Domain_Of_Cassander,429
domain of eudemus,https://en.wikipedia.org/wiki/Domain_Of_Eudemus,429
domain of eumenes,https://en.wikipedia.org/wiki/Domain_Of_Eumenes,429
domain of lysimakhos,https://en.wikipedia.org/wiki/Domain_Of_Lysimakhos,429
domain of mithridates,https://en.wikipedia.org/wiki/Domain_Of_Mithridates,429
domain of oxyartes,https://en.wikipedia.org/wiki/Domain_Of_Oxyartes,429
domain of peithon,https://en.wikipedia.org/wiki/Domain_Of_Peithon,429
domain of peithon (son of agenor),https://en.wikipedia.org/wiki/Domain_Of_Peithon_(son_Of_Agenor),429
domain of peukestas,https://en.wikipedia.org/wiki/Domain_Of_Peukestas,429
domain of philip,https://en.wikipedia.org/wiki/Domain_Of_Philip,429
domain of philoxenos,https://en.wikipedia.org/wiki/Domain_Of_Philoxenos,429
domain of polyperchon,https://en.wikipedia.org/wiki/Domain_Of_Polyperchon,429
domain of ptolemy,https://en.wikipedia.org/wiki/Domain_Of_Ptolemy,429
domain of seleucus,https://en.wikipedia.org/wiki/Domain_Of_Seleucus,429
domain of sibyrtios,https://en.wikipedia.org/wiki/Domain_Of_Sibyrtios,429
domain of stasandros,https://en.wikipedia.org/wiki/Domain_Of_Stasandros,429
domain of stasanor,https://en.wikipedia.org/wiki/Domain_Of_Stasanor,429
domain of tlepolemos,https://en.wikipedia.org/wiki/Domain_Of_Tlepolemos,429
dominica,https://en.wikipedia.org/wiki/Dominica,200
dominican republic,https://en.wikipedia.org/wiki/Dominican_Republic,200
donghu,https://en.wikipedia.org/wiki/Donghu,429
dongyi peoples,https://en.wikipedia.org/wiki/Dongyi_Peoples,429
dorians,https://en.wikipedia.org/wiki/Dorians,200
doris,https://en.wikipedia.org/wiki/Doris,429
dravidians,https://en.wikipedia.org/wiki/Dravidians,429
du,https://en.wikipedia.org/wiki/Du,200
duan,https://en.wikipedia.org/wiki/Duan,429
duchy of jin,https://en.wikipedia.org/wiki/Duchy_Of_Jin,429
dun,https://en.wikipedia.org/wiki/Dun,200
dvaraka,https://en.wikipedia.org/wiki/Dvaraka,429
e,https://en.wikipedia.org/wiki/E,200
east african peoples,https://en.wikipedia.org/wiki/East_African_Peoples,429
eastern guo,https://en.wikipedia.org/wiki/Eastern_Guo,429
eastern woodland peoples,https://en.wikipedia.org/wiki/Eastern_Woodland_Peoples,429
ecuador,https://en.wikipedia.org/wiki/Ecuador,200
edomites,https://en.wikipedia.org/wiki/Edomites,429
egypt,https://en.wikipedia.org/wiki/Egypt,200
egypt: (herakleopolis),https://en.wikipedia.org/wiki/Egypt:_(herakleopolis),429
egypt: (hermopolis),https://en.wikipedia.org/wiki/Egypt:_(hermopolis),429
egypt: areas of unrest,https://en.wikipedia.org/wiki/Egypt:_Areas_Of_Unrest,429
egypt: heracleopolitans,https://en.wikipedia.org/wiki/Egypt:_Heracleopolitans,429
egypt: hyksos,https://en.wikipedia.org/wiki/Egypt:_Hyksos,429
egypt: middle kingdom,https://en.wikipedia.org/wiki/Egypt:_Middle_Kingdom,429
egypt: new kingdom,https://en.wikipedia.org/wiki/Egypt:_New_Kingdom,429
egypt: old kdm,https://en.wikipedia.org/wiki/Egypt:_Old_Kdm,429
egypt: rebellion of pedubast,https://en.wikipedia.org/wiki/Egypt:_Rebellion_Of_Pedubast,429
egypt: revolt of amasis,https://en.wikipedia.org/wiki/Egypt:_Revolt_Of_Amasis,429
egypt: tanites,https://en.wikipedia.org/wiki/Egypt:_Tanites,429
egypt: thebans,https://en.wikipedia.org/wiki/Egypt:_Thebans,429
egypt: thirtieth dynasty,https://en.wikipedia.org/wiki/Egypt:_Thirtieth_Dynasty,429
egypt: twenty eighth dynasty,https://en.wikipedia.org/wiki/Egypt:_Twenty_Eighth_Dynasty,429
egypt: twenty fourth dynasty,https://en.wikipedia.org/wiki/Egypt:_Twenty_Fourth_Dynasty,429
egypt: twenty ninth dynasty,https://en.wikipedia.org/wiki/Egypt:_Twenty_Ninth_Dynasty,429
egypt: twenty second dynasty,https://en.wikipedia.org/wiki/Egypt:_Twenty_Second_Dynasty,429
egypt: twenty sixth dynasty,https://en.wikipedia.org/wiki/Egypt:_Twenty_Sixth_Dynasty,429
egypt: twenty sixth dynasty tributary,https://en.wikipedia.org/wiki/Egypt:_Twenty_Sixth_Dynasty_Tributary,429
egypt: twenty third dynasty,https://en.wikipedia.org/wiki/Egypt:_Twenty_Third_Dynasty,429
el paraiso culture,https://en.wikipedia.org/wiki/El_Paraiso_Culture,429
el salvador,https://en.wikipedia.org/wiki/El_Salvador,200
elam,https://en.wikipedia.org/wiki/Elam,200
elamite tributary,https://en.wikipedia.org/wiki/Elamite_Tributary,429
elimiotis,https://en.wikipedia.org/wiki/Elimiotis,429
elis,https://en.wikipedia.org/wiki/Elis,200
ellipi,https://en.wikipedia.org/wiki/Ellipi,429
elymians,https://en.wikipedia.org/wiki/Elymians,429
enchele,https://en.wikipedia.org/wiki/Enchele,429
england,https://en.wikipedia.org/wiki/England,200
enzite,https://en.wikipedia.org/wiki/Enzite,429
eordaia,https://en.wikipedia.org/wiki/Eordaia,429
epicnemidian locris,https://en.wikipedia.org/wiki/Epicnemidian_Locris,429
epidauria,https://en.wikipedia.org/wiki/Epidauria,429
epirote ally,https://en.wikipedia.org/wiki/Epirote_Ally,429
equatorial guinea,https://en.wikipedia.org/wiki/Equatorial_Guinea,200
er,https://en.wikipedia.org/wiki/Er,429
eretria,https://en.wikipedia.org/wiki/Eretria,429
eriakhi,https://en.wikipedia.org/wiki/Eriakhi,429
erikuakhi,https://en.wikipedia.org/wiki/Erikuakhi,429
eritrea,https://en.wikipedia.org/wiki/Eritrea,200
erligang culture,https://en.wikipedia.org/wiki/Erligang_Culture,429
erlitou culture,https://en.wikipedia.org/wiki/Erlitou_Culture,429
estonia,https://en.wikipedia.org/wiki/Estonia,200
ethiopia,https://en.wikipedia.org/wiki/Ethiopia,200
etiukhi,https://en.wikipedia.org/wiki/Etiukhi,429
etiuni,https://en.wikipedia.org/wiki/Etiuni,429
etruria,https://en.wikipedia.org/wiki/Etruria,200
etruscans,https://en.wikipedia.org/wiki/Etruscans,429
euboea,https://en.wikipedia.org/wiki/Euboea,200
eurasia,https://en.wikipedia.org/wiki/Eurasia,200
europe,https://en.wikipedia.org/wiki/Europe,200
fan,https://en.wikipedia.org/wiki/Fan,200
fan clan,https://en.wikipedia.org/wiki/Fan_Clan,429
fan(2),https://en.wikipedia.org/wiki/Fan(2),429
fang,https://en.wikipedia.org/wiki/Fang,200
fei,https://en.wikipedia.org/wiki/Fei,429
feng,https://en.wikipedia.org/wiki/Feng,429
fertile crescent,https://en.wikipedia.org/wiki/Fertile_Crescent,200
fiji,https://en.wikipedia.org/wiki/Fiji,200
finland,https://en.wikipedia.org/wiki/Finland,200
finns,https://en.wikipedia.org/wiki/Finns,200
france,https://en.wikipedia.org/wiki/France,200
gabon,https://en.wikipedia.org/wiki/Gabon,200
gambia,https://en.wikipedia.org/wiki/Gambia,200
gandhara,https://en.wikipedia.org/wiki/Gandhara,200
gao,https://en.wikipedia.org/wiki/Gao,200
gao clan,https://en.wikipedia.org/wiki/Gao_Clan,429
gaoluo,https://en.wikipedia.org/wiki/Gaoluo,429
garamantes,https://en.wikipedia.org/wiki/Garamantes,200
gaul,https://en.wikipedia.org/wiki/Gaul,200
ge,https://en.wikipedia.org/wiki/Ge,429
gedrosia,https://en.wikipedia.org/wiki/Gedrosia,429
gela,https://en.wikipedia.org/wiki/Gela,200
geng,https://en.wikipedia.org/wiki/Geng,429
genmou,https://en.wikipedia.org/wiki/Genmou,429
georgia,https://en.wikipedia.org/wiki/Georgia_(country),200
germania,https://en.wikipedia.org/wiki/Germania,200
germany,https://en.wikipedia.org/wiki/Germany,200
geshur,https://en.wikipedia.org/wiki/Geshur,429
getae,https://en.wikipedia.org/wiki/Getae,200
ghana,https://en.wikipedia.org/wiki/Ghana,200
gilead,https://en.wikipedia.org/wiki/Gilead,200
gilzanu,https://en.wikipedia.org/wiki/Gilzanu,429
gojoseon,https://en.wikipedia.org/wiki/Gojoseon,200
gong,https://en.wikipedia.org/wiki/Gong,200
gong(2),https://en.wikipedia.org/wiki/Gong(2),429
great britain,https://en.wikipedia.org/wiki/Great_Britain,200
great chiefs of the meshwesh,https://en.wikipedia.org/wiki/Great_Chiefs_Of_The_Meshwesh,429
greece,https://en.wikipedia.org/wiki/Greece,200
greek alliance,https://en.wikipedia.org/wiki/Greek_Alliance,429
greek mercenaries,https://en.wikipedia.org/wiki/Greek_Mercenaries,429
greeks,https://en.wikipedia.org/wiki/Greeks,200
grenada,https://en.wikipedia.org/wiki/Grenada,200
gu,https://en.wikipedia.org/wiki/Gu,429
gu(2),https://en.wikipedia.org/wiki/Gu(2),429
guang,https://en.wikipedia.org/wiki/Guang,429
guatemala,https://en.wikipedia.org/wiki/Guatemala,200
gui,https://en.wikipedia.org/wiki/Gui,429
guifang,https://en.wikipedia.org/wiki/Guifang,429
guinea,https://en.wikipedia.org/wiki/Guinea,200
guinea bissau,https://en.wikipedia.org/wiki/Guinea_Bissau,429
guo,https://en.wikipedia.org/wiki/Guo,429
guo clan,https://en.wikipedia.org/wiki/Guo_Clan,429
gurgum,https://en.wikipedia.org/wiki/Gurgum,429
guti,https://en.wikipedia.org/wiki/Guti,200
guti tributary,https://en.wikipedia.org/wiki/Guti_Tributary,429
guyana,https://en.wikipedia.org/wiki/Guyana,200
guzanu,https://en.wikipedia.org/wiki/Guzanu,429
guzhu,https://en.wikipedia.org/wiki/Guzhu,429
haihayas,https://en.wikipedia.org/wiki/Haihayas,200
haiti,https://en.wikipedia.org/wiki/Haiti,200
haliartos,https://en.wikipedia.org/wiki/Haliartos,429
hamaranu,https://en.wikipedia.org/wiki/Hamaranu,429
han,https://en.wikipedia.org/wiki/Han,200
han(2),https://en.wikipedia.org/wiki/Han(2),429
hann,https://en.wikipedia.org/wiki/Hann,429
hann clan,https://en.wikipedia.org/wiki/Hann_Clan,429
hapalla,https://en.wikipedia.org/wiki/Hapalla,429
harhar,https://en.wikipedia.org/wiki/Harhar,429
harshi,https://en.wikipedia.org/wiki/Harshi,429
hattians,https://en.wikipedia.org/wiki/Hattians,200
hellenic league,https://en.wikipedia.org/wiki/Hellenic_League,429
helmand and jiroft cultures,https://en.wikipedia.org/wiki/Helmand_And_Jiroft_Cultures,429
helot revolt,https://en.wikipedia.org/wiki/Helot_Revolt,429
heraklea pontica,https://en.wikipedia.org/wiki/Heraklea_Pontica,429
hermionis,https://en.wikipedia.org/wiki/Hermionis,429
hernici,https://en.wikipedia.org/wiki/Hernici,429
hilakku,https://en.wikipedia.org/wiki/Hilakku,429
himera,https://en.wikipedia.org/wiki/Himera,200
hindanu,https://en.wikipedia.org/wiki/Hindanu,429
hittites,https://en.wikipedia.org/wiki/Hittites,200
honduras,https://en.wikipedia.org/wiki/Honduras,200
horn of africa,https://en.wikipedia.org/wiki/Horn_of_Africa,200
hu,https://en.wikipedia.org/wiki/Hu,429
hu(2),https://en.wikipedia.org/wiki/Hu(2),429
hu(3),https://en.wikipedia.org/wiki/Hu(3),429
hua,https://en.wikipedia.org/wiki/Hua,429
huaiyi,https://en.wikipedia.org/wiki/Huaiyi,429
huaiyi peoples,https://en.wikipedia.org/wiki/Huaiyi_Peoples,429
huang,https://en.wikipedia.org/wiki/Huang,429
hubushkia,https://en.wikipedia.org/wiki/Hubushkia,429
hungary,https://en.wikipedia.org/wiki/Hungary,200
huo,https://en.wikipedia.org/wiki/Huo,200
hupis(h)na,https://en.wikipedia.org/wiki/Hupis(h)na,429
hurrian kingdom,https://en.wikipedia.org/wiki/Hurrian_Kingdom,429
hurrian kingdoms,https://en.wikipedia.org/wiki/Hurrian_Kingdoms,429
hurrians,https://en.wikipedia.org/wiki/Hurrians,200
iapygii,https://en.wikipedia.org/wiki/Iapygii,429
iberia (ancient),https://en.wikipedia.org/wiki/Iberian_Peninsula,200
iberians,https://en.wikipedia.org/wiki/Iberians,200
iceland,https://en.wikipedia.org/wiki/Iceland,200
idamaraz,https://en.wikipedia.org/wiki/Idamaraz,429
ikshvakus,https://en.wikipedia.org/wiki/Ikshvakus,429
illyrian kingdom,https://en.wikipedia.org/wiki/Illyrian_Kingdom,429
illyrian tributary,https://en.wikipedia.org/wiki/Illyrian_Tributary,429
illyrians,https://en.wikipedia.org/wiki/Illyrians,200
illyrioi,https://en.wikipedia.org/wiki/Illyrioi,429
imbros,https://en.wikipedia.org/wiki/Imbros,429
india,https://en.wikipedia.org/wiki/India,200
indo-aryans,https://en.wikipedia.org/wiki/Indo-Aryans,200
indonesia,https://en.wikipedia.org/wiki/Indonesia,200
indus valley,https://en.wikipedia.org/wiki/Indus_Valley_Civilisation,200
indus valley civilization,https://en.wikipedia.org/wiki/Indus_Valley_Civilization,200
indus valley peoples,https://en.wikipedia.org/wiki/Indus_Valley_Peoples,429
ionian league,https://en.wikipedia.org/wiki/Ionian_League,429
ionians,https://en.wikipedia.org/wiki/Ionians,200
iran,https://en.wikipedia.org/wiki/Iran,200
iranians,https://en.wikipedia.org/wiki/Iranians,429
iraq,https://en.wikipedia.org/wiki/Iraq,200
ireland,https://en.wikipedia.org/wiki/Ireland,200
ishtu(a)nda,https://en.wikipedia.org/wiki/Ishtu(a)nda,429
israel,https://en.wikipedia.org/wiki/Israel,200
israel (ancient),https://en.wikipedia.org/wiki/Kingdom_of_Israel_(united_monarchy),200
israel/samaria,https://en.wikipedia.org/wiki/Israel/samaria,429
israelites,https://en.wikipedia.org/wiki/Israelites,200
istanbul,https://en.wikipedia.org/wiki/Istanbul,200
istros,https://en.wikipedia.org/wiki/Istros,429
isuwa,https://en.wikipedia.org/wiki/Isuwa,429
itabalhum,https://en.wikipedia.org/wiki/Itabalhum,429
italics,https://en.wikipedia.org/wiki/Italics,429
italiote league,https://en.wikipedia.org/wiki/Italiote_League,429
italy,https://en.wikipedia.org/wiki/Italy,200
jamaica,https://en.wikipedia.org/wiki/Jamaica,200
japan,https://en.wikipedia.org/wiki/Japan,200
jerusalem,https://en.wikipedia.org/wiki/Jerusalem,200
ji,https://en.wikipedia.org/wiki/Ji,200
ji(2),https://en.wikipedia.org/wiki/Ji(2),429
ji(3),https://en.wikipedia.org/wiki/Ji(3),429
ji(4),https://en.wikipedia.org/wiki/Ji(4),429
ji(5),https://en.wikipedia.org/wiki/Ji(5),429
ji(6),https://en.wikipedia.org/wiki/Ji(6),429
jia,https://en.wikipedia.org/wiki/Jia,429
jiang,https://en.wikipedia.org/wiki/Jiang,429
jiang qi,https://en.wikipedia.org/wiki/Jiang_Qi,429
jiang(2),https://en.wikipedia.org/wiki/Jiang(2),429
jiao,https://en.wikipedia.org/wiki/Jiao,429
jie,https://en.wikipedia.org/wiki/Jie,429
jin,https://en.wikipedia.org/wiki/Jin,429
jomon culture,https://en.wikipedia.org/wiki/Jomon_Culture,429
jordan,https://en.wikipedia.org/wiki/Jordan,200
ju,https://en.wikipedia.org/wiki/Ju,200
ju(2),https://en.wikipedia.org/wiki/Ju(2),429
judah,https://en.wikipedia.org/wiki/Judah,200
judah tributary,https://en.wikipedia.org/wiki/Judah_Tributary,429
judea,https://en.wikipedia.org/wiki/Judea,200
jun,https://en.wikipedia.org/wiki/Jun,429
kaccha,https://en.wikipedia.org/wiki/Kaccha,429
kadmuhu,https://en.wikipedia.org/wiki/Kadmuhu,429
kalama,https://en.wikipedia.org/wiki/Kalama,200
kalasma,https://en.wikipedia.org/wiki/Kalasma,429
kalaurian amphictiony,https://en.wikipedia.org/wiki/Kalaurian_Amphictiony,429
kalinga,https://en.wikipedia.org/wiki/Kalinga,429
kamarina,https://en.wikipedia.org/wiki/Kamarina,429
kamboja,https://en.wikipedia.org/wiki/Kamboja,429
kappadokia,https://en.wikipedia.org/wiki/Kappadokia,429
karakhar,https://en.wikipedia.org/wiki/Karakhar,429
karalla,https://en.wikipedia.org/wiki/Karalla,200
karmania,https://en.wikipedia.org/wiki/Karmania,429
karusha,https://en.wikipedia.org/wiki/Karusha,429
kasheyas,https://en.wikipedia.org/wiki/Kasheyas,429
kasi,https://en.wikipedia.org/wiki/Kasi,200
kaskas,https://en.wikipedia.org/wiki/Kaskas,429
kasmira,https://en.wikipedia.org/wiki/Kasmira,429
kassites,https://en.wikipedia.org/wiki/Kassites,200
kazakhstan,https://en.wikipedia.org/wiki/Kazakhstan,200
kekaya,https://en.wikipedia.org/wiki/Kekaya,429
kenya,https://en.wikipedia.org/wiki/Kenya,200
khoisan peoples,https://en.wikipedia.org/wiki/Khoisan_Peoples,429
khorasmia,https://en.wikipedia.org/wiki/Khorasmia,429
kimash,https://en.wikipedia.org/wiki/Kimash,429
kingdom of adab,https://en.wikipedia.org/wiki/Kingdom_Of_Adab,429
kingdom of adanaya,https://en.wikipedia.org/wiki/Kingdom_Of_Adanaya,429
kingdom of akshak,https://en.wikipedia.org/wiki/Kingdom_Of_Akshak,429
kingdom of alakhtum,https://en.wikipedia.org/wiki/Kingdom_Of_Alakhtum,429
kingdom of andarig,https://en.wikipedia.org/wiki/Kingdom_Of_Andarig,429
kingdom of argos,https://en.wikipedia.org/wiki/Kingdom_Of_Argos,429
kingdom of armenia,https://en.wikipedia.org/wiki/Kingdom_Of_Armenia,429
kingdom of arrapha,https://en.wikipedia.org/wiki/Kingdom_Of_Arrapha,429
kingdom of assyria,https://en.wikipedia.org/wiki/Kingdom_Of_Assyria,429
kingdom of awan,https://en.wikipedia.org/wiki/Kingdom_Of_Awan,429
kingdom of babylon,https://en.wikipedia.org/wiki/Kingdom_Of_Babylon,429
kingdom of carchemish,https://en.wikipedia.org/wiki/Kingdom_Of_Carchemish,429
kingdom of cyrene,https://en.wikipedia.org/wiki/Kingdom_Of_Cyrene,429
kingdom of der,https://en.wikipedia.org/wiki/Kingdom_Of_Der,429
kingdom of ebla,https://en.wikipedia.org/wiki/Kingdom_Of_Ebla,429
kingdom of epirus,https://en.wikipedia.org/wiki/Kingdom_Of_Epirus,429
kingdom of eshnunna,https://en.wikipedia.org/wiki/Kingdom_Of_Eshnunna,429
kingdom of hamath,https://en.wikipedia.org/wiki/Kingdom_Of_Hamath,429
kingdom of illyria,https://en.wikipedia.org/wiki/Kingdom_Of_Illyria,429
kingdom of irqata,https://en.wikipedia.org/wiki/Kingdom_Of_Irqata,429
kingdom of isin,https://en.wikipedia.org/wiki/Kingdom_Of_Isin,429
kingdom of israel,https://en.wikipedia.org/wiki/Kingdom_Of_Israel,429
kingdom of judah,https://en.wikipedia.org/wiki/Kingdom_Of_Judah,429
kingdom of kanesh,https://en.wikipedia.org/wiki/Kingdom_Of_Kanesh,429
kingdom of kazallu,https://en.wikipedia.org/wiki/Kingdom_Of_Kazallu,429
kingdom of kish,https://en.wikipedia.org/wiki/Kingdom_Of_Kish,429
kingdom of kisurra,https://en.wikipedia.org/wiki/Kingdom_Of_Kisurra,429
kingdom of kummuh,https://en.wikipedia.org/wiki/Kingdom_Of_Kummuh,429
kingdom of kush,https://en.wikipedia.org/wiki/Kingdom_Of_Kush,429
kingdom of kussara,https://en.wikipedia.org/wiki/Kingdom_Of_Kussara,429
kingdom of lagash,https://en.wikipedia.org/wiki/Kingdom_Of_Lagash,429
kingdom of larsa,https://en.wikipedia.org/wiki/Kingdom_Of_Larsa,429
kingdom of lysimakhos,https://en.wikipedia.org/wiki/Kingdom_Of_Lysimakhos,429
kingdom of macedon,https://en.wikipedia.org/wiki/Kingdom_Of_Macedon,429
kingdom of macedonia,https://en.wikipedia.org/wiki/Kingdom_Of_Macedonia,429
kingdom of malgium,https://en.wikipedia.org/wiki/Kingdom_Of_Malgium,429
kingdom of mari,https://en.wikipedia.org/wiki/Kingdom_Of_Mari,429
kingdom of melid,https://en.wikipedia.org/wiki/Kingdom_Of_Melid,429
kingdom of mitanni,https://en.wikipedia.org/wiki/Kingdom_Of_Mitanni,429
kingdom of purushanda,https://en.wikipedia.org/wiki/Kingdom_Of_Purushanda,429
kingdom of qadesh,https://en.wikipedia.org/wiki/Kingdom_Of_Qadesh,429
kingdom of qatna,https://en.wikipedia.org/wiki/Kingdom_Of_Qatna,429
kingdom of rome,https://en.wikipedia.org/wiki/Kingdom_Of_Rome,429
kingdom of sam'al,https://en.wikipedia.org/wiki/Kingdom_Of_Sam'al,429
kingdom of sindica,https://en.wikipedia.org/wiki/Kingdom_Of_Sindica,429
kingdom of sparta,https://en.wikipedia.org/wiki/Kingdom_Of_Sparta,429
kingdom of syracuse,https://en.wikipedia.org/wiki/Kingdom_Of_Syracuse,429
kingdom of terqa,https://en.wikipedia.org/wiki/Kingdom_Of_Terqa,429
kingdom of the grabaei,https://en.wikipedia.org/wiki/Kingdom_Of_The_Grabaei,429
kingdom of tuttul,https://en.wikipedia.org/wiki/Kingdom_Of_Tuttul,429
kingdom of tylis,https://en.wikipedia.org/wiki/Kingdom_Of_Tylis,429
kingdom of ugarit,https://en.wikipedia.org/wiki/Kingdom_Of_Ugarit,429
kingdom of ur,https://en.wikipedia.org/wiki/Kingdom_Of_Ur,429
kingdom of uruk,https://en.wikipedia.org/wiki/Kingdom_Of_Uruk,429
kingdom of zalpa,https://en.wikipedia.org/wiki/Kingdom_Of_Zalpa,429
kios,https://en.wikipedia.org/wiki/Kios,200
kirati,https://en.wikipedia.org/wiki/Kirati,429
kiribati,https://en.wikipedia.org/wiki/Kiribati,200
kirruru,https://en.wikipedia.org/wiki/Kirruru,429
kizzuwatna,https://en.wikipedia.org/wiki/Kizzuwatna,429
koliya,https://en.wikipedia.org/wiki/Koliya,429
konkana,https://en.wikipedia.org/wiki/Konkana,429
kopai,https://en.wikipedia.org/wiki/Kopai,429
korea,https://en.wikipedia.org/wiki/Korea,200
koreans,https://en.wikipedia.org/wiki/Koreans,200
kosala,https://en.wikipedia.org/wiki/Kosala,429
kotosh culture,https://en.wikipedia.org/wiki/Kotosh_Culture,429
ksudrakas,https://en.wikipedia.org/wiki/Ksudrakas,429
kuai,https://en.wikipedia.org/wiki/Kuai,429
kui,https://en.wikipedia.org/wiki/Kui,429
kuninda,https://en.wikipedia.org/wiki/Kuninda,429
kuntala,https://en.wikipedia.org/wiki/Kuntala,429
kunti,https://en.wikipedia.org/wiki/Kunti,429
kunwu,https://en.wikipedia.org/wiki/Kunwu,429
kuru,https://en.wikipedia.org/wiki/Kuru,200
kush tributary,https://en.wikipedia.org/wiki/Kush_Tributary,429
kuwait,https://en.wikipedia.org/wiki/Kuwait,200
kyme,https://en.wikipedia.org/wiki/Kyme,429
kyrgyzstan,https://en.wikipedia.org/wiki/Kyrgyzstan,200
lagash,https://en.wikipedia.org/wiki/Lagash,200
lai,https://en.wikipedia.org/wiki/Lai,429
lai(2),https://en.wikipedia.org/wiki/Lai(2),429
laiyi,https://en.wikipedia.org/wiki/Laiyi,429
land of bel-harran-beli-user,https://en.wikipedia.org/wiki/Land_Of_Bel-Harran-Beli-User,429
land of shamash-resha-user,https://en.wikipedia.org/wiki/Land_Of_Shamash-Resha-User,429
land of tartanu shamshi-ilu,https://en.wikipedia.org/wiki/Land_Of_Tartanu_Shamshi-Ilu,429
laos,https://en.wikipedia.org/wiki/Laos,200
laqe,https://en.wikipedia.org/wiki/Laqe,429
larak,https://en.wikipedia.org/wiki/Larak,429
larissa,https://en.wikipedia.org/wiki/Larissa,200
latin league,https://en.wikipedia.org/wiki/Latin_League,429
latins,https://en.wikipedia.org/wiki/Latins,200
latvia,https://en.wikipedia.org/wiki/Latvia,200
lauhitya,https://en.wikipedia.org/wiki/Lauhitya,429
league of argos,https://en.wikipedia.org/wiki/League_Of_Argos,429
lebadeia,https://en.wikipedia.org/wiki/Lebadeia,429
lebanon,https://en.wikipedia.org/wiki/Lebanon,200
leichtenstein,https://en.wikipedia.org/wiki/Leichtenstein,429
leontini,https://en.wikipedia.org/wiki/Leontini,429
lesbos,https://en.wikipedia.org/wiki/Lesbos,200
lesotho,https://en.wikipedia.org/wiki/Lesotho,429
levant,https://en.wikipedia.org/wiki/Levant,200
li,https://en.wikipedia.org/wiki/Li,200
li rong,https://en.wikipedia.org/wiki/Li_Rong,429
li(2),https://en.wikipedia.org/wiki/Li(2),429
li(3),https://en.wikipedia.org/wiki/Li(3),429
liang,https://en.wikipedia.org/wiki/Liang,429
liao,https://en.wikipedia.org/wiki/Liao,429
liao(2),https://en.wikipedia.org/wiki/Liao(2),429
liberia,https://en.wikipedia.org/wiki/Liberia,200
liburnians,https://en.wikipedia.org/wiki/Liburnians,429
libya,https://en.wikipedia.org/wiki/Libya,200
libyans,https://en.wikipedia.org/wiki/Libyans,200
libyphoenices,https://en.wikipedia.org/wiki/Libyphoenices,429
ligurians,https://en.wikipedia.org/wiki/Ligurians,429
lingzhi,https://en.wikipedia.org/wiki/Lingzhi,429
linhu,https://en.wikipedia.org/wiki/Linhu,429
lithuania,https://en.wikipedia.org/wiki/Lithuania,200
little guo,https://en.wikipedia.org/wiki/Little_Guo,429
liu,https://en.wikipedia.org/wiki/Liu,200
locri,https://en.wikipedia.org/wiki/Locri,429
london,https://en.wikipedia.org/wiki/London,200
longshan culture,https://en.wikipedia.org/wiki/Longshan_Culture,429
loufan,https://en.wikipedia.org/wiki/Loufan,429
lower macedon,https://en.wikipedia.org/wiki/Lower_Macedon,429
lu,https://en.wikipedia.org/wiki/Lu,429
lu(2),https://en.wikipedia.org/wiki/Lu(2),429
lu(3),https://en.wikipedia.org/wiki/Lu(3),429
lucani,https://en.wikipedia.org/wiki/Lucani,429
lucanians,https://en.wikipedia.org/wiki/Lucanians,429
luhun rong,https://en.wikipedia.org/wiki/Luhun_Rong,429
lukka,https://en.wikipedia.org/wiki/Lukka,429
lullubi,https://en.wikipedia.org/wiki/Lullubi,200
lullubum,https://en.wikipedia.org/wiki/Lullubum,429
luo,https://en.wikipedia.org/wiki/Luo,429
luwians,https://en.wikipedia.org/wiki/Luwians,429
luxembourg,https://en.wikipedia.org/wiki/Luxembourg,200
lycians,https://en.wikipedia.org/wiki/Lycians,429
lydia,https://en.wikipedia.org/wiki/Lydia,200
lydians,https://en.wikipedia.org/wiki/Lydians,200
lynkestis,https://en.wikipedia.org/wiki/Lynkestis,429
macedon,https://en.wikipedia.org/wiki/Macedon,200
macedonia,https://en.wikipedia.org/wiki/Macedonia,200
macedonian ally,https://en.wikipedia.org/wiki/Macedonian_Ally,429
madagascar,https://en.wikipedia.org/wiki/Madagascar,200
madra,https://en.wikipedia.org/wiki/Madra,429
maeotians,https://en.wikipedia.org/wiki/Maeotians,429
magadha,https://en.wikipedia.org/wiki/Magadha,200
magan,https://en.wikipedia.org/wiki/Magan,429
magnesia,https://en.wikipedia.org/wiki/Magnesia,200
malavas,https://en.wikipedia.org/wiki/Malavas,429
malawi,https://en.wikipedia.org/wiki/Malawi,200
malaysia,https://en.wikipedia.org/wiki/Malaysia,200
maldives,https://en.wikipedia.org/wiki/Maldives,200
mali,https://en.wikipedia.org/wiki/Mali,200
mali empire,https://en.wikipedia.org/wiki/Mali_Empire,200
malis,https://en.wikipedia.org/wiki/Malis,429
malla,https://en.wikipedia.org/wiki/Malla,429
malta,https://en.wikipedia.org/wiki/Malta,200
mama,https://en.wikipedia.org/wiki/Mama,429
mamertine mercenaries,https://en.wikipedia.org/wiki/Mamertine_Mercenaries,429
mamertines,https://en.wikipedia.org/wiki/Mamertines,429
manchurian peoples,https://en.wikipedia.org/wiki/Manchurian_Peoples,429
mannaea,https://en.wikipedia.org/wiki/Mannaea,200
manshi,https://en.wikipedia.org/wiki/Manshi,429
mantineia,https://en.wikipedia.org/wiki/Mantineia,200
mao,https://en.wikipedia.org/wiki/Mao,200
mao(2),https://en.wikipedia.org/wiki/Mao(2),429
margiana,https://en.wikipedia.org/wiki/Margiana,429
marrucini,https://en.wikipedia.org/wiki/Marrucini,429
marshall islands,https://en.wikipedia.org/wiki/Marshall_Islands,200
marsi,https://en.wikipedia.org/wiki/Marsi,200
masa,https://en.wikipedia.org/wiki/Masa,200
massagetai,https://en.wikipedia.org/wiki/Massagetai,429
matsya,https://en.wikipedia.org/wiki/Matsya,429
mauritania,https://en.wikipedia.org/wiki/Mauritania,200
mauritius,https://en.wikipedia.org/wiki/Mauritius,200
maurya,https://en.wikipedia.org/wiki/Maurya,429
maurya empire,https://en.wikipedia.org/wiki/Maurya_Empire,200
maya,https://en.wikipedia.org/wiki/Maya,429
medes,https://en.wikipedia.org/wiki/Medes,200
media,https://en.wikipedia.org/wiki/Media,200
median vassal,https://en.wikipedia.org/wiki/Median_Vassal,429
megalopolis,https://en.wikipedia.org/wiki/Megalopolis,200
megaris,https://en.wikipedia.org/wiki/Megaris,200
mercenaries of bithynia,https://en.wikipedia.org/wiki/Mercenaries_Of_Bithynia,429
mercenaries under agathocles,https://en.wikipedia.org/wiki/Mercenaries_Under_Agathocles,429
mercenaries under amyntas,https://en.wikipedia.org/wiki/Mercenaries_Under_Amyntas,429
mercenaries under cleonymus,https://en.wikipedia.org/wiki/Mercenaries_Under_Cleonymus,429
mercenaries under harpalus,https://en.wikipedia.org/wiki/Mercenaries_Under_Harpalus,429
mercenaries under leosthenes,https://en.wikipedia.org/wiki/Mercenaries_Under_Leosthenes,429
mercenaries under phalaecus,https://en.wikipedia.org/wiki/Mercenaries_Under_Phalaecus,429
mercenaries under thibron,https://en.wikipedia.org/wiki/Mercenaries_Under_Thibron,429
mesoamerican peoples,https://en.wikipedia.org/wiki/Mesoamerican_Peoples,429
mesopotamia,https://en.wikipedia.org/wiki/Mesopotamia,200
messapians,https://en.wikipedia.org/wiki/Messapians,429
messapii,https://en.wikipedia.org/wiki/Messapii,429
messenia,https://en.wikipedia.org/wiki/Messenia,200
mexico,https://en.wikipedia.org/wiki/Mexico,200
mianzhu,https://en.wikipedia.org/wiki/Mianzhu,429
micronesia,https://en.wikipedia.org/wiki/Micronesia,200
middle assyrian empire,https://en.wikipedia.org/wiki/Middle_Assyrian_Empire,200
middle east,https://en.wikipedia.org/wiki/Middle_East,200
minoans,https://en.wikipedia.org/wiki/Minoans,429
mithila,https://en.wikipedia.org/wiki/Mithila,429
mixtecs,https://en.wikipedia.org/wiki/Mixtecs,429
moabites,https://en.wikipedia.org/wiki/Moabites,429
moldova,https://en.wikipedia.org/wiki/Moldova,200
molossis,https://en.wikipedia.org/wiki/Molossis,429
mongol empire,https://en.wikipedia.org/wiki/Mongol_Empire,200
mongolia,https://en.wikipedia.org/wiki/Mongolia,200
moriya,https://en.wikipedia.org/wiki/Moriya,429
morocco,https://en.wikipedia.org/wiki/Morocco,200
moscow,https://en.wikipedia.org/wiki/Moscow,200
mou,https://en.wikipedia.org/wiki/Mou,429
mozambique,https://en.wikipedia.org/wiki/Mozambique,200
mulaka,https://en.wikipedia.org/wiki/Mulaka,429
musasir,https://en.wikipedia.org/wiki/Musasir,429
musicanus,https://en.wikipedia.org/wiki/Musicanus,429
musri,https://en.wikipedia.org/wiki/Musri,429
mutibas,https://en.wikipedia.org/wiki/Mutibas,429
mutinous troops,https://en.wikipedia.org/wiki/Mutinous_Troops,429
myanmar,https://en.wikipedia.org/wiki/Myanmar,200
mycenaean kingdoms,https://en.wikipedia.org/wiki/Mycenaean_Kingdoms,429
mycenaeans,https://en.wikipedia.org/wiki/Mycenaeans,429
mysians,https://en.wikipedia.org/wiki/Mysians,429
nabataean kingdom,https://en.wikipedia.org/wiki/Nabataean_Kingdom,200
nabataeans,https://en.wikipedia.org/wiki/Nabataeans,200
nairi,https://en.wikipedia.org/wiki/Nairi,200
namibia,https://en.wikipedia.org/wiki/Namibia,200
namri,https://en.wikipedia.org/wiki/Namri,429
nanda empire,https://en.wikipedia.org/wiki/Nanda_Empire,200
nanyan,https://en.wikipedia.org/wiki/Nanyan,429
nauru,https://en.wikipedia.org/wiki/Nauru,200
naxos,https://en.wikipedia.org/wiki/Naxos,200
near east,https://en.wikipedia.org/wiki/Near_East,200
neo assyrian empire,https://en.wikipedia.org/wiki/Neo_Assyrian_Empire,429
neo assyrian revolt,https://en.wikipedia.org/wiki/Neo_Assyrian_Revolt,429
neo assyrian tributary,https://en.wikipedia.org/wiki/Neo_Assyrian_Tributary,429
neo babylonian empire,https://en.wikipedia.org/wiki/Neo_Babylonian_Empire,429
neo babylonian empire tributary,https://en.wikipedia.org/wiki/Neo_Babylonian_Empire_Tributary,429
neo-assyrian empire,https://en.wikipedia.org/wiki/Neo-Assyrian_Empire,200
neo-babylonian empire,https://en.wikipedia.org/wiki/Neo-Babylonian_Empire,200
nepal,https://en.wikipedia.org/wiki/Nepal,200
netherlands,https://en.wikipedia.org/wiki/Netherlands,200
new hittite kingdom,https://en.wikipedia.org/wiki/New_Hittite_Kingdom,429
new york,https://en.wikipedia.org/wiki/New_York_City,200
new zealand,https://en.wikipedia.org/wiki/New_Zealand,200
ni,https://en.wikipedia.org/wiki/Ni,429
nicaragua,https://en.wikipedia.org/wiki/Nicaragua,200
niger,https://en.wikipedia.org/wiki/Niger,200
nigeria,https://en.wikipedia.org/wiki/Nigeria,200
nile valley,https://en.wikipedia.org/wiki/Nile,200
nilotic peoples,https://en.wikipedia.org/wiki/Nilotic_Peoples,429
nineveh,https://en.wikipedia.org/wiki/Nineveh,200
nok people,https://en.wikipedia.org/wiki/Nok_People,429
norte chico civilization,https://en.wikipedia.org/wiki/Norte_Chico_Civilization,429
north africa,https://en.wikipedia.org/wiki/North_Africa,200
north america,https://en.wikipedia.org/wiki/North_America,200
north arabian semites,https://en.wikipedia.org/wiki/North_Arabian_Semites,429
north korea,https://en.wikipedia.org/wiki/North_Korea,200
north macedonia,https://en.wikipedia.org/wiki/North_Macedonia,200
northern league,https://en.wikipedia.org/wiki/Northern_League,200
northern zone peoples,https://en.wikipedia.org/wiki/Northern_Zone_Peoples,429
northwest coast peoples,https://en.wikipedia.org/wiki/Northwest_Coast_Peoples,429
norway,https://en.wikipedia.org/wiki/Norway,200
nu,https://en.wikipedia.org/wiki/Nu,429
nubia,https://en.wikipedia.org/wiki/Nubia,200
nubians,https://en.wikipedia.org/wiki/Nubians,200
nuhashshi,https://en.wikipedia.org/wiki/Nuhashshi,429
numidians,https://en.wikipedia.org/wiki/Numidians,200
oceania,https://en.wikipedia.org/wiki/Oceania,200
odra,https://en.wikipedia.org/wiki/Odra,429
odrysia,https://en.wikipedia.org/wiki/Odrysia,429
odrysian kingdom,https://en.wikipedia.org/wiki/Odrysian_Kingdom,429
oetaea,https://en.wikipedia.org/wiki/Oetaea,429
old hittite kingdom,https://en.wikipedia.org/wiki/Old_Hittite_Kingdom,429
olmecs,https://en.wikipedia.org/wiki/Olmecs,200
oman,https://en.wikipedia.org/wiki/Oman,200
opuntian locris,https://en.wikipedia.org/wiki/Opuntian_Locris,429
oreitai,https://en.wikipedia.org/wiki/Oreitai,429
orestis,https://en.wikipedia.org/wiki/Orestis,429
ottoman empire,https://en.wikipedia.org/wiki/Ottoman_Empire,200
oxycanus,https://en.wikipedia.org/wiki/Oxycanus,429
ozolian locris,https://en.wikipedia.org/wiki/Ozolian_Locris,429
paeligni,https://en.wikipedia.org/wiki/Paeligni,429
paeonia,https://en.wikipedia.org/wiki/Paeonia,429
paeonians,https://en.wikipedia.org/wiki/Paeonians,200
paiones,https://en.wikipedia.org/wiki/Paiones,429
pakistan,https://en.wikipedia.org/wiki/Pakistan,200
pala,https://en.wikipedia.org/wiki/Pala,429
palau,https://en.wikipedia.org/wiki/Palau,200
paleosiberians,https://en.wikipedia.org/wiki/Paleosiberians,429
palestine,https://en.wikipedia.org/wiki/State_of_Palestine,200
pampas cultures,https://en.wikipedia.org/wiki/Pampas_Cultures,429
pamphylians,https://en.wikipedia.org/wiki/Pamphylians,429
panama,https://en.wikipedia.org/wiki/Panama,200
panchala,https://en.wikipedia.org/wiki/Panchala,200
pandya,https://en.wikipedia.org/wiki/Pandya,429
paphlagonia,https://en.wikipedia.org/wiki/Paphlagonia,429
papua new guinea,https://en.wikipedia.org/wiki/Papua_New_Guinea,200
papuans,https://en.wikipedia.org/wiki/Papuans,429
paraguay,https://en.wikipedia.org/wiki/Paraguay,200
parauaea,https://en.wikipedia.org/wiki/Parauaea,200
pardabathra,https://en.wikipedia.org/wiki/Pardabathra,429
paris,https://en.wikipedia.org/wiki/Paris,200
parsua,https://en.wikipedia.org/wiki/Parsua,429
parthia,https://en.wikipedia.org/wiki/Parthia,429
pashime,https://en.wikipedia.org/wiki/Pashime,429
patagonian peoples,https://en.wikipedia.org/wiki/Patagonian_Peoples,429
patin (unqi),https://en.wikipedia.org/wiki/Patin_(unqi),429
paurava,https://en.wikipedia.org/wiki/Paurava,429
pelagonia,https://en.wikipedia.org/wiki/Pelagonia,429
pelasgians,https://en.wikipedia.org/wiki/Pelasgians,200
peloponnesian league,https://en.wikipedia.org/wiki/Peloponnesian_League,200
peng,https://en.wikipedia.org/wiki/Peng,429
pengzhi,https://en.wikipedia.org/wiki/Pengzhi,429
pergamon,https://en.wikipedia.org/wiki/Pergamon,200
persepolis,https://en.wikipedia.org/wiki/Persepolis,200
persia,https://en.wikipedia.org/wiki/Persia,200
persia (ancient),https://en.wikipedia.org/wiki/Persia,200
persian empire,https://en.wikipedia.org/wiki/Persian_Empire,200
persian revolt,https://en.wikipedia.org/wiki/Persian_Revolt,429
persian vassal,https://en.wikipedia.org/wiki/Persian_Vassal,429
peru,https://en.wikipedia.org/wiki/Peru,200
peucetians,https://en.wikipedia.org/wiki/Peucetians,429
pharsalos,https://en.wikipedia.org/wiki/Pharsalos,429
pherae,https://en.wikipedia.org/wiki/Pherae,429
philippines,https://en.wikipedia.org/wiki/Philippines,200
philistia,https://en.wikipedia.org/wiki/Philistia,200
philistines,https://en.wikipedia.org/wiki/Philistines,200
phlius,https://en.wikipedia.org/wiki/Phlius,429
phocis,https://en.wikipedia.org/wiki/Phocis,200
phoenicia,https://en.wikipedia.org/wiki/Phoenicia,200
phoenicians,https://en.wikipedia.org/wiki/Phoenicians,200
phrygian kingdom,https://en.wikipedia.org/wiki/Phrygian_Kingdom,429
phrygians,https://en.wikipedia.org/wiki/Phrygians,200
pi,https://en.wikipedia.org/wiki/Pi,200
piceni,https://en.wikipedia.org/wiki/Piceni,429
picentes,https://en.wikipedia.org/wiki/Picentes,429
picenum,https://en.wikipedia.org/wiki/Picenum,429
ping zhou,https://en.wikipedia.org/wiki/Ping_Zhou,429
pirate mercenaries,https://en.wikipedia.org/wiki/Pirate_Mercenaries,429
pirates,https://en.wikipedia.org/wiki/Pirates,429
pisatis,https://en.wikipedia.org/wiki/Pisatis,429
pisidians,https://en.wikipedia.org/wiki/Pisidians,429
pitassa,https://en.wikipedia.org/wiki/Pitassa,429
plains peoples,https://en.wikipedia.org/wiki/Plains_Peoples,429
plateau peoples,https://en.wikipedia.org/wiki/Plateau_Peoples,429
plebian secession,https://en.wikipedia.org/wiki/Plebian_Secession,429
poland,https://en.wikipedia.org/wiki/Poland,200
pontians,https://en.wikipedia.org/wiki/Pontians,429
pontic steppe,https://en.wikipedia.org/wiki/Pontic–Caspian_steppe,ERROR: 'ascii' codec can't encode character '\u2013' in position 17: ordinal not in range(128)
pontus,https://en.wikipedia.org/wiki/Pontus,429
portugal,https://en.wikipedia.org/wiki/Portugal,200
poverty point culture,https://en.wikipedia.org/wiki/Poverty_Point_Culture,429
praeneste,https://en.wikipedia.org/wiki/Praeneste,429
proto-burmese,https://en.wikipedia.org/wiki/Proto-Burmese,429
proto-canaanites,https://en.wikipedia.org/wiki/Proto-Canaanites,429
proto-ethiopians,https://en.wikipedia.org/wiki/Proto-Ethiopians,429
proto-greeks,https://en.wikipedia.org/wiki/Proto-Greeks,429
proto-mongol peoples,https://en.wikipedia.org/wiki/Proto-Mongol_Peoples,429
proto-tibetans,https://en.wikipedia.org/wiki/Proto-Tibetans,429
proto-turkic peoples,https://en.wikipedia.org/wiki/Proto-Turkic_Peoples,429
ptolemaic ally,https://en.wikipedia.org/wiki/Ptolemaic_Ally,429
ptolemaic kingdom,https://en.wikipedia.org/wiki/Ptolemaic_Kingdom,200
pu,https://en.wikipedia.org/wiki/Pu,429
pugu,https://en.wikipedia.org/wiki/Pugu,429
pulinda,https://en.wikipedia.org/wiki/Pulinda,429
pundra,https://en.wikipedia.org/wiki/Pundra,429
punt,https://en.wikipedia.org/wiki/Punt,429
qatar,https://en.wikipedia.org/wiki/Qatar,200
qedarite confederation,https://en.wikipedia.org/wiki/Qedarite_Confederation,429
qedarites,https://en.wikipedia.org/wiki/Qedarites,429
qi,https://en.wikipedia.org/wiki/Qi,200
qi(2),https://en.wikipedia.org/wiki/Qi(2),429
qi(3),https://en.wikipedia.org/wiki/Qi(3),429
qiang,https://en.wikipedia.org/wiki/Qiang,200
qin,https://en.wikipedia.org/wiki/Qin,429
qiuyou,https://en.wikipedia.org/wiki/Qiuyou,429
qu,https://en.wikipedia.org/wiki/Qu,429
quaman,https://en.wikipedia.org/wiki/Quaman,429
quan,https://en.wikipedia.org/wiki/Quan,200
quanrong,https://en.wikipedia.org/wiki/Quanrong,429
que,https://en.wikipedia.org/wiki/Que,200
quwo,https://en.wikipedia.org/wiki/Quwo,429
rang,https://en.wikipedia.org/wiki/Rang,429
rathikas,https://en.wikipedia.org/wiki/Rathikas,429
rebel aranzik,https://en.wikipedia.org/wiki/Rebel_Aranzik,429
rebel irridu,https://en.wikipedia.org/wiki/Rebel_Irridu,429
rebel israelites,https://en.wikipedia.org/wiki/Rebel_Israelites,429
red di,https://en.wikipedia.org/wiki/Red_Di,429
ren,https://en.wikipedia.org/wiki/Ren,429
revolt,https://en.wikipedia.org/wiki/Revolt,429
revolt of antigonus,https://en.wikipedia.org/wiki/Revolt_Of_Antigonus,429
revolt of antipater,https://en.wikipedia.org/wiki/Revolt_Of_Antipater,429
revolt of ariobarzanes,https://en.wikipedia.org/wiki/Revolt_Of_Ariobarzanes,429
revolt of artabazus,https://en.wikipedia.org/wiki/Revolt_Of_Artabazus,429
revolt of autophradates,https://en.wikipedia.org/wiki/Revolt_Of_Autophradates,429
revolt of cyrus the younger,https://en.wikipedia.org/wiki/Revolt_Of_Cyrus_The_Younger,429
revolt of datames,https://en.wikipedia.org/wiki/Revolt_Of_Datames,429
revolt of eumenes,https://en.wikipedia.org/wiki/Revolt_Of_Eumenes,429
revolt of hermias,https://en.wikipedia.org/wiki/Revolt_Of_Hermias,429
revolt of hua clan,https://en.wikipedia.org/wiki/Revolt_Of_Hua_Clan,429
revolt of inaros,https://en.wikipedia.org/wiki/Revolt_Of_Inaros,429
revolt of khababash,https://en.wikipedia.org/wiki/Revolt_Of_Khababash,429
revolt of luan,https://en.wikipedia.org/wiki/Revolt_Of_Luan,429
revolt of lysimachus,https://en.wikipedia.org/wiki/Revolt_Of_Lysimachus,429
revolt of mausolus,https://en.wikipedia.org/wiki/Revolt_Of_Mausolus,429
revolt of orontes,https://en.wikipedia.org/wiki/Revolt_Of_Orontes,429
revolt of pissuthnes,https://en.wikipedia.org/wiki/Revolt_Of_Pissuthnes,429
revolt of ptolemy,https://en.wikipedia.org/wiki/Revolt_Of_Ptolemy,429
revolt of wangzi tui,https://en.wikipedia.org/wiki/Revolt_Of_Wangzi_Tui,429
revolt of wangzi zhao,https://en.wikipedia.org/wiki/Revolt_Of_Wangzi_Zhao,429
rhegion,https://en.wikipedia.org/wiki/Rhegion,429
rhodos,https://en.wikipedia.org/wiki/Rhodos,200
roman ally,https://en.wikipedia.org/wiki/Roman_Ally,429
roman empire,https://en.wikipedia.org/wiki/Roman_Empire,200
roman latin colony,https://en.wikipedia.org/wiki/Roman_Latin_Colony,429
roman republic,https://en.wikipedia.org/wiki/Roman_Republic,200
romania,https://en.wikipedia.org/wiki/Romania,200
rome,https://en.wikipedia.org/wiki/Rome,200
rong,https://en.wikipedia.org/wiki/Rong,429
rui,https://en.wikipedia.org/wiki/Rui,429
ruo,https://en.wikipedia.org/wiki/Ruo,429
ruo'ao revolt,https://en.wikipedia.org/wiki/Ruo'ao_Revolt,429
russia,https://en.wikipedia.org/wiki/Russia,200
rwanda,https://en.wikipedia.org/wiki/Rwanda,200
saba,https://en.wikipedia.org/wiki/Saba,429
sabines,https://en.wikipedia.org/wiki/Sabines,429
sabini,https://en.wikipedia.org/wiki/Sabini,429
saharan peoples,https://en.wikipedia.org/wiki/Saharan_Peoples,429
sakas,https://en.wikipedia.org/wiki/Sakas,429
sakya,https://en.wikipedia.org/wiki/Sakya,200
salamis,https://en.wikipedia.org/wiki/Salamis,429
salva,https://en.wikipedia.org/wiki/Salva,429
salwa,https://en.wikipedia.org/wiki/Salwa,429
sambus,https://en.wikipedia.org/wiki/Sambus,429
samian thalassocracy,https://en.wikipedia.org/wiki/Samian_Thalassocracy,429
samnite ally,https://en.wikipedia.org/wiki/Samnite_Ally,429
samnite confederation,https://en.wikipedia.org/wiki/Samnite_Confederation,429
samnites,https://en.wikipedia.org/wiki/Samnites,200
samnium,https://en.wikipedia.org/wiki/Samnium,429
samoa,https://en.wikipedia.org/wiki/Samoa,200
samos,https://en.wikipedia.org/wiki/Samos,200
san marino,https://en.wikipedia.org/wiki/San_Marino,200
sanxingdui culture,https://en.wikipedia.org/wiki/Sanxingdui_Culture,429
sardinians,https://en.wikipedia.org/wiki/Sardinians,429
sattagydia,https://en.wikipedia.org/wiki/Sattagydia,429
sattyaputas,https://en.wikipedia.org/wiki/Sattyaputas,429
saudi arabia,https://en.wikipedia.org/wiki/Saudi_Arabia,200
saurashtra,https://en.wikipedia.org/wiki/Saurashtra,429
sauromatians,https://en.wikipedia.org/wiki/Sauromatians,429
sauvira,https://en.wikipedia.org/wiki/Sauvira,429
savanna peoples,https://en.wikipedia.org/wiki/Savanna_Peoples,429
savaras,https://en.wikipedia.org/wiki/Savaras,429
scotland,https://en.wikipedia.org/wiki/Scotland,200
scythia,https://en.wikipedia.org/wiki/Scythia,200
scythians,https://en.wikipedia.org/wiki/Scythians,200
sea peoples,https://en.wikipedia.org/wiki/Sea_Peoples,200
sealand,https://en.wikipedia.org/wiki/Sealand,429
second athenian league,https://en.wikipedia.org/wiki/Second_Athenian_League,429
seleucid ally,https://en.wikipedia.org/wiki/Seleucid_Ally,429
seleucid kingdom,https://en.wikipedia.org/wiki/Seleucid_Kingdom,429
semitic nomads,https://en.wikipedia.org/wiki/Semitic_Nomads,429
senegal,https://en.wikipedia.org/wiki/Senegal,200
serbia,https://en.wikipedia.org/wiki/Serbia,200
seychelles,https://en.wikipedia.org/wiki/Seychelles,200
shang,https://en.wikipedia.org/wiki/Shang,429
shang dynasty,https://en.wikipedia.org/wiki/Shang_Dynasty,429
shanrong,https://en.wikipedia.org/wiki/Shanrong,429
shao,https://en.wikipedia.org/wiki/Shao,200
shen,https://en.wikipedia.org/wiki/Shen,429
shen(2),https://en.wikipedia.org/wiki/Shen(2),429
shi,https://en.wikipedia.org/wiki/Shi,429
shimashki,https://en.wikipedia.org/wiki/Shimashki,429
shinuhtu,https://en.wikipedia.org/wiki/Shinuhtu,429
shu,https://en.wikipedia.org/wiki/Shu,200
shu bao,https://en.wikipedia.org/wiki/Shu_Bao,429
shu jiu,https://en.wikipedia.org/wiki/Shu_Jiu,429
shu long,https://en.wikipedia.org/wiki/Shu_Long,429
shu yong,https://en.wikipedia.org/wiki/Shu_Yong,429
shu(2),https://en.wikipedia.org/wiki/Shu(2),429
shubria,https://en.wikipedia.org/wiki/Shubria,429
shurparaka,https://en.wikipedia.org/wiki/Shurparaka,429
sicans,https://en.wikipedia.org/wiki/Sicans,429
sicelia,https://en.wikipedia.org/wiki/Sicelia,429
sicels,https://en.wikipedia.org/wiki/Sicels,200
sicyon,https://en.wikipedia.org/wiki/Sicyon,200
sidicini,https://en.wikipedia.org/wiki/Sidicini,200
sierra leone,https://en.wikipedia.org/wiki/Sierra_Leone,200
sikanoi,https://en.wikipedia.org/wiki/Sikanoi,429
sikeloi,https://en.wikipedia.org/wiki/Sikeloi,429
silk road,https://en.wikipedia.org/wiki/Silk_Road,200
simurrum,https://en.wikipedia.org/wiki/Simurrum,429
sindhu,https://en.wikipedia.org/wiki/Sindhu,429
singapore,https://en.wikipedia.org/wiki/Singapore,200
sinope,https://en.wikipedia.org/wiki/Sinope,200
sivi,https://en.wikipedia.org/wiki/Sivi,429
slavs,https://en.wikipedia.org/wiki/Slavs,200
slovakia,https://en.wikipedia.org/wiki/Slovakia,200
slovenia,https://en.wikipedia.org/wiki/Slovenia,200
sogdians,https://en.wikipedia.org/wiki/Sogdians,200
solomon islands,https://en.wikipedia.org/wiki/Solomon_Islands,200
somalia,https://en.wikipedia.org/wiki/Somalia,200
song,https://en.wikipedia.org/wiki/Song,200
south africa,https://en.wikipedia.org/wiki/South_Africa,200
south america,https://en.wikipedia.org/wiki/South_America,200
south china peoples,https://en.wikipedia.org/wiki/South_China_Peoples,429
south korea,https://en.wikipedia.org/wiki/South_Korea,200
spain,https://en.wikipedia.org/wiki/Spain,200
spratly islands,https://en.wikipedia.org/wiki/Spratly_Islands,200
sri lanka,https://en.wikipedia.org/wiki/Sri_Lanka,200
st. kitts and nevis,https://en.wikipedia.org/wiki/St._Kitts_And_Nevis,429
st. lucia,https://en.wikipedia.org/wiki/St._Lucia,200
st. vincent and the grenadines,https://en.wikipedia.org/wiki/St._Vincent_And_The_Grenadines,429
stasis,https://en.wikipedia.org/wiki/Stasis,429
steppe,https://en.wikipedia.org/wiki/Eurasian_Steppe,200
su,https://en.wikipedia.org/wiki/Su,429
sub-saharan africa,https://en.wikipedia.org/wiki/Sub-Saharan_Africa,200
subarctic peoples,https://en.wikipedia.org/wiki/Subarctic_Peoples,429
subartum,https://en.wikipedia.org/wiki/Subartum,429
succession struggle,https://en.wikipedia.org/wiki/Succession_Struggle,429
sudan,https://en.wikipedia.org/wiki/Sudan,200
suhma,https://en.wikipedia.org/wiki/Suhma,429
suhne,https://en.wikipedia.org/wiki/Suhne,429
suhu,https://en.wikipedia.org/wiki/Suhu,429
sui,https://en.wikipedia.org/wiki/Sui,200
sui(2),https://en.wikipedia.org/wiki/Sui(2),429
sumer,https://en.wikipedia.org/wiki/Sumer,200
surasena,https://en.wikipedia.org/wiki/Surasena,200
suriname,https://en.wikipedia.org/wiki/Suriname,200
swaziland,https://en.wikipedia.org/wiki/Swaziland,200
sweden,https://en.wikipedia.org/wiki/Sweden,200
switzerland,https://en.wikipedia.org/wiki/Switzerland,200
syracuse,https://en.wikipedia.org/wiki/Syracuse,429
syracuse exiles,https://en.wikipedia.org/wiki/Syracuse_Exiles,429
syria,https://en.wikipedia.org/wiki/Syria,200
são tomé and príncipe,https://en.wikipedia.org/wiki/São_Tomé_And_Príncipe,ERROR: 'ascii' codec can't encode character '\xe3' in position 12: ordinal not in range(128)
tabal,https://en.wikipedia.org/wiki/Tabal,429
taiwan,https://en.wikipedia.org/wiki/Taiwan,200
tajikistan,https://en.wikipedia.org/wiki/Tajikistan,200
tan,https://en.wikipedia.org/wiki/Tan,429
tan(2),https://en.wikipedia.org/wiki/Tan(2),429
tanagra,https://en.wikipedia.org/wiki/Tanagra,429
tang,https://en.wikipedia.org/wiki/Tang,429
tanzania,https://en.wikipedia.org/wiki/Tanzania,200
taras,https://en.wikipedia.org/wiki/Taras,429
tarhuntassa,https://en.wikipedia.org/wiki/Tarhuntassa,200
tartessos,https://en.wikipedia.org/wiki/Tartessos,200
taulanti,https://en.wikipedia.org/wiki/Taulanti,429
tauromenion,https://en.wikipedia.org/wiki/Tauromenion,429
taxila,https://en.wikipedia.org/wiki/Taxila,200
tegea,https://en.wikipedia.org/wiki/Tegea,200
tehran,https://en.wikipedia.org/wiki/Tehran,200
teng,https://en.wikipedia.org/wiki/Teng,429
terramare culture,https://en.wikipedia.org/wiki/Terramare_Culture,429
teutons,https://en.wikipedia.org/wiki/Teutons,200
thai peoples,https://en.wikipedia.org/wiki/Thai_Peoples,429
thailand,https://en.wikipedia.org/wiki/Thailand,200
the netherlands,https://en.wikipedia.org/wiki/The_Netherlands,200
theban ally,https://en.wikipedia.org/wiki/Theban_Ally,429
thebes,https://en.wikipedia.org/wiki/Thebes,429
thespiae,https://en.wikipedia.org/wiki/Thespiae,429
thesprotia,https://en.wikipedia.org/wiki/Thesprotia,429
thesprotians,https://en.wikipedia.org/wiki/Thesprotians,200
thessaly,https://en.wikipedia.org/wiki/Thessaly,200
thrace,https://en.wikipedia.org/wiki/Thrace,200
thracians,https://en.wikipedia.org/wiki/Thracians,200
thraco cimmerians,https://en.wikipedia.org/wiki/Thraco_Cimmerians,429
thraikes,https://en.wikipedia.org/wiki/Thraikes,429
three guards rebellion,https://en.wikipedia.org/wiki/Three_Guards_Rebellion,429
three yi tribes,https://en.wikipedia.org/wiki/Three_Yi_Tribes,429
thyni,https://en.wikipedia.org/wiki/Thyni,429
tian clan,https://en.wikipedia.org/wiki/Tian_Clan,429
tian qi,https://en.wikipedia.org/wiki/Tian_Qi,429
tibur,https://en.wikipedia.org/wiki/Tibur,429
togo,https://en.wikipedia.org/wiki/Togo,200
tong,https://en.wikipedia.org/wiki/Tong,200
tonga,https://en.wikipedia.org/wiki/Tonga,200
triballi,https://en.wikipedia.org/wiki/Triballi,429
trigarta,https://en.wikipedia.org/wiki/Trigarta,429
trinidad and tobago,https://en.wikipedia.org/wiki/Trinidad_And_Tobago,429
triphylia,https://en.wikipedia.org/wiki/Triphylia,429
troezen,https://en.wikipedia.org/wiki/Troezen,429
tuhe,https://en.wikipedia.org/wiki/Tuhe,429
tummanna,https://en.wikipedia.org/wiki/Tummanna,429
tunisia,https://en.wikipedia.org/wiki/Tunisia,200
turkey,https://en.wikipedia.org/wiki/Turkey,200
turkmenistan,https://en.wikipedia.org/wiki/Turkmenistan,200
turks and caicos islands,https://en.wikipedia.org/wiki/Turks_And_Caicos_Islands,429
tuvalu,https://en.wikipedia.org/wiki/Tuvalu,200
tuwana,https://en.wikipedia.org/wiki/Tuwana,429
tymphaea,https://en.wikipedia.org/wiki/Tymphaea,429
tyranny of syracuse,https://en.wikipedia.org/wiki/Tyranny_Of_Syracuse,429
uae,https://en.wikipedia.org/wiki/United_Arab_Emirates,200
uelikukhi,https://en.wikipedia.org/wiki/Uelikukhi,429
uganda,https://en.wikipedia.org/wiki/Uganda,200
ugrians,https://en.wikipedia.org/wiki/Ugrians,429
ukraine,https://en.wikipedia.org/wiki/Ukraine,200
umbri,https://en.wikipedia.org/wiki/Umbri,429
umbria,https://en.wikipedia.org/wiki/Umbria,200
umbrii,https://en.wikipedia.org/wiki/Umbrii,429
umma,https://en.wikipedia.org/wiki/Umma,200
united arab emirates,https://en.wikipedia.org/wiki/United_Arab_Emirates,200
united kingdom,https://en.wikipedia.org/wiki/United_Kingdom,200
united states,https://en.wikipedia.org/wiki/United_States,200
ur,https://en.wikipedia.org/wiki/Ur,200
ur iii tributary,https://en.wikipedia.org/wiki/Ur_Iii_Tributary,429
urartu,https://en.wikipedia.org/wiki/Urartu,200
urartu tributary,https://en.wikipedia.org/wiki/Urartu_Tributary,429
uruguay,https://en.wikipedia.org/wiki/Uruguay,200
usinara,https://en.wikipedia.org/wiki/Usinara,429
utica,https://en.wikipedia.org/wiki/Utica,429
utkala,https://en.wikipedia.org/wiki/Utkala,429
uzbekistan,https://en.wikipedia.org/wiki/Uzbekistan,200
vajjika league,https://en.wikipedia.org/wiki/Vajjika_League,429
valdivia culture,https://en.wikipedia.org/wiki/Valdivia_Culture,429
vanga,https://en.wikipedia.org/wiki/Vanga,429
vanuatu,https://en.wikipedia.org/wiki/Vanuatu,200
vatsa,https://en.wikipedia.org/wiki/Vatsa,429
vemaka,https://en.wikipedia.org/wiki/Vemaka,429
veneti,https://en.wikipedia.org/wiki/Veneti,200
venezuela,https://en.wikipedia.org/wiki/Venezuela,200
vestini,https://en.wikipedia.org/wiki/Vestini,429
vidarbha,https://en.wikipedia.org/wiki/Vidarbha,429
videha,https://en.wikipedia.org/wiki/Videha,200
vietnam,https://en.wikipedia.org/wiki/Vietnam,200
vitihotras,https://en.wikipedia.org/wiki/Vitihotras,429
volga battle axe culture,https://en.wikipedia.org/wiki/Volga_Battle_Axe_Culture,429
volsci,https://en.wikipedia.org/wiki/Volsci,429
vriji,https://en.wikipedia.org/wiki/Vriji,429
wahsusana,https://en.wikipedia.org/wiki/Wahsusana,429
wales,https://en.wikipedia.org/wiki/Wales,200
wei,https://en.wikipedia.org/wiki/Wei,429
wei clan,https://en.wikipedia.org/wiki/Wei_Clan,429
wen,https://en.wikipedia.org/wiki/Wen,429
west african peoples,https://en.wikipedia.org/wiki/West_African_Peoples,429
western guo,https://en.wikipedia.org/wiki/Western_Guo,429
western mediterraneans,https://en.wikipedia.org/wiki/Western_Mediterraneans,429
western odrysia,https://en.wikipedia.org/wiki/Western_Odrysia,429
western rong,https://en.wikipedia.org/wiki/Western_Rong,429
wey,https://en.wikipedia.org/wiki/Wey,200
white di,https://en.wikipedia.org/wiki/White_Di,429
wilusa,https://en.wikipedia.org/wiki/Wilusa,429
wu,https://en.wikipedia.org/wiki/Wu,429
wucheng culture,https://en.wikipedia.org/wiki/Wucheng_Culture,429
wushi rong,https://en.wikipedia.org/wiki/Wushi_Rong,429
wuzhong,https://en.wikipedia.org/wiki/Wuzhong,429
xi,https://en.wikipedia.org/wiki/Xi,429
xia dynasty,https://en.wikipedia.org/wiki/Xia_Dynasty,429
xian,https://en.wikipedia.org/wiki/Xian,200
xian peoples,https://en.wikipedia.org/wiki/Xian_Peoples,429
xiang,https://en.wikipedia.org/wiki/Xiang,429
xiang(2),https://en.wikipedia.org/wiki/Xiang(2),429
xianyu,https://en.wikipedia.org/wiki/Xianyu,429
xiao,https://en.wikipedia.org/wiki/Xiao,429
xing,https://en.wikipedia.org/wiki/Xing,429
xirong,https://en.wikipedia.org/wiki/Xirong,429
xu,https://en.wikipedia.org/wiki/Xu,429
xu(2),https://en.wikipedia.org/wiki/Xu(2),429
xue,https://en.wikipedia.org/wiki/Xue,429
xun,https://en.wikipedia.org/wiki/Xun,429
xuqu,https://en.wikipedia.org/wiki/Xuqu,429
yaminites,https://en.wikipedia.org/wiki/Yaminites,429
yamkhad,https://en.wikipedia.org/wiki/Yamkhad,429
yan,https://en.wikipedia.org/wiki/Yan,200
yan(2),https://en.wikipedia.org/wiki/Yan(2),429
yan(3),https://en.wikipedia.org/wiki/Yan(3),429
yang,https://en.wikipedia.org/wiki/Yang,429
yang(2),https://en.wikipedia.org/wiki/Yang(2),429
yangyue,https://en.wikipedia.org/wiki/Yangyue,429
yaudheya,https://en.wikipedia.org/wiki/Yaudheya,200
yemen,https://en.wikipedia.org/wiki/Yemen,200
yi,https://en.wikipedia.org/wiki/Yi,200
yi-luo rong,https://en.wikipedia.org/wiki/Yi-Luo_Rong,429
yihu,https://en.wikipedia.org/wiki/Yihu,429
ying,https://en.wikipedia.org/wiki/Ying,429
yingshi,https://en.wikipedia.org/wiki/Yingshi,429
yiqu,https://en.wikipedia.org/wiki/Yiqu,429
yong,https://en.wikipedia.org/wiki/Yong,200
yu,https://en.wikipedia.org/wiki/Yu,429
yu(2),https://en.wikipedia.org/wiki/Yu(2),429
yu(3),https://en.wikipedia.org/wiki/Yu(3),429
yue,https://en.wikipedia.org/wiki/Yue,429
yue peoples,https://en.wikipedia.org/wiki/Yue_Peoples,429
yueshi culture,https://en.wikipedia.org/wiki/Yueshi_Culture,429
yuezhi,https://en.wikipedia.org/wiki/Yuezhi,200
yugoslavia,https://en.wikipedia.org/wiki/Yugoslavia,200
yun,https://en.wikipedia.org/wiki/Yun,429
yuqui,https://en.wikipedia.org/wiki/Yuqui,429
zabakhi,https://en.wikipedia.org/wiki/Zabakhi,429
zahara,https://en.wikipedia.org/wiki/Zahara,429
zaire,https://en.wikipedia.org/wiki/Zaire,200
zalmaqum,https://en.wikipedia.org/wiki/Zalmaqum,429
zambia,https://en.wikipedia.org/wiki/Zambia,200
zamua,https://en.wikipedia.org/wiki/Zamua,200
zapotecs,https://en.wikipedia.org/wiki/Zapotecs,429
zeng,https://en.wikipedia.org/wiki/Zeng,200
zeng(2),https://en.wikipedia.org/wiki/Zeng(2),429
zhang,https://en.wikipedia.org/wiki/Zhang,429
zhangzhung,https://en.wikipedia.org/wiki/Zhangzhung,429
zhao,https://en.wikipedia.org/wiki/Zhao,429
zhao clan,https://en.wikipedia.org/wiki/Zhao_Clan,429
zhen,https://en.wikipedia.org/wiki/Zhen,429
zheng,https://en.wikipedia.org/wiki/Zheng,200
zhi clan,https://en.wikipedia.org/wiki/Zhi_Clan,429
zhonghang clan,https://en.wikipedia.org/wiki/Zhonghang_Clan,429
zhongli,https://en.wikipedia.org/wiki/Zhongli,429
zhongshan,https://en.wikipedia.org/wiki/Zhongshan,200
zhongwu,https://en.wikipedia.org/wiki/Zhongwu,429
zhou,https://en.wikipedia.org/wiki/Zhou,429
zhou dynasty,https://en.wikipedia.org/wiki/Zhou_Dynasty,429
zhou(2),https://en.wikipedia.org/wiki/Zhou(2),429
zhou(3),https://en.wikipedia.org/wiki/Zhou(3),429
zhoulai,https://en.wikipedia.org/wiki/Zhoulai,429
zhu,https://en.wikipedia.org/wiki/Zhu,429
zhu(2),https://en.wikipedia.org/wiki/Zhu(2),429
zhu(3),https://en.wikipedia.org/wiki/Zhu(3),429
zhuan,https://en.wikipedia.org/wiki/Zhuan,429
zhuanyu,https://en.wikipedia.org/wiki/Zhuanyu,429
zimbabwe,https://en.wikipedia.org/wiki/Zimbabwe,200
zippasla,https://en.wikipedia.org/wiki/Zippasla,429
zong,https://en.wikipedia.org/wiki/Zong,429
zuo,https://en.wikipedia.org/wiki/Zuo,429
